"lat","lon"
-33.907734,25.5544
-33.910441,25.555531
-33.910902,25.553066
-33.908872,25.55266
-33.910655,25.547553
-33.9120166667,25.5413866667
-33.909441,25.54607
-33.906135,25.547939
-33.906051,25.551743
-33.9091583333,25.5420583333
-33.910557,25.538727
-33.907721,25.539237
-33.905915,25.540957
-33.907363,25.54244
-33.904622,25.544308
-33.903531,25.548189
-33.901628,25.546569
-33.9020933333,25.5434233333
-33.909751,25.549899
-33.911478,25.535508
-33.914263,25.532189
-33.915837,25.533853
-33.913565,25.536604
-25.3529516667,31.6463316667
-25.37138,31.6383383333
-25.342125,31.635444
-25.363075,31.6687116667
-25.3565283333,31.626065
-25.346003,31.618135
-25.3481633333,31.6569733333
-25.360839,31.637771
-25.370371,31.621675
-25.3370533333,31.6249516667
-25.279837,31.551397
-25.3339083333,31.6600716667
-25.3500516667,31.6349
-25.3790483333,31.6524166667
-25.3577716667,31.6170716667
-25.364365,31.629235
-25.3518833333,31.66928
-25.3341716667,31.6474216667
-25.3588233333,31.6576516667
-25.377787,31.630915
-25.382595,31.6399966667
-25.37229,31.6626716667
-25.3431933333,31.6490983333
-25.3260433333,31.6362866667
-25.371875,31.6523416667
-25.36575,31.6125466667
-25.3682033333,31.6021166667
-25.3782233333,31.6034883333
-25.3744366667,31.5906083333
-25.3703616667,31.5719116667
-25.3652466667,31.5607166667
-25.3543733333,31.585015
-25.354195,31.522397
-25.3782933333,31.6035216667
-25.3340983333,31.5792266667
-25.328655,31.591508
-25.358568,31.604943
-25.380135,31.6182183333
-25.34041,31.586465
-25.3632183333,31.5491566667
-25.3424316667,31.6677933333
-25.3629683333,31.5379516667
-25.365825,31.582507
-25.359225,31.5728183333
-25.34586,31.57574
-25.3188216667,31.5386833333
-25.312495,31.5624133333
-25.3243583333,31.5740316667
-25.3228083333,31.5818416667
-25.338365,31.5991516667
-25.3464216667,31.6079116667
-25.303995,31.536935
-25.3422,31.6354583333
-25.3309766667,31.5664533333
-25.33697,31.552495
-25.3407783333,31.5385216667
-25.342275,31.5639816667
-25.3503866667,31.5959483333
-25.35093,31.53634
-25.3410383333,31.5251333333
-25.3276916667,31.5301966667
-25.3260866667,31.5572866667
-25.3490633333,31.5509983333
-25.325225,31.6061616667
-25.3296433333,31.5411816667
-25.36189,31.59363
-25.3183666667,31.5508083333
-25.3353216667,31.6117116667
-25.38556,31.6061733333
-25.3505816667,31.59601
-25.25798,31.52757
-25.38254,31.5896366667
-25.3342833333,31.6473633333
-25.354405,31.560145
-25.385305,31.5969133333
-25.3265366667,31.620925
-25.267772,31.52565
-25.3565716667,31.626035
-25.243342,31.493803
-25.3650183333,31.64589
-25.231032,31.520307
-25.2281,31.508593
-25.3777316667,31.6308866667
-25.264501,31.600995
-25.250178,31.540537
-25.259184,31.566981
-25.465355,31.4330216667
-25.46193,31.44526
-25.461538,31.454888
-25.4484983333,31.4681666667
-25.4556116667,31.45606
-25.4521433333,31.4407666667
-25.4599033333,31.42262
-25.448765,31.42532
-25.443355,31.4649266667
-25.432675,31.4566
-25.43351,31.435565
-25.440697,31.430065
-25.443782,31.406995
-25.4340833333,31.3969616667
-25.40698,31.4467383333
-25.3846816667,31.438515
-25.4002033333,31.4013566667
-25.424573,31.431018
-25.431065,31.407042
-25.4272283333,31.4196333333
-25.4106683333,31.4347316667
-25.458795,31.4654666667
-25.4163533333,31.4530166667
-25.3927566667,31.4210416667
-25.407115,31.42016
-25.410085,31.39047
-25.4695816667,31.4652133333
-25.4173383333,31.4072933333
-25.442145,31.4524083333
-25.427545,31.393508
-25.4156716667,31.4126283333
41.07223,-80.6712583333
41.0717333333,-80.6454116667
41.0681966667,-80.6416116667
41.072065,-80.6422083333
41.06498,-80.6556966667
41.0666666667,-80.661725
41.06051,-80.657155
41.06638,-80.6658816667
41.0759083333,-80.645845
41.07904,-80.65937
41.071312,-80.656956
41.0734066667,-80.6517216667
41.0785466667,-80.6426183333
41.0783133333,-80.66367
41.07202,-80.661969
41.0708,-80.6763483333
41.0759116667,-80.6573383333
42.2641983333,-71.7863116667
42.266525,-71.79062
42.2700766667,-71.7914533333
42.2739083333,-71.79335
42.2716133333,-71.7878633333
42.27774,-71.7945666667
42.2798066667,-71.7907716667
42.2669233333,-71.784405
42.2720716667,-71.7796166667
42.2766233333,-71.7774433333
42.2716116667,-71.7754466667
42.2709983333,-71.7696883333
42.26591,-71.7703633333
42.2622333333,-71.772625
42.2600416667,-71.78364
42.2601633333,-71.7956833333
42.2565183333,-71.7975866667
42.25651,-71.7827133333
42.2572316667,-71.7738066667
42.254565,-71.7784683333
42.2527916667,-71.77555
42.25157,-71.790595
42.2547333333,-71.7926633333
42.25028,-71.792155
42.24932,-71.7849016667
-9999,-9999
42.2463,-71.78182
42.244515,-71.7851933333
42.2410783333,-71.7907566667
42.2428966667,-71.7951633333
42.2430283333,-71.8008783333
42.2385716667,-71.7962866667
42.2709366667,-71.7979983333
42.271885,-71.800332
42.2736366667,-71.81057
42.2723233333,-71.8055566667
42.2705116667,-71.8145316667
42.2444583333,-71.804515
42.2425433333,-71.811375
42.2435033333,-71.8177616667
42.243285,-71.8236883333
42.2510483333,-71.832115
42.2516866667,-71.8231733333
42.2547916667,-71.828065
42.2582216667,-71.82375
42.2623416667,-71.8193983333
42.26789,-71.79622
42.2625833333,-71.7993533333
42.2665666667,-71.8007
42.2692183333,-71.8035716667
42.266873,-71.809977
42.2592216667,-71.8151216667
42.25928,-71.80326
42.2628816667,-71.80678
42.25425,-71.8178166667
42.2492033333,-71.809855
42.2509933333,-71.8039116667
42.2499766667,-71.8148883333
42.2647966667,-71.8020283333
42.269015,-71.80722
42.24786,-71.8351983333
42.2437216667,-71.8279583333
42.2662716667,-71.8174233333
42.2441733333,-71.8356016667
42.25265,-71.7833866667
42.247645,-71.8241566667
42.24665,-71.79492
42.2390283333,-71.792325
42.2755516667,-71.7843433333
42.2667683333,-71.77783
42.261335,-71.7786433333
42.25576,-71.7872316667
42.2506516667,-71.7780316667
42.2806333333,-71.7768866667
42.2796416667,-71.7795116667
42.2825583333,-71.7794183333
42.28152,-71.78248
42.28213,-71.78647
42.2768533333,-71.783815
42.280282,-71.795805
42.28416,-71.796855
42.2879916667,-71.7946616667
42.2895583333,-71.7905283333
42.2898116667,-71.78604
42.287535,-71.785325
42.2857383333,-71.7905416667
42.2764983333,-71.79885
42.28291,-71.7936416667
42.28211,-71.7901033333
42.28791,-71.788605
42.2927016667,-71.783155
42.2933683333,-71.79069
42.2965016667,-71.7888516667
42.3002966667,-71.7894133333
42.303425,-71.7895433333
42.3066233333,-71.7891083333
42.308825,-71.7845983333
42.3115883333,-71.7751266667
42.3137283333,-71.7705816667
42.309175,-71.7691083333
42.3080683333,-71.7750983333
42.3042083333,-71.77044
42.30671291,-71.77176374
42.3050966667,-71.7676166667
42.3031866667,-71.7636733333
42.2987666667,-71.7652516667
42.2963416667,-71.7688033333
42.294375,-71.77523
42.291695,-71.789055
42.293215,-71.7792683333
42.3041683333,-71.775725
42.29913,-71.768755
42.3051983333,-71.7828116667
42.3017316667,-71.7716466667
42.3071566667,-71.7800416667
42.3031783333,-71.7675266667
42.2984033333,-71.78462
42.3016066667,-71.78429
42.3049633333,-71.78691
42.2753183333,-71.7701933333
42.2945883333,-71.786205
42.3111966667,-71.7798633333
42.29636,-71.777935
42.2989733333,-71.775995
42.3020983333,-71.77628
42.3034483333,-71.7795833333
42.2995733333,-71.7813733333
36.1327333333,-80.25051
36.1299283333,-80.2483816667
36.1329083333,-80.2436133333
36.1271133333,-80.2456633333
36.1314766667,-80.239055
36.1287433333,-80.2377416667
36.128495,-80.232365
36.1242933333,-80.2327783333
36.1250716667,-80.2280433333
36.1210933333,-80.22851
36.12019,-80.2228716667
36.120485,-80.233865
36.1213233333,-80.244735
36.124205,-80.2496133333
36.1162533333,-80.2539766667
36.1166966667,-80.239835
36.1170083333,-80.2343366667
36.1159366667,-80.230965
36.1185616667,-80.2199016667
36.1170916667,-80.2222
36.1124716667,-80.2204833333
36.1152066667,-80.21832
36.1097266667,-80.2275966667
36.1140266667,-80.233255
36.11165,-80.23812
36.113752,-80.241386
36.10974,-80.242465
36.1093033333,-80.2461433333
36.1118366667,-80.2512
36.1103333333,-80.2343766667
36.1075166667,-80.2304183333
36.1069333333,-80.2255516667
36.1089416667,-80.2205933333
36.11149,-80.2138466667
36.1061366667,-80.2179383333
36.09889,-80.2197416667
36.1046033333,-80.2302783333
36.100085,-80.2308066667
36.099445,-80.2384866667
36.1047883333,-80.2347516667
36.1138966667,-80.226005
36.1324816667,-80.2450333333
36.1168133333,-80.2271333333
36.1284416667,-80.2412966667
36.1189133333,-80.2319066667
36.1151616667,-80.2230066667
36.11806,-80.2476633333
36.1032183333,-80.2122966667
36.115565,-80.2492383333
36.1051633333,-80.22244
36.1054666667,-80.2284083333
36.1107216667,-80.2242033333
36.11289,-80.24529
36.0980133333,-80.2322941667
34.2178666667,-77.885675
34.2131333333,-77.8786616667
34.2179533333,-77.874305
34.214395,-77.8856916667
34.223315,-77.8834716667
34.220455,-77.8814016667
34.2140883333,-77.882985
34.2203966667,-77.8711083333
34.2225466667,-77.8730583333
34.22767,-77.8747016667
34.2279416667,-77.87023
34.2279916667,-77.8673366667
34.229295,-77.8753116667
34.23653,-77.872085
34.23665,-77.8649583333
34.2356816667,-77.8634133333
34.2323083333,-77.8645566667
34.22685,-77.876855
34.2267033333,-77.8675616667
34.2238066667,-77.87844
34.23248,-77.8672983333
0,0
34.226115,-77.9241266667
34.2421716667,-77.93997
34.2125316667,-77.932745
34.217034,-77.943485
34.2385666667,-77.9507983333
34.222495,-77.926644
34.24992,-77.9405433333
34.2288766667,-77.9365866667
34.230055,-77.9261866667
34.2258033333,-77.94531
34.2527216667,-77.94134
34.2187716667,-77.9348766667
34.2204966667,-77.946605
34.2151416667,-77.936585
34.23003,-77.9423566667
34.2503966667,-77.9457133333
34.2154816667,-77.9297366667
34.2413283333,-77.929165
34.2215266667,-77.942335
34.2175933333,-77.9416583333
34.23721,-77.93218
34.22915,-77.92904
34.217599,-77.92622
34.23572,-77.9382816667
34.231055,-77.9383366667
34.2257033333,-77.9304483333
34.2455233333,-77.941
34.2214316667,-77.9266383333
34.24875,-77.9379383333
34.2408083333,-77.9486816667
34.2328783333,-77.9472366667
34.2281416667,-77.94856
34.2452083333,-77.9381733333
34.2265733333,-77.9392666667
34.246364,-77.949536
34.2376916667,-77.9451783333
34.230365,-77.914285
34.2392066667,-77.9202483333
34.2450583333,-77.9128366667
34.24284,-77.9004816667
34.2506466667,-77.9010616667
34.2384833333,-77.9018716667
34.2425416667,-77.9236966667
34.2488,-77.920965
34.252045,-77.9165866667
34.2529883333,-77.9206233333
34.2519166667,-77.92328
34.2416666667,-77.9133083333
34.2391983333,-77.90895
34.237704,-77.9112
34.2423916667,-77.8937716667
34.2326566667,-77.9004466667
34.2300116667,-77.9039
34.2403916667,-77.9061483333
34.2290016667,-77.918495
34.23885,-77.9154066667
34.24729,-77.907795
34.2492966667,-77.9189416667
34.2516133333,-77.9014083333
34.2344333333,-77.910335
34.2390033333,-77.9000033333
34.244295,-77.8944083333
34.25058,-77.930225
34.2555866667,-77.9191733333
34.2355383333,-77.9279216667
34.243656,-77.907039
34.24063,-77.9043266667
34.2311716667,-77.9207466667
34.2433966667,-77.93067
34.219838,-77.932028
34.2425183333,-77.945275
34.2135916667,-77.92551
34.2359716667,-77.9021716667
39.7402033333,-75.5392916667
39.737655,-75.54023
39.7310166667,-75.540525
39.72663,-75.5499666667
39.732145,-75.54652
39.7368633333,-75.5481666667
39.7406083333,-75.5443083333
39.7440833333,-75.5403916667
39.74863,-75.5292616667
39.753355,-75.5401883333
39.7428883333,-75.5469816667
39.740755,-75.5525516667
39.74041,-75.557375
39.7386833333,-75.5631983333
39.7321283333,-75.5689883333
39.7379416667,-75.5733983333
39.7432233333,-75.5715
39.745395,-75.562285
39.7494433333,-75.5583466667
39.760263,-75.53824
39.7611833333,-75.5487666667
39.7541616667,-75.56121
39.7514,-75.5627966667
39.74564,-75.5489233333
39.7578416667,-75.54816
39.7581,-75.54218
39.7367783333,-75.570405
39.749935,-75.566755
39.732655,-75.5411783333
39.7352933333,-75.5717366667
39.747839,-75.552024
39.758605,-75.560925
39.7348033333,-75.5686983333
39.747185,-75.546945
39.7406616667,-75.5655533333
39.7459033333,-75.5344383333
39.7441783333,-75.557035
39.751135,-75.5500766667
39.737335,-75.5455916667
39.7513266667,-75.5273466667
39.7432166667,-75.5505433333
39.7576616667,-75.536775
39.7475916667,-75.5698383333
39.76067,-75.551978
39.74794,-75.5373966667
39.7466183333,-75.5437583333
39.728665,-75.5389583333
39.72612,-75.5477166667
39.7297166667,-75.5448533333
39.756525,-75.5496533333
39.7481733333,-75.5330183333
39.754253,-75.563962
39.760415,-75.55947
39.7507166667,-75.5414983333
39.748085,-75.55509
39.75453,-75.5543083333
39.7411333333,-75.5709216667
39.74218,-75.5601166667
39.7457016667,-75.5530766667
39.7623366667,-75.5614516667
39.7617966667,-75.5658283333
39.7581283333,-75.5719816667
39.7420333333,-75.58128
39.75157,-75.580805
39.7490716667,-75.5795216667
39.7483033333,-75.57699
39.7537683333,-75.5740933333
39.7502416667,-75.57607
39.75684,-75.566715
39.7539416667,-75.570245
39.7470733333,-75.5740116667
39.7441533333,-75.574845
39.751975,-75.5687283333
39.742265,-75.5361716667
39.742655,-75.5323033333
39.76472,-75.54048
39.7678433333,-75.5304116667
39.7643016667,-75.53312
39.7614533333,-75.5211583333
39.7599916667,-75.525265
39.7519966667,-75.5197033333
39.7482516667,-75.5223383333
39.750055,-75.52595
39.7443783333,-75.5297266667
39.7468083333,-75.5277466667
39.7550933333,-75.5275083333
39.7626233333,-75.5270066667
39.7572783333,-75.5317516667
39.7519216667,-75.5321133333
39.7643866667,-75.524475
26.714285,-80.0993783333
26.7143483333,-80.0929116667
26.7168966667,-80.09375
26.715105,-80.0905466667
26.7163666667,-80.0890866667
26.7267783333,-80.08482
26.7194566667,-80.0825183333
26.71907,-80.0808916667
26.7142966667,-80.0870266667
26.71228,-80.0904366667
26.7119933333,-80.093145
26.7091183333,-80.089705
26.7091983333,-80.0952216667
26.70685,-80.0934883333
26.7069366667,-80.0888166667
26.7112516667,-80.08744
26.7088833333,-80.085585
26.710595,-80.08313
26.7075583333,-80.0830066667
26.7102683333,-80.080375
26.7091,-80.0792433333
26.711885,-80.0775466667
26.71371,-80.0790133333
26.7169433333,-80.0772483333
26.710195,-80.0753
26.7125866667,-80.08341
26.718735,-80.0751566667
26.7702566667,-80.06023
26.77093,-80.0515616667
26.76622,-80.05435
26.766765,-80.0642233333
26.770125,-80.056535
26.76544,-80.05516
26.76525,-80.0571933333
26.7644766667,-80.0671516667
26.7669233333,-80.0597666667
26.76833,-80.0574683333
26.71689,-80.0773366667
26.6964833333,-80.0684016667
26.69519,-80.06665
26.6982433333,-80.065655
26.694315,-80.0623583333
26.6977516667,-80.06209
26.6961833333,-80.0582866667
26.6937216667,-80.0560766667
26.6976966667,-80.055385
26.7007633333,-80.0568216667
26.7022383333,-80.053365
26.7025033333,-80.056305
26.706905,-80.05284
26.7044833333,-80.05032
26.7072866667,-80.0506583333
26.70888,-80.0514866667
26.7095833333,-80.055025
26.7114916667,-80.05337
26.7127683333,-80.0495066667
26.7140833333,-80.0543
26.7160016667,-80.0523883333
26.7179066667,-80.0533816667
26.72075,-80.049268
26.7225383333,-80.0537983333
26.7242366667,-80.0496033333
26.7251466667,-80.0542983333
26.7275816667,-80.0504083333
26.7285583333,-80.0555283333
26.7308916667,-80.0504233333
26.7337083333,-80.0552783333
26.733048,-80.049813
26.7362266667,-80.05703
26.7388966667,-80.05334
26.7404966667,-80.0562033333
26.7413383333,-80.0523433333
26.7430916667,-80.0560383333
26.7450916667,-80.052195
26.7467233333,-80.055175
26.7495866667,-80.052695
26.751325,-80.05679
26.7519216667,-80.0533816667
26.7549816667,-80.055615
26.7556433333,-80.0530116667
26.7580216667,-80.0552483333
26.7602416667,-80.0528133333
26.7609283333,-80.05516
26.7623733333,-80.0525366667
26.7630266667,-80.05453
26.7623716667,-80.0572766667
26.7521966667,-80.05945
26.74952,-80.0592166667
26.749365,-80.0560466667
26.7460183333,-80.0600166667
26.743105,-80.060255
26.740335,-80.060295
26.7365766667,-80.0592816667
26.73454,-80.0601883333
26.730755,-80.0596983333
26.7272233333,-80.0574283333
26.7243666667,-80.058475
26.7168233333,-80.0582866667
26.7141816667,-80.0575066667
26.71062,-80.05996
26.7076483333,-80.0590066667
26.708305,-80.055955
26.70966,-80.06384
26.714553,-80.062638
26.7154633333,-80.0599333333
26.71832,-80.0628683333
26.7228,-80.0618116667
26.72731,-80.0604616667
26.7301733333,-80.0611033333
26.732745,-80.06269
26.7378283333,-80.0641883333
26.7402583333,-80.06367
26.7444666667,-80.064
26.7472,-80.0628833333
26.7502216667,-80.0619733333
26.7522783333,-80.06303
26.75114,-80.0650533333
26.7476133333,-80.0666866667
26.7443816667,-80.0689233333
26.7482683333,-80.0700083333
26.7407466667,-80.0669666667
26.7296166667,-80.0680766667
26.7423116667,-80.069205
26.7347666667,-80.063865
26.7293783333,-80.0664266667
26.72901,-80.0703216667
26.7257633333,-80.0660733333
26.7222716667,-80.0685633333
26.721385,-80.0650233333
26.7200033333,-80.0676233333
26.7191266667,-80.05781
26.7051866667,-80.0614166667
26.7013633333,-80.0607983333
26.7017833333,-80.0648366667
26.69815,-80.068386
26.7118816667,-80.056925
26.7177866667,-80.0569266667
26.7207466667,-80.05479
26.7259116667,-80.069405
26.73009,-80.073275
26.72922,-80.075505
26.726325,-80.0762816667
26.7248616667,-80.0756633333
26.7226633333,-80.0762216667
26.718735,-80.0751566667
26.72182,-80.0733133333
26.7215333333,-80.0702316667
26.7200866667,-80.0708983333
26.7239433333,-80.0706233333
26.72604,-80.0721266667
26.7591966667,-80.0573416667
26.7200816667,-80.0621083333
33.9910866667,-81.0728983333
33.9952983333,-81.0756183333
33.9813116667,-81.0853983333
33.981465,-81.0807816667
33.98717,-81.0858216667
33.9847166667,-81.0831216667
33.9831466667,-81.0753333333
33.9861416667,-81.07063
33.9895383333,-81.0685516667
33.9874983333,-81.0732183333
33.9908233333,-81.0811933333
33.99741,-81.0689033333
33.9974733333,-81.0726316667
33.9936616667,-81.0866533333
33.9938066667,-81.0804716667
34.0002316667,-81.082545
34.0035066667,-81.0698033333
34.0011316667,-81.07663
34.00067,-81.0747483333
33.9964733333,-81.0763616667
33.99348,-81.07548
33.9889916667,-81.0772316667
34.00186,-81.0707416667
33.998615,-81.0767666667
33.99256,-81.0829733333
33.9837383333,-81.0817866667
33.993245,-81.0704583333
33.9923166667,-81.0793466667
33.9958783333,-81.0806016667
33.9841466667,-81.078695
38.823365,-76.9999833333
38.8700433333,-76.9799
38.8693633333,-76.9719416667
38.86638,-76.976135
38.8669083333,-76.9819733333
38.8473566667,-76.999365
38.85994,-76.99554
38.840775,-77.003215
38.833825,-76.992655
38.8568966667,-76.9717133333
38.841597,-76.983509
38.8357733333,-76.9849966667
38.8374866667,-77.0058316667
38.8244516667,-77.00393
38.842345,-76.998105
38.8535916667,-76.96954
38.84112,-76.991855
38.859175,-76.9685066667
38.8480283333,-76.9804366667
38.8495733333,-76.9732416667
38.844689,-76.986822
38.8361066667,-77.0000683333
38.856555,-76.9969533333
38.8299283333,-77.0072116667
38.8415833333,-76.9899816667
38.85259,-76.9656916667
38.86589,-76.9898566667
38.8619466667,-76.9979766667
38.867305,-76.9858083333
38.8621116667,-76.9936983333
38.846365,-76.9761683333
38.8460166667,-76.9970933333
38.844695,-76.9806966667
38.8272433333,-77.0061416667
38.84395,-76.992031
38.8273116667,-76.99827
38.832575,-77.006435
38.8461333333,-76.984085
38.8268333333,-77.0007166667
38.8277183333,-77.0024183333
38.8515783333,-76.9707433333
38.8612516667,-76.98807
38.82888,-76.9951266667
38.8439033333,-76.9759083333
38.84563,-76.970515
38.8631783333,-76.9837333333
38.8502033333,-76.9657366667
38.8620433333,-76.9805183333
38.8605183333,-76.98361
38.8553683333,-76.973395
38.848115,-76.9672933333
38.8471683333,-76.9688366667
38.8505833333,-76.978805
38.8480083333,-76.983395
38.8514633333,-76.9837116667
38.8537616667,-76.9875333333
38.85644,-76.9826133333
38.8563516667,-76.9886833333
38.832321,-76.995377
38.823395,-76.999975
38.82185,-77.001175
38.8186066667,-77.01012
38.8228,-77.0101683333
38.8238033333,-77.00851
38.8251083333,-77.0132066667
38.8267483333,-77.008375
38.828145,-77.0135583333
38.831335,-77.0094416667
38.83472,-77.007505
38.8621116667,-76.9936983333
38.8874866667,-76.9535683333
38.8854883333,-76.9489166667
38.9093833333,-76.9329066667
38.8854233333,-76.9190766667
38.8747783333,-76.964015
38.874542,-76.956618
38.8704483333,-76.9544883333
38.8955833333,-76.915035
38.87751,-76.9644766667
38.87705,-76.9588983333
38.8700433333,-76.9799
38.8926733333,-76.9260966667
38.8688416667,-76.9477866667
38.8658083333,-76.9502766667
38.905775,-76.9300566667
38.896075,-76.9193016667
38.8692233333,-76.9448383333
38.8903783333,-76.92058
38.9041566667,-76.9372416667
38.91201,-76.93623
38.8931983333,-76.94902
38.8972183333,-76.92909
38.873055,-76.9361466667
38.891155,-76.9511166667
38.8836266667,-76.9258616667
38.8786216667,-76.93705
38.88901,-76.9170266667
38.8963666667,-76.933775
38.8723883333,-76.9687066667
38.8856316667,-76.9308616667
38.8924716667,-76.9430483333
38.8806516667,-76.9369866667
38.8767266667,-76.9422183333
38.8839716667,-76.9530916667
38.8936116667,-76.93873
38.8869433333,-76.9399333333
38.8909266667,-76.9449466667
38.8824683333,-76.93402
38.893505,-76.912015
38.893175,-76.9322033333
38.9003733333,-76.9240983333
38.8907616667,-76.9334516667
38.8888766667,-76.948325
38.904167,-76.924618
38.8686083333,-76.95984
38.897155,-76.9476883333
38.9014416667,-76.9405633333
38.8836466667,-76.941885
38.9011083333,-76.9524733333
38.90133,-76.94912
38.8999483333,-76.9381116667
38.895025,-76.95782
38.8721183333,-76.96526
38.9014783333,-76.9334866667
38.8938083333,-76.9599316667
38.8869116667,-76.9231433333
38.87993,-76.96017
38.8995366667,-76.9187916667
38.8967366667,-76.9411033333
38.8716466667,-76.95052
38.8798666667,-76.9436333333
38.8900483333,-76.9612066667
38.9009566667,-76.9477966667
38.8939666667,-76.954895
38.890765,-76.9122083333
38.87644,-76.931325
38.8872183333,-76.9467683333
38.896895,-76.9224066667
38.8891516667,-76.9500133333
38.9088566667,-76.9408633333
38.9046016667,-76.943415
38.9125066667,-76.9396716667
38.8858433333,-76.9410733333
38.903515,-76.939975
38.9047366667,-76.9429733333
38.9065233333,-76.9463166667
38.90762,-76.9508866667
38.9058416667,-76.9529433333
38.9036016667,-76.9502133333
38.90216,-76.946165
38.9047066667,-76.9489216667
38.8693633333,-76.9719416667
38.86638,-76.976135
38.8669083333,-76.9819733333
38.8832216667,-76.9578866667
38.8822466667,-76.9538983333
38.906155,-76.9314533333
38.859175,-76.9685066667
38.86589,-76.9898566667
38.867305,-76.9858083333
38.8612516667,-76.98807
38.8631783333,-76.9837333333
38.8620433333,-76.9805183333
38.8605183333,-76.98361
38.897875,-77.02163
38.90135,-77.0217066667
38.894365,-77.0185383333
38.8928816667,-77.0146733333
38.897925,-77.00852
38.8961133333,-77.0100483333
38.8968716667,-77.0134066667
38.89799,-77.0156266667
38.894095,-77.0135416667
38.895962,-76.982867
38.888445,-76.990645
38.8895266667,-76.983245
38.897561,-76.993575
38.890375,-76.9880433333
38.887475,-76.97443
38.892415,-76.978881
38.892191,-76.98875
38.8951416667,-76.988015
38.890246,-76.972664
38.8880083333,-76.982065
38.9012266667,-76.99033
38.8986983333,-76.986615
38.8876233333,-76.9871566667
38.8851366667,-76.9845566667
38.8859316667,-76.9875583333
38.9080683333,-77.0215516667
38.9028466667,-77.0177766667
38.91019,-77.0180116667
38.904987,-77.017132
38.9076,-77.0131933333
38.9123366667,-77.0155566667
38.91942,-77.01444
38.9270916667,-77.0148033333
38.9286883333,-77.0102766667
38.9046016667,-76.9762783333
38.90568,-76.9809966667
38.9324483333,-76.9669166667
38.930115,-76.96625
38.9074783333,-76.9868916667
38.927725,-76.9782633333
38.9314233333,-76.9609016667
38.924165,-76.98645
38.9081233333,-76.991835
38.9253516667,-76.9846666667
38.9198383333,-77.0042733333
38.91377,-77.0041633333
38.90378,-76.9914533333
38.9050116667,-77.0095066667
38.910005,-76.9902783333
38.9363183333,-76.968225
38.9123983333,-76.9883516667
38.9136483333,-76.9844
38.917695,-76.9740983333
38.9295733333,-76.973345
38.916638,-76.99399
38.9038433333,-76.9883216667
38.9195933333,-76.9990083333
38.9209833333,-76.978495
38.9202016667,-76.9906283333
38.92498,-76.991405
38.9221916667,-76.9943416667
38.9231083333,-76.99827
38.911036,-76.997642
38.9191866667,-76.9762066667
38.9072866667,-76.9944583333
38.908105,-76.980235
38.9069133333,-77.0002416667
38.915987,-76.991871
38.910006,-77.005735
38.9111116667,-76.9834566667
38.9122416667,-77.0036733333
38.9223183333,-77.0086733333
38.9150216667,-77.0003883333
38.92361,-76.9683833333
38.92219,-76.972945
38.923625,-77.0028566667
38.9175433333,-76.980065
38.9208516667,-76.9830083333
38.9262733333,-76.9724166667
38.9244683333,-77.00885
38.9332933333,-76.9700983333
38.915215,-76.9842866667
38.89704,-76.9781316667
38.897355,-76.9824183333
38.8992033333,-76.9799666667
38.8980866667,-76.9734633333
38.897755,-76.9761416667
38.9028533333,-76.9711366667
38.8945583333,-76.9760233333
38.9005516667,-77.0095116667
38.9045433333,-77.0141333333
38.9265583333,-77.0279133333
38.9295016667,-77.0360316667
38.923835,-77.018875
38.922068,-77.028252
38.9243816667,-77.02209
38.921615,-77.0258766667
38.9271333333,-77.0207583333
38.923449,-77.025114
38.9199283333,-77.0216316667
38.929405,-77.033503
38.9289383333,-77.028885
38.9270916667,-77.0148033333
38.9286883333,-77.0102766667
38.9571666667,-77.023815
38.958575,-77.02764
38.9493883333,-77.0274466667
38.939965,-77.0240416667
38.9403616667,-77.0280066667
38.9426816667,-77.0142133333
38.9496283333,-77.0160533333
38.951616,-77.032395
38.9454666667,-77.0220816667
38.943646,-77.027801
38.9564716667,-77.017115
38.9550866667,-77.0224516667
38.9437666667,-77.020905
38.9516466667,-77.02671
38.9573966667,-77.0289883333
38.9409983333,-77.0100366667
38.95405,-77.029575
38.9539866667,-77.0241666667
38.947275,-77.03023
38.9343016667,-77.02119
38.9343816667,-77.0243216667
38.9498916667,-77.022165
38.9532866667,-77.0198116667
38.9411316667,-77.0191583333
38.9387966667,-77.01675
38.9541583333,-77.0159283333
38.947815,-77.0180816667
38.9583983333,-77.019825
38.957425,-77.0239616667
38.96156,-77.02493
38.9621216667,-77.028145
38.9656016667,-77.0269883333
38.96507,-77.0298666667
38.96065,-77.03023
38.93265,-77.0294183333
38.938352,-77.034111
38.9290133333,-77.0148766667
38.93134,-77.024045
38.91377,-77.0041633333
38.91125,-77.0407516667
38.9165483333,-77.0093633333
38.9343016667,-77.02119
38.923625,-77.0028566667
38.9403616667,-77.0280066667
38.9054916667,-77.0366816667
38.9018833333,-77.01288
38.9005516667,-77.0095116667
38.939965,-77.0240416667
38.9198383333,-77.0042733333
38.9150216667,-77.0003883333
38.9050116667,-77.0095066667
38.9062766667,-77.02369
38.916183,-77.02546
38.9080683333,-77.0215516667
38.9179616667,-77.0196416667
38.9265583333,-77.0279133333
38.9028466667,-77.0177766667
38.9295016667,-77.0360316667
38.923835,-77.018875
38.9172516667,-77.0325433333
38.9152216667,-77.02259
38.91019,-77.0180116667
38.922068,-77.028252
38.9243816667,-77.02209
38.9038616667,-77.0236183333
38.921615,-77.0258766667
38.9139266667,-77.0288316667
38.9271333333,-77.0207583333
38.923449,-77.025114
38.9063133333,-77.0284583333
38.9118633333,-77.0216483333
38.9033833333,-77.0267483333
38.904987,-77.017132
38.9207916667,-77.0351916667
38.9199283333,-77.0216316667
38.92962,-77.0335416667
38.9289383333,-77.028885
38.9237783333,-77.0384183333
38.9076,-77.0131933333
38.9123366667,-77.0155566667
38.91942,-77.01444
38.9270916667,-77.0148033333
38.9286883333,-77.0102766667
38.9273166667,-77.0370183333
38.9343816667,-77.0243216667
38.93265,-77.0294183333
38.9290133333,-77.0148766667
38.93134,-77.024045
38.910006,-77.005735
38.9223183333,-77.0086733333
38.9244683333,-77.00885
38.9045433333,-77.0141333333
38.9072866667,-76.9944583333
38.90568,-76.9809966667
38.8992033333,-76.9799666667
38.908105,-76.980235
38.8980866667,-76.9734633333
38.89704,-76.9781316667
38.9081233333,-76.991835
38.910005,-76.9902783333
38.9074783333,-76.9868916667
38.895962,-76.982867
38.888445,-76.990645
38.8895266667,-76.983245
38.897561,-76.993575
40.709006,-73.586548
38.890375,-76.9880433333
38.887475,-76.97443
38.892415,-76.978881
38.892191,-76.98875
38.8951416667,-76.988015
38.8902683333,-76.9726866667
38.8880083333,-76.982065
38.866185,-77.0141716667
38.878175,-77.00377
38.8736416667,-77.008745
38.870171,-77.011814
38.8756333333,-77.0193866667
38.8714833333,-77.0100216667
38.8790483333,-77.0205066667
38.8742966667,-77.0155466667
38.87611,-77.016575
38.86509,-77.01264
38.8767666667,-77.0125833333
38.866626,-77.010044
38.8733166667,-77.0154
38.8749883333,-77.0172216667
38.8817516667,-77.01581
38.8770816667,-77.0194233333
38.8799966667,-77.02152
38.8805916667,-77.024015
38.87664,-77.001775
38.880385,-77.012395
38.9012266667,-76.99033
38.8986983333,-76.986615
38.8803533333,-77.0000783333
38.8876233333,-76.9871566667
38.8851366667,-76.9845566667
38.8819516667,-76.9835616667
38.882923,-76.986076
38.8803933333,-76.98663
38.8785866667,-76.991345
38.88069,-76.989745
38.8811283333,-76.9919566667
38.8831816667,-76.9899766667
38.8859316667,-76.9875583333
38.90378,-76.9914533333
38.9038433333,-76.9883216667
38.897355,-76.9824183333
38.897755,-76.9761416667
38.8945583333,-76.9760233333
38.9190083333,-77.0599616667
38.9236033333,-77.071005
38.9247466667,-77.06637
38.9187,-77.0684266667
38.9118083333,-77.0495333333
38.92468,-77.0616616667
38.923115,-77.060295
38.9211566667,-77.06321
38.918375,-77.0636816667
38.915565,-77.06753
38.9146766667,-77.0646266667
38.91416,-77.066905
38.91902,-77.05999
38.9215316667,-77.0574916667
38.918965,-77.0530533333
38.916405,-77.057775
38.89239,-77.0363316667
38.9127333333,-77.0595616667
38.9100533333,-77.055465
38.9139683333,-77.0530816667
38.9151266667,-77.0457916667
38.907105,-77.0481433333
38.9126183333,-77.045515
38.9139116667,-77.0433233333
38.9132766667,-77.0382383333
38.899325,-77.0345933333
38.9092033333,-77.0444333333
38.90629,-77.0452966667
38.905015,-77.0411266667
38.9079533333,-77.03546
38.9108183333,-77.0358583333
38.9103716667,-77.02952
38.9055183333,-77.0335816667
38.9022666667,-77.0322183333
38.901675,-77.0381516667
38.9006383333,-77.0438683333
38.8991733333,-77.0465716667
38.8946033333,-77.0492616667
38.8940183333,-77.0426133333
38.8939716667,-77.0401
38.898135,-77.0386916667
38.8975816667,-77.034065
38.8924866667,-77.0333
38.89254,-77.0248016667
38.8947,-77.0287216667
38.897875,-77.02163
38.90135,-77.0217066667
38.8989716667,-77.029225
38.8954516667,-77.0248133333
38.8926616667,-77.028565
38.8925266667,-77.0208816667
38.894365,-77.0185383333
38.8928816667,-77.0146733333
38.8951833333,-77.0322
38.898045,-77.0424
38.897925,-77.00852
38.8961133333,-77.0100483333
38.8968716667,-77.0134066667
38.9020516667,-77.02868
38.89937,-77.0249983333
38.90693,-77.042335
38.92257,-77.06901
38.89799,-77.0156266667
38.89711,-77.0399033333
38.894095,-77.0135416667
38.91921,-77.06647
38.9264716667,-77.0663566667
38.9260583333,-77.0697316667
38.9212883333,-77.0645983333
38.92305,-77.066545
38.91125,-77.0407516667
38.9226666667,-77.0634966667
38.89121,-77.032905
38.888315,-77.0367316667
38.90174,-77.0470516667
38.9054916667,-77.0366816667
38.9062766667,-77.02369
38.9080683333,-77.0215516667
38.9028466667,-77.0177766667
38.9172516667,-77.0325433333
38.91019,-77.0180116667
38.9038616667,-77.0236183333
38.9063133333,-77.0284583333
38.9033833333,-77.0267483333
38.9049633333,-77.0171233333
38.9207916667,-77.0351916667
38.9076,-77.0131933333
38.9123366667,-77.0155566667
38.9050116667,-77.0095066667
38.9005516667,-77.0095116667
38.9045433333,-77.0141333333
41.4583766667,-81.5469483333
41.4550183333,-81.5456616667
41.4561333333,-81.5408116667
41.4534383333,-81.5409633333
41.4576583333,-81.5375633333
41.4554816667,-81.5334533333
41.451735,-81.5349616667
41.4540233333,-81.5331866667
41.4589011667,-81.5336998333
41.4506633333,-81.529305
41.4480283333,-81.53737
41.451305,-81.5408566667
41.4484716667,-81.5450633333
41.4470283333,-81.5429883333
41.4439133333,-81.5451866667
41.4429333333,-81.5422266667
41.4446316667,-81.5396933333
41.4466,-81.5342266667
41.4430833333,-81.530515
41.4415566667,-81.5328366667
41.45005,-81.5359433333
41.453615,-81.5360366667
41.4528666667,-81.546735
41.450335,-81.5468333333
41.4442,-81.5273116667
41.4402266667,-81.5262583333
41.4361316667,-81.5237683333
41.4353933333,-81.5165933333
41.4314166667,-81.52255
41.4328333333,-81.51469
41.44068,-81.5161616667
41.43813,-81.5162716667
41.43882,-81.51254
41.435735,-81.5144383333
41.4370033333,-81.5121533333
41.4406116667,-81.5084733333
41.43502,-81.5073016667
41.4322933333,-81.5064533333
41.43033,-81.5120383333
41.4373733333,-81.5057566667
41.4312716667,-81.517495
41.4330016667,-81.5278816667
41.4373516667,-81.527195
41.4426116667,-81.51404
41.4481166667,-81.5389016667
36.32235,-119.318153333
36.317725,-119.31786
36.3262683333,-119.314471667
36.32426,-119.31511
36.3216233333,-119.312921667
36.322795,-119.316606667
36.3267016667,-119.318216667
36.3204066667,-119.31787
36.3166933333,-119.31342
36.3172683333,-119.315028333
36.8712516667,-76.1803966667
36.8686566667,-76.17911
36.8722883333,-76.173865
36.873965,-76.1705016667
36.870905,-76.1686933333
36.871412,-76.171699
36.86664,-76.18063
36.8681266667,-76.1859316667
36.8652516667,-76.185885
36.861645,-76.176705
36.8651183333,-76.1661116667
36.865964,-76.162267
36.86622,-76.15901
36.8619033333,-76.1664416667
36.8630116667,-76.1711383333
36.8592966667,-76.1753466667
36.8606866667,-76.1868033333
36.8584683333,-76.181195
36.85502,-76.1764116667
36.8574683333,-76.1729266667
36.85967,-76.167037
36.8640583333,-76.1639783333
36.8618533333,-76.1601133333
36.8636466667,-76.1561
36.8609866667,-76.1540033333
36.8540166667,-76.1711116667
36.8520416667,-76.1739566667
36.850925,-76.1616183333
36.8562433333,-76.1626616667
36.8572533333,-76.1557316667
36.85471,-76.15296
36.8509833333,-76.1533866667
36.8488566667,-76.164155
36.8478266667,-76.1607083333
36.84863,-76.15582
36.8432433333,-76.15922
36.8457116667,-76.1562
36.853655,-76.177385
36.8610233333,-76.17443
36.8687966667,-76.1673333333
36.845775,-76.154845
36.8608883333,-76.1757216667
36.8525533333,-76.1557783333
36.8652633333,-76.1700683333
36.856238,-76.17768
36.86565,-76.1618583333
36.865955,-76.1816566667
36.8610216667,-75.9782216667
36.859745,-75.9823266667
36.8450683333,-75.97924
36.842805,-75.9729883333
36.84259,-75.9797433333
36.837915,-75.971785
36.831565,-75.977105
36.8347233333,-75.9707133333
36.8325833333,-75.9736033333
36.8332516667,-75.9786766667
36.841075,-75.9840516667
36.8436583333,-75.986315
36.846325,-75.9831066667
36.848284,-75.986052
36.8508783333,-75.9859666667
36.857235,-75.990815
36.8484483333,-75.9872066667
36.845835,-75.986535
36.8424716667,-75.9885183333
36.836605,-75.984965
36.8336533333,-75.9852683333
36.8291966667,-75.9819616667
36.836145,-75.9867616667
36.8354316667,-75.9957083333
36.8378866667,-75.9984433333
36.841945,-75.995892
36.8437566667,-75.9924866667
36.8454666667,-75.9970166667
36.8484016667,-75.9949233333
36.8525083333,-75.994425
36.85457,-75.99552
36.8491316667,-75.9764866667
36.840055,-75.97379
36.842755,-75.9755733333
36.85614,-75.9857266667
36.847125,-75.974225
36.8494383333,-75.9804966667
36.83387,-75.9758516667
36.8540833333,-75.9760783333
36.8497983333,-75.9786366667
36.8577383333,-75.9793366667
36.8373266667,-75.973175
36.8388416667,-75.9804
36.83956,-75.9848766667
36.843735,-75.983025
36.8378533333,-75.9953666667
36.85127,-75.9909683333
36.83549,-75.982575
36.8454866667,-75.9742016667
18.342135,-64.88957
18.33918,-64.9159383333
18.343455,-64.8844416667
18.3326383333,-64.918615
18.33958,-64.9213833333
18.3450266667,-64.9299166667
18.3496933333,-64.887675
18.3481416667,-64.891235
18.3450833333,-64.8858033333
18.34076,-64.9286866667
18.34104,-64.9239316667
18.3374766667,-64.8865633333
18.3425866667,-64.917875
18.3464983333,-64.9270816667
18.3459866667,-64.89396
18.3364966667,-64.9134433333
18.344475,-64.8969316667
18.3425833333,-64.9242116667
18.3458933333,-64.8959333333
18.347705,-64.88384
18.3424816667,-64.8927166667
18.345835,-64.89017
18.3412066667,-64.8849983333
18.3464566667,-64.887045
18.336945,-64.88204
18.3439683333,-64.92757
18.341735,-64.9117883333
18.3347633333,-64.9145933333
18.34567,-64.9232033333
18.33688,-64.91905
18.3382716667,-64.9248733333
18.3389933333,-64.912105
18.3427716667,-64.881665
18.3393283333,-64.87999
18.3417233333,-64.9306533333
18.3479083333,-64.8931866667
18.34407,-64.96946
18.34488,-64.966575
18.3426166667,-64.9713583333
18.3400616667,-64.967395
18.33918,-64.9611783333
18.3419316667,-64.9646183333
18.346645,-64.9630766667
18.34224,-64.96011
18.3377483333,-64.9587583333
18.3451333333,-64.95815
18.3428116667,-64.955975
18.3405716667,-64.95811
18.3355033333,-64.9573283333
18.3390283333,-64.9553216667
18.345255,-64.9534366667
18.3425616667,-64.9510016667
18.340925,-64.9514533333
18.3462366667,-64.949485
18.3443333333,-64.9466483333
18.341135,-64.9472616667
18.3366933333,-64.948025
18.336325,-64.95204
18.3478866667,-64.9467883333
18.3476316667,-64.9426266667
18.346475,-64.9447533333
18.342865,-64.9429016667
18.335115,-64.9448516667
18.3397816667,-64.9448733333
18.33692,-64.94104
18.3390716667,-64.941085
18.3397583333,-64.9376066667
18.34207,-64.9385483333
18.3448583333,-64.939915
18.3475166667,-64.9358516667
18.3456683333,-64.9365533333
18.341855,-64.9343283333
18.3400916667,-64.9338266667
18.33993,-64.9304016667
18.3474716667,-64.932825
18.3443216667,-64.9324216667
18.3483466667,-64.9294966667
18.3487666667,-64.9267566667
18.348395,-64.9242133333
18.3466183333,-64.922385
18.3389116667,-64.9084566667
18.3374816667,-64.9084483333
18.3357333333,-64.909255
18.3342716667,-64.91061
18.3355733333,-64.876875
18.33539,-64.8832016667
18.339295,-64.87685
18.3364683333,-64.87448
18.3394383333,-64.8739633333
18.3369433333,-64.871395
18.3349816667,-64.873525
18.3325766667,-64.87592
18.3337883333,-64.8788533333
18.3303283333,-64.87767
18.327645,-64.8747833333
18.3313716667,-64.88088
18.3275316667,-64.8774033333
18.3293016667,-64.8833583333
18.324675,-64.880605
18.3271183333,-64.8816116667
18.3256833333,-64.8760166667
18.323505,-64.8780683333
18.3243383333,-64.8730283333
18.322065,-64.87562
18.3247316667,-64.8694216667
18.321585,-64.87148
18.3208866667,-64.8686116667
18.319005,-64.87063
18.317615,-64.873655
18.3197266667,-64.8752683333
18.3182566667,-64.8761733333
18.3192633333,-64.878985
18.32285,-64.8810033333
18.318475,-64.882705
18.321945,-64.88426
18.3204516667,-64.8854366667
18.3178016667,-64.884525
18.3195283333,-64.88816
18.3214816667,-64.8875616667
18.321795,-64.8900283333
18.321535,-64.8917466667
18.3201683333,-64.8910266667
18.3164283333,-64.8907466667
18.3198466667,-64.8958366667
18.3172733333,-64.8870683333
18.3389116667,-64.8755566667
18.3492383333,-64.8633916667
18.3390183333,-64.868925
18.3423933333,-64.8667133333
18.34276,-64.8696483333
18.342735,-64.87233
18.3428183333,-64.8759466667
18.3406783333,-64.8798383333
18.3444716667,-64.8791333333
18.3457633333,-64.876425
18.3452833333,-64.8735616667
18.3485783333,-64.8731266667
18.3475516667,-64.8710216667
18.3481283333,-64.8675433333
18.3490783333,-64.865885
18.3487566667,-64.8677166667
18.3475366667,-64.8688266667
18.3248316667,-64.8625166667
18.3233733333,-64.8592166667
18.3271816667,-64.8578066667
18.3247416667,-64.8543166667
18.3264933333,-64.8508016667
18.3283166667,-64.84956
18.32166,-64.8465133333
18.3217166667,-64.8512966667
18.3203966667,-64.85463
18.3207383333,-64.8586583333
18.3211966667,-64.8618416667
18.3283533333,-64.8533166667
18.3316166667,-64.7949716667
18.3329716667,-64.7917316667
18.3288466667,-64.7908733333
18.32603,-64.7879166667
18.3257016667,-64.792285
18.327955,-64.794745
18.32739,-64.7984466667
18.3300616667,-64.7981266667
18.3282983333,-64.7872383333
18.331995,-64.787415
18.33482,-64.7846933333
18.3323666667,-64.7839383333
18.331045,-64.7833483333
18.3300233333,-64.7851866667
17.7274266667,-64.8145466667
17.7247883333,-64.8167516667
17.7290183333,-64.81788
17.7206516667,-64.772855
17.7293,-64.7469416667
17.7252283333,-64.8206783333
17.7171966667,-64.77671
17.7060566667,-64.81004
17.7240216667,-64.7346083333
17.733225,-64.7573716667
17.7080433333,-64.8237016667
17.7255716667,-64.7564366667
17.709615,-64.80838
17.7063933333,-64.8204783333
17.7320216667,-64.7438133333
17.7176466667,-64.8223216667
17.7283533333,-64.7746516667
17.7046483333,-64.8242266667
17.71443,-64.813505
17.71023,-64.8141683333
17.7301633333,-64.76387
17.7272783333,-64.7526966667
17.72798,-64.8197566667
17.7229533333,-64.8211916667
17.7341833333,-64.7455116667
17.73874,-64.7405083333
17.7256883333,-64.76018
17.7033033333,-64.820695
17.7355833333,-64.7401583333
17.7218766667,-64.832035
17.72307,-64.7386466667
17.7295583333,-64.7406533333
17.72195,-64.770425
17.712825,-64.8218083333
17.7280766667,-64.8257416667
17.7138733333,-64.8185466667
17.7351083333,-64.7548283333
17.7197683333,-64.7766683333
17.722495,-64.7748583333
17.7327366667,-64.75219
17.73165,-64.761805
17.7143483333,-64.784255
17.7186616667,-64.7788433333
17.7316533333,-64.7541683333
17.7268433333,-64.763135
17.7357216667,-64.74512
17.7261883333,-64.777095
17.7284166667,-64.7611933333
17.7276433333,-64.7358316667
17.7169216667,-64.8284983333
17.730285,-64.7574533333
17.7126283333,-64.8132816667
17.72651,-64.76866
17.722545,-64.7776866667
17.7143716667,-64.8257883333
17.736515,-64.741635
17.7302216667,-64.7671983333
17.7290283333,-64.77277
17.7156616667,-64.784815
17.7263916667,-64.7804716667
17.7251533333,-64.7744533333
17.7102816667,-64.81739
17.729655,-64.82237
17.7256083333,-64.823935
17.7190466667,-64.8305266667
17.7093766667,-64.8199266667
17.7024383333,-64.82771
17.729785,-64.7826433333
17.7286283333,-64.786245
17.725315,-64.7850783333
17.72183,-64.7829666667
17.72708,-64.74884
17.7301716667,-64.7508683333
17.7243983333,-64.7454616667
17.7237533333,-64.7415233333
17.727925,-64.7402333333
17.73088,-64.7376416667
17.72164,-64.7372516667
17.7152233333,-64.77994
17.71903,-64.74552
17.7223883333,-64.745485
17.72258,-64.741545
17.7201816667,-64.74174
17.7209516667,-64.7475616667
17.73285,-64.7832916667
17.7318616667,-64.7838333333
17.7295216667,-64.7835083333
17.68987,-64.8366
17.69114,-64.8352133333
17.6916033333,-64.833055
17.69313,-64.8315033333
17.7087566667,-64.8387083333
17.704355,-64.8449683333
17.7065533333,-64.8454683333
17.70498,-64.841255
17.6956666667,-64.8373233333
17.7099216667,-64.834943
17.6938816667,-64.83578
17.69758,-64.8353633333
17.6952083333,-64.8338816667
17.69702,-64.8326733333
17.6984266667,-64.833045
17.7076583333,-64.8426683333
17.7009783333,-64.8343116667
17.7027883333,-64.834505
17.698005,-64.8384333333
17.699125,-64.83679
17.704525,-64.836335
17.7019566667,-64.8389366667
17.7057016667,-64.8375633333
17.7000083333,-64.8379266667
17.7069233333,-64.83584
17.69325,-64.88722
17.6914,-64.8834616667
17.6897333333,-64.8796666667
17.6904583333,-64.8750933333
17.6914966667,-64.8718516667
17.6888783333,-64.8672416667
17.688885,-64.86102
17.6894333333,-64.85488
17.69117,-64.8480916667
17.6934766667,-64.8438716667
17.6978983333,-64.84429
17.7012266667,-64.8463866667
17.7024966667,-64.8480733333
17.70288,-64.8515483333
17.7006533333,-64.8758816667
17.704185,-64.8565116667
17.7471616667,-64.77242
17.7034716667,-64.8664216667
17.705725,-64.86675
17.7081383333,-64.86939
17.707145,-64.8711183333
17.706185,-64.868955
17.7067383333,-64.86791
17.7095383333,-64.879975
17.7028183333,-64.87163
17.6959433333,-64.87901
17.6996666667,-64.8708016667
17.698825,-64.8823683333
17.6995133333,-64.8670283333
17.7033066667,-64.8680316667
17.6964333333,-64.8684716667
17.7043633333,-64.8787066667
17.69081,-64.8668883333
17.6950233333,-64.8635883333
17.6917416667,-64.8638833333
17.69799,-64.8851733333
17.6951216667,-64.859815
17.6910433333,-64.85812
17.6939366667,-64.8563433333
17.7019016667,-64.8851783333
17.6928666667,-64.8525916667
17.69423,-64.848855
17.6968133333,-64.8479633333
17.6967816667,-64.8523866667
17.6997533333,-64.8556216667
17.699005,-64.8509716667
17.69978,-64.85871
17.6978633333,-64.8639116667
17.6947666667,-64.8735733333
17.697005,-64.874915
17.69385,-64.8777433333
17.6947633333,-64.8828766667
17.698785,-64.8807
17.7001416667,-64.8773133333
17.7066616667,-64.8782433333
17.7039783333,-64.8774466667
17.7104,-64.8763666667
17.7147866667,-64.8799383333
17.71256,-64.8799466667
17.7156716667,-64.8833016667
17.7146223333,-64.8837218333
17.7057316667,-64.88184
17.709865,-64.8829683333
17.7136516667,-64.881945
17.711095,-64.8816083333
17.705175,-64.88415
17.714655,-64.8727816667
17.7120266667,-64.87257
17.7131583333,-64.870255
17.71685,-64.8696216667
17.720605,-64.8702116667
17.7192883333,-64.8743783333
17.719795,-64.87211
17.7134566667,-64.87459
17.7150833333,-64.87011
17.7170033333,-64.8736383333
17.7161966667,-64.8715533333
17.714715,-64.875775
17.7357583333,-64.77604
17.7376733333,-64.77212
17.73449,-64.77425
17.7311216667,-64.77467
17.7321283333,-64.7699216667
17.7360516667,-64.768215
17.73793,-64.7681666667
17.7401166667,-64.764345
17.734165,-64.766905
17.7366066667,-64.763985
17.7333033333,-64.7655166667
17.73535,-64.7702516667
17.7478116667,-64.7860316667
17.74638,-64.7843383333
17.7430733333,-64.7853616667
17.7439783333,-64.7826966667
17.7457383333,-64.7790766667
17.7468233333,-64.775395
17.7012433333,-64.863165
17.745705,-64.7771483333
17.7487916667,-64.776765
17.7506033333,-64.7764433333
17.7498216667,-64.7791383333
17.74858,-64.781505
17.74998,-64.784705
17.7511183333,-64.7877916667
17.7517916667,-64.7846283333
17.752655,-64.7823866667
17.7519333333,-64.7790216667
17.7533283333,-64.7803033333
17.7407333333,-64.7968783333
17.7399266667,-64.8020783333
17.7381366667,-64.8013216667
17.738925,-64.7991116667
17.7420233333,-64.7991933333
17.7439066667,-64.7967733333
17.7398616667,-64.7959466667
17.7418583333,-64.7918883333
17.7434733333,-64.791465
17.7415716667,-64.7935166667
17.738435,-64.75429
17.74116,-64.7510183333
17.741535,-64.7483683333
17.74004,-64.7477383333
17.7397916667,-64.7509016667
17.7380266667,-64.7520633333
17.7364466667,-64.7514966667
17.7381566667,-64.74917
17.7361333333,-64.7492766667
17.7259616667,-64.8129766667
17.729915,-64.81301
17.726465,-64.81119
17.7285266667,-64.81211
17.7271866667,-64.809645
17.72849,-64.8085083333
17.72947,-64.80853
17.7297466667,-64.8101033333
17.7306066667,-64.8061566667
17.728575,-64.8052466667
17.72806,-64.8065633333
17.7468416667,-64.7205866667
17.7469016667,-64.7174683333
17.7440216667,-64.7196966667
17.74756,-64.7226533333
17.7507666667,-64.719025
17.75236,-64.7254966667
17.7529766667,-64.7212866667
17.7512633333,-64.7221533333
17.7505166667,-64.7240966667
17.7428583333,-64.7081516667
17.7452633333,-64.7097716667
17.7474483333,-64.7120933333
17.7446366667,-64.71434
17.7445533333,-64.7112083333
17.7418716667,-64.7114583333
17.7402033333,-64.706525
17.7411766667,-64.70241
17.7460616667,-64.7020583333
17.7449616667,-64.7063183333
17.7427,-64.704285
17.7473783333,-64.6978333333
17.7477466667,-64.69419
17.7449716667,-64.693205
17.74416,-64.6961516667
17.74432,-64.7000333333
17.7426066667,-64.7011416667
37.4970916667,-121.947003333
37.4950766667,-121.947643333
37.49165,-121.946065
37.4890566667,-121.942941667
37.4868466667,-121.939998333
37.4855766667,-121.93645
37.487165,-121.934961667
37.4884416667,-121.934261667
37.4984466667,-121.943743333
37.4998666667,-121.94032
37.4967,-121.938443333
37.4931866667,-121.937108333
37.4951633333,-121.940181667
37.4892533333,-121.9391
37.4915766667,-121.939535
37.4927733333,-121.944408333
37.4954466667,-121.944911667
37.4982816667,-121.951063333
37.498205,-121.949083333
37.47153,-121.925046667
33.41956,-112.01399
33.4180433333,-112.015426667
33.413953,-112.010227
33.413395,-112.01527
33.4113416667,-112.013286667
33.407444,-112.016419
33.4178583333,-112.009241667
33.40756,-112.00898
33.4102366667,-112.018331667
33.4145366667,-112.018463333
33.6641166667,-117.854893333
33.6635716667,-117.854075
33.6650533333,-117.853983333
33.6645483333,-117.854815
33.6649333333,-117.851938333
33.6447666667,-117.841201667
33.64286,-117.837988333
33.645155,-117.83476
33.6469416667,-117.836755
33.648995,-117.840581667
33.645115,-117.844615
33.6420933333,-117.844338333
33.6427,-117.848738333
33.6417966667,-117.852026667
33.6444833333,-117.852216667
33.6468616667,-117.850495
33.648045,-117.844576667
33.6500566667,-117.84525
33.652595,-117.844425
33.65248,-117.84608
33.6480516667,-117.832445
33.64138,-117.833958333
33.644135,-117.830238333
33.643115,-117.827418333
33.64715,-117.826753333
33.6491033333,-117.825546667
33.6459883333,-117.82365
33.6377333333,-117.825181667
33.641725,-117.82332
33.6441683333,-117.82319
33.6402733333,-117.830721667
33.6492666667,-117.854321667
33.65168,-117.824181667
33.6390433333,-117.850035
33.6407583333,-117.83641
33.6460583333,-117.83317
33.2131416667,-87.5411916667
33.212675,-87.53223
33.2082283333,-87.5311516667
33.206345,-87.53898
33.2023,-87.5392266667
33.2057766667,-87.5295766667
33.2067983333,-87.5266616667
33.2040733333,-87.5327283333
33.2033333333,-87.5360133333
33.204225,-87.540385
33.206825,-87.54343
33.2102633333,-87.5436216667
33.2082283333,-87.5495583333
33.2058383333,-87.5474333333
33.2191466667,-87.5343383333
33.201285,-87.5532333333
33.2037066667,-87.5530666667
33.2070666667,-87.5514083333
33.21065,-87.5537183333
33.2126966667,-87.54945
33.21628,-87.5492816667
33.21184,-87.54602
33.2098533333,-87.51419
33.21617,-87.5401183333
33.2145516667,-87.54578
33.2184,-87.54171
33.2206916667,-87.5430783333
33.21263,-87.515775
33.2190433333,-87.544275
33.205202,-87.548755
33.2113233333,-87.53488
33.209447,-87.527337
33.2129133333,-87.528905
33.2142666667,-87.5301283333
33.2179716667,-87.533765
33.2105133333,-87.533215
33.206335,-87.5346266667
33.200995,-87.5550833333
33.2073916667,-87.515295
33.1993533333,-87.5592033333
33.2039716667,-87.5618016667
33.2062266667,-87.5607183333
33.21025,-87.5601233333
33.203935,-87.5347883333
33.2118116667,-87.5604266667
33.2177283333,-87.54931
33.2186133333,-87.54768
33.220425,-87.5453866667
33.2181366667,-87.5579066667
33.200777,-87.55895
33.2083583333,-87.5176283333
33.2085233333,-87.518635
33.2133633333,-87.5189816667
33.2120466667,-87.5240416667
33.2119766667,-87.5183583333
33.219725,-87.5239833333
33.19855,-87.550265
33.2136833333,-87.52212
33.2158016667,-87.524375
33.2194883333,-87.536135
33.2068,-87.5189
33.2148283333,-87.53402
33.211635,-87.5548066667
33.2152266667,-87.5547533333
33.2143883333,-87.560735
33.209487,-87.562022
33.20808,-87.554482
33.2023933333,-87.5471166667
33.2137683333,-87.5200966667
40.23588,-74.76196
40.233945,-74.7614033333
40.231925,-74.7449383333
40.229077,-74.752578
40.2269266667,-74.7533333333
40.22611,-74.762065
40.2377733333,-74.760185
40.2365666667,-74.7459483333
40.2397116667,-74.7535916667
40.2311933333,-74.7585016667
40.2316283333,-74.7491233333
40.226035,-74.7564933333
40.2390816667,-74.7506633333
40.2311216667,-74.767295
40.231035,-74.7552166667
40.235565,-74.75217
40.2224266667,-74.774275
40.228725,-74.7836783333
40.2170416667,-74.7522116667
40.230235,-74.743569
40.23436,-74.7699266667
40.2321066667,-74.7741083333
40.22062,-74.7649933333
40.2176166667,-74.75008
40.2364066667,-74.7984683333
40.2255683333,-74.7672533333
40.2220883333,-74.7516116667
40.2328616667,-74.78229
40.2205933333,-74.74488
40.2397133333,-74.7750366667
40.2265216667,-74.7410533333
40.2278033333,-74.7686233333
40.2411016667,-74.7820533333
40.2372466667,-74.786415
40.22541,-74.7387283333
40.223335,-74.73889
40.2259616667,-74.74759
40.2322883333,-74.792505
40.2318883333,-74.777265
40.2229183333,-74.74773
40.2351666667,-74.79239
40.220939,-74.77225
40.237372,-74.773314
40.23651,-74.7759966667
40.2194733333,-74.75991
40.2203866667,-74.7570933333
40.234819,-74.789396
40.2343016667,-74.7998716667
40.226135,-74.7839833333
40.2421183333,-74.813825
40.2463116667,-74.808895
40.251257,-74.803017
40.2482016667,-74.79622
40.245995,-74.791705
40.24483,-74.7898883333
40.2438333333,-74.7834616667
40.2320366667,-74.7876966667
40.2407316667,-74.8172616667
40.23981,-74.812505
40.238548,-74.806393
40.2465233333,-74.8020533333
40.2407566667,-74.8059283333
40.24157,-74.7911883333
40.2368833333,-74.7900266667
40.2420116667,-74.8007616667
40.2438983333,-74.7922
40.2445566667,-74.7965633333
40.2368316667,-74.7959216667
40.2383933333,-74.8009183333
40.240265,-74.79634
40.2435,-74.8054516667
40.2421,-74.74535
40.2438816667,-74.7414766667
40.2427266667,-74.7510466667
40.240975,-74.7405733333
40.2421716667,-74.7353933333
40.2420083333,-74.7283266667
40.2334566667,-74.7364166667
40.2279883333,-74.7370216667
40.2244766667,-74.73305
40.2206916667,-74.72982
40.2168633333,-74.72976
40.2124683333,-74.7349566667
40.2091283333,-74.7374966667
40.2058616667,-74.7338616667
40.2008966667,-74.7422883333
40.19682,-74.7504666667
40.2005116667,-74.73893
40.1840716667,-74.74673
40.1873016667,-74.7537283333
40.1897,-74.75563
40.19156,-74.7520166667
40.1959733333,-74.757185
40.2040333333,-74.7622883333
40.203975,-74.7569583333
40.2095883333,-74.7634183333
40.2162266667,-74.76639
40.2125983333,-74.7592033333
40.210195,-74.745135
40.2081033333,-74.7558116667
40.200535,-74.7513283333
40.202715,-74.74538
40.2023033333,-74.7485466667
40.2014316667,-74.7361866667
40.20618,-74.740215
40.2066983333,-74.7484916667
40.2028866667,-74.739535
40.2060233333,-74.7439066667
40.219065,-74.7429066667
40.20921,-74.7506983333
40.2123133333,-74.744615
40.2095283333,-74.7392333333
40.2075433333,-74.7394166667
40.222375,-74.7359766667
40.2150116667,-74.7473866667
40.213155,-74.75268
40.2395483333,-74.7446533333
40.2383333333,-74.7395516667
40.2351416667,-74.7440266667
40.2185966667,-74.7361033333
40.2137,-74.7421466667
40.2139466667,-74.7374716667
40.2071866667,-74.7617216667
40.2161566667,-74.7629133333
40.2083466667,-74.758985
40.2113783333,-74.76143
40.2132233333,-74.7635683333
41.6570616667,-83.5522633333
41.65851,-83.5567016667
41.6675466667,-83.5658233333
41.6682583333,-83.5692583333
41.6711866667,-83.5656116667
41.674539,-83.567059
41.6770283333,-83.5650466667
41.6549966667,-83.54163
41.6615033333,-83.551185
41.6623666667,-83.5540383333
41.6683783333,-83.5602583333
41.6685083333,-83.5644683333
41.6739316667,-83.5645933333
41.6760166667,-83.5619033333
41.6638083333,-83.5499333333
41.6598116667,-83.5497433333
41.6599916667,-83.54603
41.6674283333,-83.5711933333
41.6652016667,-83.5670116667
41.6623966667,-83.5649716667
41.6591483333,-83.5646316667
41.6575183333,-83.562855
41.655725,-83.558145
41.6537233333,-83.554465
41.6532133333,-83.5958166667
41.6579933333,-83.5961433333
41.6595683333,-83.5902883333
41.6675616667,-83.5854666667
41.6702866667,-83.5835916667
41.6672966667,-83.5764233333
41.664015,-83.570275
41.6623066667,-83.568265
41.6696533333,-83.5791333333
41.6639516667,-83.580825
41.6611166667,-83.573015
41.65945,-83.5696233333
41.656545,-83.5668333333
41.6526866667,-83.5579233333
41.6555433333,-83.5625833333
41.653885,-83.568995
41.6564616667,-83.57238
41.6625933333,-83.5839216667
41.658995,-83.585385
41.6590066667,-83.579465
41.6562533333,-83.5802333333
41.656558,-83.588053
41.6537933333,-83.590695
41.6525816667,-83.58759
41.6505883333,-83.592555
41.6474066667,-83.5892866667
41.6453,-83.5836833333
41.6482283333,-83.5852216667
41.6492566667,-83.58011
41.652826,-83.580239
41.648455,-83.5736766667
41.6478716667,-83.57713
41.64546,-83.5786016667
41.6467433333,-83.57083
41.645195,-83.565425
41.6483116667,-83.567295
41.6498983333,-83.555175
41.648845,-83.5610716667
41.646515,-83.5589583333
41.65035,-83.56506
41.6646483333,-83.59392
41.6628333333,-83.605485
41.6661883333,-83.59775
41.669775,-83.5956616667
41.6685483333,-83.610875
41.6717866667,-83.6087033333
41.6755483333,-83.60627
41.6804683333,-83.6027516667
41.6827533333,-83.599255
41.6802316667,-83.5954
41.67303,-83.594025
41.6773433333,-83.5889066667
41.6737466667,-83.5884566667
41.67574,-83.5851016667
41.66157,-83.5875766667
41.67303,-83.5979766667
41.6757583333,-83.5988766667
41.67157,-83.5745316667
41.67336,-83.5744133333
41.64924,-83.5915433333
41.663275,-83.59822
41.6666783333,-83.581685
41.64607,-83.5552916667
41.6727266667,-83.60449
41.675275,-83.6020466667
41.645555,-83.5626133333
41.6502566667,-83.5219283333
41.6529416667,-83.5157183333
41.65643,-83.514895
41.6540966667,-83.5137966667
41.6532033333,-83.507615
41.6494316667,-83.50522
41.645953,-83.501451
41.6437366667,-83.5002716667
41.6418466667,-83.4991
41.638389,-83.497461
41.636815,-83.4984883333
41.63654,-83.5045783333
41.6262366667,-83.5065616667
41.6237466667,-83.50696
41.622105,-83.506415
41.6245766667,-83.5096633333
41.62311,-83.5114766667
41.62166,-83.50921
41.618725,-83.5112366667
41.6200116667,-83.5202716667
41.6209316667,-83.5152183333
41.6228033333,-83.5288033333
41.626625,-83.5295516667
41.629495,-83.5287383333
41.6294716667,-83.5245116667
41.63147,-83.5292833333
41.6351133333,-83.5301583333
41.6382,-83.53009
41.6405233333,-83.5275933333
41.6405166667,-83.5306216667
41.6436866667,-83.529095
41.648315,-83.5291316667
41.6459233333,-83.5252666667
41.6459533333,-83.5200483333
41.6490883333,-83.515105
41.6512833333,-83.512325
41.6483166667,-83.5098566667
41.6457216667,-83.5135816667
41.643238,-83.518176
41.6433616667,-83.520605
41.63648,-83.520295
41.634665,-83.52446
41.6322583333,-83.5227
41.6293366667,-83.521115
41.6311866667,-83.518465
41.634015,-83.52034
41.63489,-83.514635
41.6396033333,-83.5160383333
41.636805,-83.513735
41.643775,-83.5102883333
41.640755,-83.5104966667
41.6437283333,-83.5050483333
41.6382616667,-83.5060816667
41.6409783333,-83.5051016667
41.6410633333,-83.5003733333
41.6381616667,-83.5028
41.63036,-83.5095316667
41.6274183333,-83.5154233333
41.62226,-83.518715
41.6215883333,-83.523705
41.624945,-83.5208583333
41.6257533333,-83.526705
41.6317566667,-83.5124866667
41.63459,-83.51038
41.641755,-83.5139066667
41.63359,-83.52723
41.6366783333,-83.5275183333
41.62747,-83.5092866667
41.6332583333,-83.5167883333
41.6458416667,-83.5074116667
41.649525,-83.51872
41.6521516667,-83.5025466667
41.6494816667,-83.4952633333
41.6525566667,-83.488925
41.6508783333,-83.4972766667
41.649975,-83.4875633333
41.656045,-83.4912116667
41.6604766667,-83.4931866667
41.65801,-83.4874616667
41.6626166667,-83.4952583333
41.6615783333,-83.4999983333
41.6586733333,-83.4978633333
41.6598866667,-83.50363
41.6587,-83.5007616667
41.6653166667,-83.4955183333
41.6656616667,-83.4920033333
41.6656833333,-83.4881466667
41.66332,-83.4904433333
41.6546916667,-83.4974733333
41.6434316667,-83.5244266667
41.626205,-83.5116916667
41.657805,-83.4995816667
41.65141,-83.525285
41.63823,-83.509866
41.6234133333,-83.5320316667
41.6309633333,-83.51496
41.6570616667,-83.5522633333
41.65851,-83.5567016667
41.6806883333,-83.53884
41.6675466667,-83.5658233333
41.6682583333,-83.5692583333
41.6711866667,-83.5656116667
41.674539,-83.567059
41.6770283333,-83.5650466667
41.6806033333,-83.5624683333
41.6825716667,-83.5603866667
41.6857766667,-83.5528533333
41.6832733333,-83.552295
41.6867366667,-83.5434666667
41.6871333333,-83.53921
41.6876816667,-83.5345383333
41.6872033333,-83.5290133333
41.6830316667,-83.5264366667
41.679835,-83.52717
41.6767733333,-83.5262033333
41.6740233333,-83.5271066667
41.67174,-83.526255
41.6656283333,-83.5219316667
41.6670766667,-83.51798
41.6620166667,-83.5177266667
41.66061,-83.5193883333
41.6574866667,-83.5238066667
41.6552016667,-83.5279066667
41.6543083333,-83.5312716667
41.651275,-83.533035
41.653325,-83.536074
41.6549966667,-83.54163
41.65846,-83.5279633333
41.6615033333,-83.551185
41.6623666667,-83.5540383333
41.6683783333,-83.5602583333
41.6685083333,-83.5644683333
41.6739316667,-83.5645933333
41.6760166667,-83.5619033333
41.6788216667,-83.5543933333
41.684465,-83.5498216667
41.680205,-83.5512683333
41.6813916667,-83.54574
41.67893,-83.5408016667
41.6833533333,-83.539515
41.6832733333,-83.5343083333
41.683802,-83.530903
41.6804783333,-83.5311133333
41.6815983333,-83.53601
41.6790333333,-83.5353866667
41.6759783333,-83.543085
41.6779466667,-83.5491283333
41.6742266667,-83.5579633333
41.6693533333,-83.5530383333
41.665501,-83.553746
41.6638083333,-83.5499333333
41.6598116667,-83.5497433333
41.6599916667,-83.54603
41.677775,-83.5622266667
41.6582383333,-83.5399716667
41.6570216667,-83.5325016667
41.6599783333,-83.5315516667
41.6640133333,-83.5204566667
41.6643933333,-83.5273566667
41.66086,-83.5263933333
41.6646683333,-83.5389766667
41.667155,-83.5349333333
41.6657983333,-83.5296783333
41.6741783333,-83.5310233333
41.6740083333,-83.53419
41.67119,-83.536895
41.6747733333,-83.53907
41.67335,-83.5438533333
41.668655,-83.54101
41.6663716667,-83.542215
41.66205,-83.5426566667
41.6638416667,-83.54587
41.6679333333,-83.54778
41.67326,-83.54941
41.6647583333,-83.5331316667
41.6700216667,-83.5486916667
41.6770916667,-83.532715
41.6765633333,-83.535905
41.6614933333,-83.5236616667
41.6665383333,-83.55078
41.679819,-83.557783
41.6557683333,-83.53491
41.6674283333,-83.5711933333
41.662388,-83.564975
41.6591483333,-83.5646316667
41.6575183333,-83.562855
41.655725,-83.558145
41.6537233333,-83.554465
41.6672966667,-83.5764233333
41.664015,-83.570275
41.6623066667,-83.568265
41.6696533333,-83.5791333333
41.65945,-83.5696233333
41.656545,-83.5668333333
41.6526866667,-83.5579233333
41.6555433333,-83.5625833333
41.6498983333,-83.555175
41.67157,-83.5745316667
41.67336,-83.5744133333
27.9658916667,-82.4593433333
27.9686716667,-82.4581366667
27.96755,-82.455615
27.971025,-82.4599666667
27.97385,-82.4559766667
27.9753616667,-82.45505
27.9773133333,-82.4593583333
27.9799516667,-82.45933
27.980845,-82.4552633333
27.9787766667,-82.4567633333
27.97713,-82.4553683333
27.983655,-82.4305933333
27.98187,-82.44709
27.974211,-82.447009
27.97982,-82.4364333333
27.973025,-82.4223083333
27.9759183333,-82.45109
27.9663866667,-82.4511666667
27.965935,-82.4428883333
27.9689016667,-82.4300483333
27.9676333333,-82.4398266667
27.9703966667,-82.4431166667
27.9673866667,-82.43501
27.97556,-82.43193
27.97916,-82.4354266667
27.9819366667,-82.4353133333
27.9911233333,-82.434975
27.987125,-82.4306233333
27.9807733333,-82.43061
27.97706,-82.4285633333
27.96669,-82.421695
27.9693383333,-82.42569
27.969835,-82.424225
27.9716833333,-82.4226816667
27.97847,-82.4227416667
27.9812733333,-82.4233866667
27.98171,-82.4182866667
27.9825116667,-82.4161866667
27.9850866667,-82.413575
27.9961683333,-82.4137833333
27.99077,-82.41464
27.9959733333,-82.41684
27.9963333333,-82.42653
27.992335,-82.4265716667
27.9667066667,-82.4348416667
27.976707,-82.437915
27.974043,-82.442903
27.976015,-82.4428866667
27.9686333333,-82.433585
27.9799316667,-82.44262
27.978425,-82.4426666667
27.9766166667,-82.4346733333
27.9733483333,-82.4286283333
27.9705066667,-82.4346733333
27.9705416667,-82.4514566667
27.9706533333,-82.4474933333
27.974775,-82.426245
27.981556,-82.42686
27.9898866667,-82.4163266667
27.9917383333,-82.4220183333
27.99205,-82.4182416667
27.9899666667,-82.4220433333
27.984245,-82.4225583333
27.9863816667,-82.4244716667
27.98688,-82.4155516667
27.98504,-82.4189683333
27.98501,-82.4264416667
27.9863966667,-82.4345066667
27.9888033333,-82.4283183333
27.9723866667,-82.45207
27.9711616667,-82.437885
27.9733216667,-82.4596583333
27.9664116667,-82.4467833333
27.967605,-82.4279766667
27.97812,-82.44569
27.9710383333,-82.4552766667
27.9958683333,-82.42282
27.9780733333,-82.4201333333
27.9740666667,-82.4178083333
27.9704933333,-82.4177716667
27.9676566667,-82.41491
27.9669033333,-82.410415
27.9676066667,-82.405865
27.9695066667,-82.4010516667
27.9762483333,-82.392715
27.98158,-82.3936
27.977735,-82.4153983333
27.9814516667,-82.40118
27.97795,-82.4014033333
27.9741733333,-82.3985766667
27.97466,-82.4069883333
27.9708433333,-82.4123983333
27.972835,-82.4089666667
27.96864,-82.402425
27.9701166667,-82.4039633333
27.9920383333,-82.4058516667
27.9935,-82.41016
27.993715,-82.4325983333
27.989375,-82.4082716667
27.97016,-82.40732
27.97924,-82.3955033333
27.9824733333,-82.4398083333
43.051285,-76.17423
43.0511766667,-76.15998
43.0372416667,-76.1575483333
43.0397083333,-76.1603266667
43.03557,-76.1538416667
43.0361,-76.146925
43.03795,-76.146525
43.0393516667,-76.1436016667
43.0415616667,-76.13995
43.0408716667,-76.1455633333
43.0437116667,-76.1447966667
43.040865,-76.1502966667
43.0387816667,-76.1407016667
43.0387516667,-76.1548683333
43.0419383333,-76.1542983333
43.0457933333,-76.1541016667
43.04465,-76.157925
43.04777,-76.1594683333
43.0417916667,-76.1590466667
43.0459833333,-76.1611433333
43.04829,-76.1647916667
43.0445316667,-76.1649116667
43.0410266667,-76.1641316667
43.035,-76.1444866667
43.049505,-76.1676866667
43.0738433333,-76.1671583333
43.067575,-76.168995
43.06958,-76.1637983333
43.0676316667,-76.162365
43.0646283333,-76.1614333333
43.0684383333,-76.1571666667
43.0610366667,-76.1540233333
43.0589333333,-76.1540016667
43.06062,-76.1488733333
43.0565183333,-76.1506583333
43.05256,-76.1489066667
43.051935,-76.14453
43.0524283333,-76.1398216667
43.0582233333,-76.1442533333
43.0627383333,-76.1459816667
43.0718816667,-76.14782
43.07079,-76.148315
43.0666333333,-76.1436666667
43.0719466667,-76.1410833333
43.07268,-76.1383416667
43.0710566667,-76.134825
43.06339,-76.13716
43.0627683333,-76.1411733333
43.0576733333,-76.1387683333
43.0519816667,-76.1343516667
43.0543,-76.1327083333
43.0579683333,-76.135445
43.060705,-76.1304433333
43.05202,-76.12937
43.0540216667,-76.1252583333
43.0582833333,-76.1191016667
43.06168,-76.1242466667
43.0636816667,-76.12663
43.065135,-76.12526
43.063,-76.122622
43.060355,-76.1569516667
43.0530483333,-76.1497916667
43.0660733333,-76.1584783333
43.0741566667,-76.1482583333
43.0552166667,-76.143705
43.0751183333,-76.1609033333
43.0596,-76.1470416667
43.0730233333,-76.1646083333
43.07759,-76.1610166667
43.0700333333,-76.1521883333
43.0641883333,-76.1506516667
43.008155,-76.1396083333
43.0098166667,-76.1480616667
43.014174,-76.141734
43.014125,-76.1475616667
43.0227433333,-76.1583166667
43.016556,-76.154407
43.0122666667,-76.1544283333
43.0159133333,-76.1509433333
43.017237,-76.148521
43.0155716667,-76.13734
43.0174533333,-76.14386
43.0201016667,-76.160465
43.0194316667,-76.1509583333
43.0206233333,-76.1531016667
43.0260216667,-76.153545
43.0244616667,-76.1406883333
43.0220933333,-76.143835
43.0230683333,-76.1594433333
43.023565,-76.1502883333
43.0261583333,-76.14857
43.0303233333,-76.146465
43.027545,-76.1444266667
43.0366733333,-76.1795216667
43.0299466667,-76.15123
43.0320333333,-76.1441383333
43.0306183333,-76.1539016667
43.032195,-76.1616183333
43.0268283333,-76.1514433333
43.048185,-76.1770183333
43.05083,-76.1835666667
43.0521666667,-76.179895
43.0341083333,-76.178545
43.051295,-76.1742566667
43.049275,-76.1714733333
43.0282366667,-76.157735
43.0357483333,-76.1749533333
43.0389266667,-76.1730583333
43.0381516667,-76.1661666667
43.0511766667,-76.15998
43.0367,-76.168507
43.03377,-76.1654833333
43.0372416667,-76.1575483333
43.03369,-76.159615
43.0397083333,-76.1603266667
43.03557,-76.1538416667
43.0361,-76.146925
43.03795,-76.146525
43.0393516667,-76.1436016667
43.0415616667,-76.13995
43.0408716667,-76.1455633333
43.0437116667,-76.1447966667
43.040865,-76.1502966667
43.041015,-76.168835
43.0387816667,-76.1407016667
43.0387516667,-76.1548683333
43.0419383333,-76.1542983333
43.0457933333,-76.1541016667
43.04465,-76.157925
43.04777,-76.1594683333
43.0417916667,-76.1590466667
43.0459833333,-76.1611433333
43.04829,-76.1647916667
43.0445316667,-76.1649116667
43.0410266667,-76.1641316667
43.0460283333,-76.1693466667
43.0442633333,-76.173735
43.0259633333,-76.1451533333
43.035,-76.1444866667
43.049505,-76.1676866667
43.0269483333,-76.1610083333
43.067575,-76.168995
43.06958,-76.1637983333
43.0676316667,-76.162365
43.0646283333,-76.1614333333
43.0610366667,-76.1540233333
43.06062,-76.1488733333
43.0565183333,-76.1506583333
43.05256,-76.1489066667
43.051935,-76.14453
43.0524283333,-76.1398216667
43.0582233333,-76.1442533333
43.0627383333,-76.1459816667
43.0576733333,-76.1387683333
43.0519816667,-76.1343516667
43.0543,-76.1327083333
43.0579683333,-76.135445
43.0540216667,-76.1252583333
43.060355,-76.1569516667
43.0530483333,-76.1497916667
43.0660733333,-76.1584783333
43.0552166667,-76.143705
43.0596,-76.1470416667
38.6878266667,-90.2455333333
38.689677,-90.249738
38.69081,-90.251705
38.6932216667,-90.2550733333
38.6956066667,-90.257225
38.6986783333,-90.2582683333
38.69991,-90.260945
38.702815,-90.2654566667
38.7035966667,-90.2620283333
38.7070066667,-90.2624166667
38.7077966667,-90.2557716667
38.7109883333,-90.2608816667
38.7120133333,-90.2548216667
38.7094233333,-90.2524116667
38.7042783333,-90.2548833333
38.7024033333,-90.2573483333
38.7011366667,-90.2535333333
38.7035866667,-90.2512266667
38.70506,-90.2487866667
38.7010116667,-90.2471316667
38.6985516667,-90.2435083333
38.6981183333,-90.24821
38.6955866667,-90.2528516667
38.6949483333,-90.24824
38.6915933333,-90.2463416667
38.6949816667,-90.2441183333
38.6926933333,-90.24033
38.6891916667,-90.2420116667
38.689435,-90.248205
38.593195,-90.22581
38.5978966667,-90.2390516667
38.586396,-90.236033
38.58654,-90.231717
38.5899166667,-90.2303116667
38.587845,-90.227015
38.58227,-90.2355983333
38.5902283333,-90.2363833333
38.59195,-90.2401366667
38.593715,-90.2304316667
38.5927033333,-90.22251
38.597741,-90.232883
38.5970916667,-90.2283733333
38.5947166667,-90.234745
38.583735,-90.2286966667
38.585842,-90.223368
38.5833483333,-90.2371583333
38.5880125,-90.2407536
38.589955,-90.21967
38.5960433333,-90.2370316667
38.60004,-90.2289383333
38.597708,-90.225445
38.583245,-90.2423316667
38.5865333333,-90.2341416667
38.5890466667,-90.2249366667
38.5974483333,-90.2326433333
38.5903066667,-90.231395
38.582285,-90.2295866667
38.5828783333,-90.2246566667
38.5846733333,-90.22048
38.5922566667,-90.2211166667
38.5951866667,-90.222595
38.6014183333,-90.2356383333
38.596635,-90.2441083333
38.5893566667,-90.242585
38.579155,-90.2336283333
38.686872,-90.272846
38.683309,-90.268534
38.682384,-90.27314
38.6826516667,-90.2789616667
38.6775433333,-90.2763283333
38.673178,-90.270687
38.6694483333,-90.2758466667
38.68032,-90.2733616667
38.67891,-90.2822366667
38.6738566667,-90.2748133333
38.672795,-90.2570633333
38.664835,-90.2567
38.6660633333,-90.2650033333
38.6762366667,-90.255225
38.6684083333,-90.2418816667
38.67433,-90.23379
38.6623433333,-90.256635
38.663515,-90.2688533333
38.664255,-90.24428
38.6811766667,-90.2639283333
38.6652966667,-90.2739783333
38.6786933333,-90.2472166667
38.6778016667,-90.2435016667
38.6616416667,-90.2231033333
38.6596933333,-90.2656966667
38.6626233333,-90.24836
38.6709616667,-90.2809383333
38.6734716667,-90.2463533333
38.668755,-90.2661083333
38.6598983333,-90.2597566667
38.671205,-90.238755
38.6683333333,-90.25879
38.6623033333,-90.2636
38.678356,-90.231288
38.6759908,-90.2276408
38.6579566667,-90.2542966667
38.678288,-90.255195
38.6765033333,-90.237035
38.667811,-90.264685
38.664765,-90.234855
38.67939,-90.2575316667
38.66603,-90.2514583333
38.67117,-90.2336
38.677031,-90.259478
38.6733683333,-90.2388433333
38.67078,-90.245681
38.66522,-90.2672916667
38.6645016667,-90.253285
38.672065,-90.2636716667
38.670741,-90.252095
38.675269,-90.22213
38.6727366667,-90.2523183333
38.6649866667,-90.22736
38.672987,-90.236615
38.6752933333,-90.2307933333
38.6599966667,-90.2293533333
38.669442,-90.227452
38.6694483333,-90.2235116667
38.67338,-90.2808783333
38.6761666667,-90.2805466667
38.6800716667,-90.268355
38.6764233333,-90.2708466667
38.6758866667,-90.261685
38.6621083333,-90.2526283333
38.6752333333,-90.2504433333
38.66982,-90.2491333333
38.6750066667,-90.2405316667
38.6785116667,-90.2370066667
38.67714,-90.2261566667
38.6759066667,-90.2170766667
38.6726066667,-90.2211016667
38.664415,-90.2406183333
38.6620983333,-90.2313133333
38.6732233333,-90.2245716667
38.6768983333,-90.2196516667
38.6771333333,-90.2141066667
38.678515,-90.2115183333
38.674755,-90.2073266667
38.6720983333,-90.2067883333
38.6679016667,-90.203335
38.6661316667,-90.205685
38.66321,-90.204955
38.6629783333,-90.2100266667
38.6643683333,-90.2120266667
38.6662433333,-90.2157066667
38.6684533333,-90.2201316667
38.67087,-90.218235
38.6722766667,-90.2149966667
38.6744183333,-90.2121266667
38.672,-90.2108316667
38.6682983333,-90.214925
38.66943,-90.209445
38.6709966667,-90.2064416667
38.6669233333,-90.2095266667
38.666955,-90.2318066667
38.6718066667,-90.2291216667
38.6691966667,-90.2367066667
38.64865,-90.2025833333
38.6489933333,-90.1975033333
38.6483266667,-90.1939733333
38.64561,-90.1912066667
38.6407116667,-90.1895016667
38.63928,-90.1875866667
38.6346483333,-90.1872366667
38.63394,-90.1844916667
38.6300566667,-90.1866
38.6311733333,-90.19233
38.63347,-90.2023716667
38.6352483333,-90.2092233333
38.645525,-90.2059883333
38.6485883333,-90.2062683333
38.64447,-90.2025283333
38.6428183333,-90.1994383333
38.6441783333,-90.19591
38.6409616667,-90.1954416667
38.6396933333,-90.2012883333
38.63767,-90.2052816667
38.6383933333,-90.1924266667
38.63378,-90.1971133333
38.7892366667,-90.216125
38.7708466667,-90.2214866667
38.7704416667,-90.2166033333
38.76927,-90.2105416667
38.7731933333,-90.2084166667
38.7767166667,-90.2038383333
38.7711383333,-90.2269933333
38.7721666667,-90.2335366667
38.77649,-90.2343333333
38.7732416667,-90.21341
38.789247,-90.216141
38.789295,-90.220828
38.7925783333,-90.220625
38.78982,-90.218715
38.79403,-90.21819
38.799855,-90.208565
38.7981583333,-90.2106766667
38.794955,-90.212845
38.79495,-90.228752
38.7915566667,-90.2300233333
38.792875,-90.2279283333
38.7902933333,-90.228005
38.79036,-90.2092383333
38.7847333333,-90.2183466667
38.7849433333,-90.222915
38.78444,-90.2336483333
38.7878733333,-90.23262
38.81218,-90.2273083333
38.8069716667,-90.2151116667
38.8091616667,-90.2274933333
38.8057066667,-90.2269466667
38.797331,-90.226956
38.789215,-90.1976316667
38.78369,-90.1999916667
38.7885283333,-90.2030416667
38.7695616667,-90.2132433333
38.78656,-90.2027
38.7832533333,-90.23037
38.779315,-90.2186333333
38.780214,-90.224648
38.801295,-90.2274733333
38.78707,-90.1969666667
38.7824816667,-90.194125
38.7797166667,-90.1953366667
38.77298,-90.1973783333
38.7692616667,-90.2018
38.7666733333,-90.1945433333
38.7695266667,-90.19784
38.766082,-90.201317
38.7708066667,-90.207325
38.7657916667,-90.2068033333
38.76288,-90.2036433333
38.76177,-90.207565
38.7611616667,-90.1921
38.76315,-90.1894233333
38.75957,-90.1917666667
38.7559466667,-90.2015383333
38.7630366667,-90.1867016667
38.760575,-90.18865
38.7571716667,-90.1912183333
38.7596583333,-90.196305
38.7545866667,-90.2032066667
38.75334,-90.1999033333
38.7512333333,-90.2025483333
38.7469866667,-90.2000566667
38.7471083333,-90.2038966667
38.749855,-90.2058483333
38.7468966667,-90.2072266667
38.760555,-90.2097133333
38.7564066667,-90.20616
38.7528916667,-90.2063333333
38.75366,-90.210155
38.7516166667,-90.214435
38.7512816667,-90.2092583333
38.7483366667,-90.2137883333
38.7489883333,-90.211005
38.7561933333,-90.1939083333
38.788935,-90.1918416667
38.7558816667,-90.2110333333
38.7524483333,-90.1952433333
38.7576033333,-90.197555
38.7652116667,-90.1956133333
38.75821,-90.205885
38.791415,-90.22436
38.727074,-90.255252
38.7482783333,-90.2659383333
38.7496766667,-90.2687683333
38.7531833333,-90.2781033333
38.74845,-90.27923
38.741095,-90.2747416667
38.7415566667,-90.2642
38.7233383333,-90.2577483333
38.7204116667,-90.2617966667
38.7211866667,-90.26657
38.72509,-90.271105
38.728645,-90.2715433333
38.732835,-90.2715366667
38.750033,-90.260376
38.7471033333,-90.251165
38.7308666667,-90.2544266667
38.734725,-90.2521366667
38.7419116667,-90.2526316667
38.75626,-90.2745383333
38.75725,-90.2694216667
38.760415,-90.2653566667
38.7647783333,-90.260355
38.768099,-90.260793
38.76962,-90.2560533333
38.7673283333,-90.251365
38.76319,-90.2464833333
38.7570483333,-90.2427083333
38.76134,-90.2423216667
38.7526483333,-90.2415183333
38.74987,-90.2443916667
38.7661833333,-90.2569766667
38.7632583333,-90.2533466667
38.75438,-90.2454433333
38.761585,-90.2578483333
38.7248966667,-90.2619633333
38.7238433333,-90.2657333333
38.7276616667,-90.25791
38.7286233333,-90.262275
38.7314933333,-90.267515
38.743265,-90.2544183333
38.7504166667,-90.2488183333
38.753495,-90.2509283333
38.7567616667,-90.2487683333
38.749277,-90.274403
38.7456066667,-90.2589633333
38.75434,-90.2674016667
38.7600566667,-90.252265
38.761522,-90.248673
38.7584716667,-90.2465333333
38.7564066667,-90.2543383333
38.7579166667,-90.2626266667
38.7449666667,-90.2654833333
38.738585,-90.2573616667
38.7348183333,-90.2565016667
38.751465,-90.2452616667
38.7606383333,-90.2453916667
38.7356566667,-90.250625
38.7261716667,-90.244735
38.7231333333,-90.255695
38.7274283333,-90.2509
38.7314283333,-90.2506816667
38.73289,-90.24591
38.7236416667,-90.25068
38.736065,-90.2485683333
38.7360966667,-90.2645333333
38.7356466667,-90.268335
38.7282233333,-90.2653316667
38.7382516667,-90.2659716667
38.7441966667,-90.2785133333
40.6155566667,-74.08719
40.6446733333,-74.0774883333
40.61679,-74.0758266667
40.636375,-74.1196483333
40.642425,-74.0972366667
40.635195,-74.1187966667
40.6364833333,-74.11792
40.622485,-74.0807433333
40.6468316667,-74.0882433333
40.64473,-74.086805
40.6379408333,-74.0946453333
40.617018,-74.068383
40.6298433333,-74.1124733333
40.6315216667,-74.0756816667
40.6096966667,-74.0744016667
40.6311,-74.08799
40.6102783333,-74.089675
40.6248676667,-74.0749226667
40.6078633333,-74.08354
40.6201616667,-74.08083
40.6403933333,-74.11214
40.6279433333,-74.1177133333
40.6285533333,-74.075905
40.63826,-74.1086766667
40.640385,-74.076105
40.6115883333,-74.0704366667
40.634695,-74.0974933333
40.636225,-74.12346
40.6427766667,-74.106305
40.6394416667,-74.1021816667
40.6409766667,-74.0954183333
40.6323033333,-74.1072766667
40.6388966667,-74.0844216667
40.63134,-74.0930433333
40.6304266667,-74.1072283333
40.6130816667,-74.069155
40.6395166667,-74.0793133333
40.6337033333,-74.0780883333
40.63853,-74.0908616667
40.6455183333,-74.09294
40.631875,-74.08178
40.6417166667,-74.089875
40.6372816667,-74.113725
40.6069883333,-74.0762133333
40.629568,-74.084707
40.6425116667,-74.1144266667
40.625575,-74.0844833333
40.63405,-74.088355
40.6339533333,-74.0919116667
40.61924,-74.0701033333
40.6107433333,-74.0792016667
40.6068333333,-74.079275
40.6080633333,-74.0866016667
40.63171,-74.1190116667
40.6130483333,-74.0874516667
40.6153816667,-74.0820283333
40.6211366667,-74.0760266667
40.6400266667,-74.1200716667
40.6143733333,-74.0723966667
40.6328583333,-74.125195
40.6260266667,-74.0818366667
40.6355816667,-74.10608
40.6453416667,-74.1056633333
40.6364566667,-74.1268316667
40.6418083333,-74.0858816667
40.630865,-74.10435
40.6347533333,-74.1019383333
40.6114116667,-74.07563
40.6367033333,-74.0848066667
40.6313683333,-74.10108
40.622805,-74.084925
40.6344833333,-74.1221316667
40.6319833333,-74.123355
40.6317366667,-74.0860483333
40.634555,-74.1091283333
40.6103083333,-74.0858916667
40.6444933333,-74.098245
40.64483,-74.1101566667
40.6414883333,-74.103345
40.6383583333,-74.1292416667
40.640105,-74.1342866667
40.6230983333,-74.1286116667
40.6377566667,-74.147435
40.6368416667,-74.151275
40.6399266667,-74.1647516667
40.63594,-74.1713133333
40.63418,-74.1678483333
40.63372,-74.166105
40.63321,-74.1619183333
40.6323966667,-74.16399
40.6308166667,-74.1635166667
40.632115,-74.1626
40.6304666667,-74.1681516667
40.6274366667,-74.1722033333
40.622215,-74.16863
40.6204533333,-74.16452
40.6181516667,-74.15993
40.615615,-74.156535
40.614485,-74.1542866667
40.61754,-74.15251
40.6198366667,-74.15002
40.6231816667,-74.1448633333
40.6228683333,-74.1418883333
40.6230416667,-74.1355116667
40.6233433333,-74.13202
40.6240333333,-74.124795
40.6366033333,-74.1324166667
40.6308333333,-74.1271966667
40.6257083333,-74.13608
40.6294616667,-74.1303183333
40.634175,-74.1330816667
40.6305466667,-74.1346483333
40.637965,-74.1357133333
40.6341866667,-74.1363833333
40.631475,-74.1383966667
40.63453,-74.1426616667
40.62628,-74.142605
40.6294216667,-74.140525
40.6309033333,-74.1448016667
40.6295933333,-74.1466066667
40.62645,-74.1463033333
40.634345,-74.1531783333
40.637305,-74.1675466667
40.63658,-74.1636633333
40.6318233333,-74.1572633333
40.6345883333,-74.1580933333
40.6319633333,-74.153225
40.6292266667,-74.1496616667
40.6292616667,-74.1539483333
40.625032,-74.150856
40.6259516667,-74.15411
40.627435,-74.1690516667
40.627725,-74.1646333333
40.6287316667,-74.1588816667
40.6248083333,-74.1671766667
40.62343,-74.1631316667
40.62072,-74.1603833333
40.6193766667,-74.1560083333
40.6222566667,-74.1583383333
40.640076,-74.138903
40.6361083333,-74.1390633333
40.62024,-74.15282
40.6217716667,-74.1385383333
40.6246616667,-74.1577683333
40.6275316667,-74.1329533333
40.63656,-74.1570466667
40.633755,-74.146845
40.6383766667,-74.14306
40.640325,-74.172665
40.6393466667,-74.1713616667
40.6408616667,-74.1684983333
40.6385616667,-74.1661716667
42.1425266667,-72.57422
42.143715,-72.571825
42.1402616667,-72.5704533333
42.143645,-72.5664033333
42.14495,-72.5664383333
42.1386,-72.57148
42.137865,-72.5682383333
42.1387216667,-72.5628683333
42.14171,-72.56143
42.1345533333,-72.5648916667
42.1352333333,-72.568355
42.133685,-72.57209
42.1315983333,-72.5677283333
42.1336416667,-72.563435
42.131515,-72.5625216667
42.1357883333,-72.557685
42.0960383333,-72.5551966667
42.109355,-72.5621433333
42.0989983333,-72.56404
42.0910783333,-72.561545
42.0887166667,-72.578395
42.096945,-72.5836366667
42.09939,-72.5752266667
42.099835,-72.58254
42.101195,-72.58059
42.1108783333,-72.579565
42.1005483333,-72.5873433333
42.1013433333,-72.5838433333
42.1024016667,-72.5769733333
42.1067433333,-72.5686216667
42.10464,-72.5659066667
42.1001766667,-72.5684116667
42.0909383333,-72.579045
42.0891216667,-72.5672633333
42.1039683333,-72.56009
42.0993616667,-72.5575366667
42.0944833333,-72.57477
42.1094366667,-72.5754216667
42.106875,-72.5782783333
42.09256,-72.5741616667
42.09594,-72.567525
42.0977766667,-72.570195
42.0976416667,-72.563555
42.107945,-72.5731283333
42.1101416667,-72.566205
42.1128466667,-72.5646516667
42.11324,-72.5579066667
42.1150483333,-72.56797
42.1113633333,-72.5720683333
42.0882733333,-72.559015
42.1029633333,-72.56863
42.1023766667,-72.5627116667
42.0940483333,-72.570605
42.08599,-72.5641666667
42.086565,-72.55854
42.1053016667,-72.5791716667
42.1045866667,-72.5823316667
42.1069,-72.6052366667
42.1202066667,-72.5749866667
42.101885,-72.5920766667
42.1055466667,-72.59787
42.1031483333,-72.5858283333
42.10505,-72.5910216667
42.1162783333,-72.59929
42.119915,-72.5850166667
42.1123266667,-72.5982433333
42.111585,-72.5897733333
42.1274166667,-72.6108333333
42.11933,-72.5704266667
42.1214066667,-72.5920066667
42.1154166667,-72.5930833333
42.1231416667,-72.6099833333
42.1080616667,-72.5887383333
42.1124683333,-72.5795366667
42.1268316667,-72.6145866667
42.11409,-72.589893
42.1130866667,-72.581935
42.1101866667,-72.60842
42.121275,-72.5779616667
42.1120016667,-72.609265
42.1144683333,-72.585275
42.121265,-72.588865
42.1208866667,-72.6033516667
42.1019333333,-72.5896066667
42.1258716667,-72.5868583333
42.1083116667,-72.586155
42.1091283333,-72.5938216667
42.11767,-72.58154
42.1218783333,-72.5712466667
42.11991,-72.6150969
42.1225583333,-72.6182266667
42.1037933333,-72.5941916667
42.1248643333,-72.6021796667
42.1165783333,-72.6071183333
42.11701,-72.6129616667
42.10423,-72.5874933333
42.1030866667,-72.5904466667
42.1050516667,-72.5558316667
42.1124433333,-72.55619
42.0944033333,-72.58262
42.0838316667,-72.5719933333
42.08451,-72.5580216667
42.079125,-72.5536333333
42.0827416667,-72.5496
42.0840616667,-72.5446883333
42.0863466667,-72.5460266667
42.08614,-72.55469
42.0879166667,-72.55085
42.0928,-72.5496316667
42.0902066667,-72.55366
42.0940033333,-72.5530933333
42.105375,-72.55126
42.1155816667,-72.55267
42.1173566667,-72.5497783333
42.1173683333,-72.55735
42.1239666667,-72.5551733333
42.127766,-72.55806
42.1231766667,-72.558215
42.1236133333,-72.560505
42.1212833333,-72.5603733333
42.1197483333,-72.5592733333
42.1198566667,-72.56234
42.097725,-72.5863333333
42.099665,-72.58935
42.1240233333,-72.5840366667
42.1206733333,-72.555785
42.1197766667,-72.5496183333
42.0802666667,-72.545795
42.0807083333,-72.55138
42.0897583333,-72.56318
42.107625,-72.55735
42.1107583333,-72.5577416667
42.08321,-72.54768
42.0827133333,-72.5528416667
42.0848516667,-72.5507466667
42.0891933333,-72.5556233333
42.0911583333,-72.551075
42.0917333333,-72.5548233333
42.1228833333,-72.5831716667
42.1243616667,-72.5922983333
42.12913,-72.5901233333
42.0936433333,-72.562805
42.0954916667,-72.5856966667
42.10661,-72.5631733333
42.1292816667,-72.60039
42.0798016667,-72.558475
42.1099416667,-72.56939
42.1233966667,-72.5972283333
42.1198483333,-72.5968766667
42.09196,-72.5456016667
42.090025,-72.5401116667
42.086535,-72.5397183333
42.088385,-72.5358516667
42.0923133333,-72.5352666667
42.0863083333,-72.5340516667
42.0882766667,-72.5310433333
42.0829316667,-72.539685
42.0851466667,-72.5431633333
42.08063,-72.5428883333
42.08028,-72.5378983333
42.08383,-72.5358216667
42.079805,-72.53535
42.0824583333,-72.5329383333
42.0773316667,-72.54626
42.0765133333,-72.5512033333
42.0772983333,-72.5562733333
39.767775,-89.610505
39.7685,-89.626265
39.765064,-89.616356
39.7663216667,-89.6291933333
39.7614033333,-89.6303516667
39.757502,-89.625362
39.757975,-89.6220166667
39.7624433333,-89.624915
39.765995,-89.6221483333
39.76974,-89.618125
39.76353,-89.6119233333
39.7605483333,-89.611995
39.7583233333,-89.6138266667
39.7578833333,-89.618115
39.762525,-89.6193383333
39.7691116667,-89.6139583333
39.7689916667,-89.622505
39.7622,-89.6144016667
39.7577433333,-89.6292166667
39.76585,-89.6130366667
39.787095,-89.613269
39.784049,-89.642248
39.812715,-89.65049
39.80576,-89.6407733333
39.798705,-89.63103
39.7979883333,-89.612935
39.7994166667,-89.641375
39.816815,-89.6350916667
39.8164683333,-89.63994
39.809785,-89.6482883333
39.790555,-89.6359116667
39.79694,-89.6219416667
39.7900183333,-89.6210133333
39.78001,-89.616655
39.7808916667,-89.61883
39.7713216667,-89.6413966667
39.777295,-89.6195166667
39.8087116667,-89.65767
39.8105366667,-89.6518266667
39.8075133333,-89.6616383333
39.81314,-89.6573166667
39.807175,-89.6445866667
39.79276,-89.6409333333
39.802795,-89.641598
39.804235,-89.6362816667
39.7807266667,-89.6256633333
39.8162183333,-89.6447
39.77686,-89.6321233333
39.8007083333,-89.6173483333
39.8018266667,-89.6327366667
39.80382,-89.6443683333
39.7905816667,-89.6131216667
39.8149633333,-89.6506866667
39.8129,-89.65454
39.8057983333,-89.65757
39.8168166667,-89.64912
39.806265,-89.6539366667
39.8095666667,-89.6412633333
39.81168,-89.6433616667
39.8082983333,-89.63474
39.80768,-89.637845
39.810145,-89.63019
39.794715,-89.6174983333
39.7872383333,-89.618245
39.7933566667,-89.6209616667
39.7958083333,-89.6267416667
39.795935,-89.6396333333
39.7945933333,-89.6321466667
39.7905616667,-89.63128
39.7883533333,-89.6397933333
39.78675,-89.6339
39.7830383333,-89.6384833333
39.7793883333,-89.6410783333
39.779445,-89.6360933333
39.7872883333,-89.6244783333
39.7771583333,-89.6236816667
39.7770433333,-89.6268316667
39.7753866667,-89.6356
39.8018616667,-89.62239
39.8059916667,-89.630745
39.8133616667,-89.6460833333
39.7961383333,-89.635225
39.79373,-89.635435
39.792725,-89.6274916667
39.7905916667,-89.626285
39.7828983333,-89.6309683333
39.7716966667,-89.638115
39.8049783333,-89.6499183333
39.8003266667,-89.6371866667
39.801822,-89.62677
39.8103083333,-89.6610266667
39.81387,-89.639245
39.812389,-89.634615
39.8113216667,-89.6379533333
39.7992033333,-89.6234566667
39.79166,-89.6169033333
39.78609,-89.6380083333
39.7862666667,-89.6286633333
39.7841233333,-89.6197683333
39.7842516667,-89.6240866667
39.7802733333,-89.6310733333
39.7742216667,-89.6292016667
39.7722116667,-89.6314566667
39.7710766667,-89.635465
39.7761716667,-89.6409533333
39.8105633333,-89.6549183333
39.80913,-89.650575
39.7940516667,-89.613055
39.7846133333,-89.6352866667
39.795065,-89.65631
39.79492,-89.6504
39.7924083333,-89.6531233333
39.790515,-89.65765
39.7892216667,-89.64828
39.788365,-89.6440383333
39.78484,-89.6482683333
39.7827883333,-89.6584633333
39.7792966667,-89.6511616667
39.7807566667,-89.6492533333
39.781785,-89.6450483333
39.7779183333,-89.644925
39.7771666667,-89.6486316667
39.7737883333,-89.6513966667
39.7711216667,-89.64923
39.7678133333,-89.651775
39.7737266667,-89.6460433333
39.7673883333,-89.6472683333
39.76688,-89.6427366667
39.76891,-89.6453483333
39.78223,-89.6544333333
39.78794,-89.6548916667
39.7646583333,-89.6394116667
39.7791216667,-89.6571716667
39.7858416667,-89.6571383333
29.8302716667,-95.4938016667
29.8258833333,-95.49506
29.8284,-95.4912216667
29.8121033333,-95.5533033333
29.8106666667,-95.557215
29.8098933333,-95.5534983333
29.8099983333,-95.5506266667
29.8109633333,-95.5476983333
29.8127833333,-95.5507266667
29.8128233333,-95.547255
29.8116866667,-95.544005
29.8147833333,-95.5453683333
29.81507,-95.5541033333
29.8125416667,-95.5578016667
29.8080883333,-95.5558566667
29.8077483333,-95.54819
29.8066583333,-95.5520116667
29.8088683333,-95.543605
29.8159966667,-95.5500616667
29.808175,-95.5605583333
29.814225,-95.5609916667
29.817365,-95.5320783333
29.816115,-95.5280783333
29.8187,-95.5317566667
29.8185216667,-95.5266766667
29.81966,-95.523585
29.8197066667,-95.5305283333
29.81466,-95.5294933333
29.81351,-95.5261233333
29.8156651,-95.52428009
29.8144883333,-95.5342166667
29.8173083333,-95.5342
29.815365,-95.5370133333
29.8205283333,-95.5336466667
29.8189383333,-95.5359866667
29.822295,-95.5367816667
29.8218733333,-95.5280566667
29.8228633333,-95.5313483333
29.8229383333,-95.526285
29.8269066667,-95.5070533333
29.8273116667,-95.5097466667
29.8249083333,-95.51007
29.8244816667,-95.505845
29.8269033333,-95.5046466667
29.829585,-95.500425
29.829317,-95.50486
29.8292283333,-95.5092166667
29.8269083333,-95.5017066667
29.83221,-95.50241
29.8327766667,-95.50605
29.8327916667,-95.51263
29.8308733333,-95.512495
29.8244483333,-95.5139033333
29.8226,-95.510525
29.8232883333,-95.504225
29.824475,-95.5003033333
29.8277116667,-95.5132383333
41.6609566667,-86.2495016667
41.657575,-86.2659633333
41.65147,-86.2648833333
41.65402,-86.2610833333
41.650515,-86.2598933333
41.6572766667,-86.258965
41.6509716667,-86.255815
41.64989,-86.2459416667
41.6501016667,-86.2378666667
41.654775,-86.2478633333
41.6538633333,-86.23437
41.6547883333,-86.2437583333
41.65113,-86.2283383333
41.656555,-86.22815
41.6595166667,-86.233525
41.6607166667,-86.2426483333
41.6569283333,-86.2517033333
41.658255,-86.241085
41.6541833333,-86.253175
41.65446,-86.2391883333
41.656922,-86.245212
41.6504716667,-86.25048
41.658,-86.245325
41.7006366667,-86.2861866667
41.6941683333,-86.2875183333
41.6966516667,-86.2778216667
41.694236,-86.283109
41.68958,-86.28681
41.6761683333,-86.3020683333
41.682955,-86.2848433333
41.68801,-86.2813433333
41.68005,-86.2838633333
41.6754116667,-86.284355
41.682175,-86.2787933333
41.677053,-86.288255
41.671866,-86.286777
41.698445,-86.2826833333
41.666715,-86.285408
41.6637466667,-86.2892783333
41.6728966667,-86.2752583333
41.66838,-86.30211
41.6642016667,-86.29909
41.672745,-86.270565
41.6764833333,-86.275485
41.6686466667,-86.2801583333
41.6715333333,-86.3105416667
41.6797033333,-86.300205
41.675427,-86.308334
41.676095,-86.2955216667
41.6715583333,-86.2966783333
41.6728016667,-86.279465
41.677755,-86.264454
41.6794033333,-86.2702866667
41.6832833333,-86.2658883333
41.6687283333,-86.2947016667
41.6685416667,-86.31291
41.6879783333,-86.2631133333
41.688455,-86.2682183333
41.6854083333,-86.2763
41.692125,-86.277855
41.694579,-86.266028
41.6929383333,-86.2704866667
41.6977716667,-86.2729633333
41.6993766667,-86.278925
41.6663866667,-86.3070083333
41.6882616667,-86.2730466667
41.6683116667,-86.2898333333
41.6789833333,-86.2745983333
41.6829616667,-86.2512116667
41.68592,-86.259925
41.6839066667,-86.257775
41.6858716667,-86.2532516667
41.6757866667,-86.2593266667
41.6893883333,-86.2662733333
41.6754066667,-86.2544416667
41.680077,-86.263267
41.6720866667,-86.2686016667
41.6742516667,-86.2637466667
41.6797116667,-86.2543683333
41.67772,-86.2480583333
41.674055,-86.25545
41.67318,-86.2514183333
41.68022,-86.2589766667
41.6896383333,-86.2571316667
41.6847583333,-86.2892766667
42.37452,-71.1042366667
42.3728333333,-71.0869583333
42.3971333333,-71.085205
42.3860133333,-71.0788033333
42.3812783333,-71.081775
42.3844266667,-71.0829316667
42.37914,-71.09216
42.3943266667,-71.0848
42.3974166667,-71.0890866667
42.3902016667,-71.079895
42.38244,-71.08654
42.3879833333,-71.0836616667
42.39069,-71.09119
42.3913833333,-71.08534
42.3873833333,-71.0876083333
42.3766783333,-71.0911683333
42.3848383333,-71.0885066667
42.3929666667,-71.0945016667
42.376895,-71.098155
42.39493,-71.08016
32.051305,-81.1122066667
32.065555,-81.103475
32.0680966667,-81.10617
32.0548883333,-81.11589
32.06263,-81.11171
32.04673,-81.097024
32.0546816667,-81.092775
32.057135,-81.0919383333
32.0660416667,-81.08469
32.0591866667,-81.0878583333
32.0508516667,-81.0967733333
32.0787766667,-81.104455
32.075175,-81.1049033333
32.0800916667,-81.0904216667
32.07498,-81.08488
32.0824983333,-81.10061
32.0755016667,-81.0887883333
32.0772233333,-81.1015983333
32.0729933333,-81.0940183333
32.0738216667,-81.095675
32.06887,-81.09773
32.06265,-81.09745
32.05763,-81.0994583333
32.0539016667,-81.10692
32.04599,-81.1046883333
32.0671233333,-81.0882883333
32.06957,-81.1015683333
32.061185,-81.1046433333
32.057077,-81.104165
32.0568633333,-81.1071183333
32.0689733333,-81.0929816667
32.0658266667,-81.0927833333
32.0496916667,-81.10382
32.0839716667,-81.0971883333
32.0615383333,-81.0932716667
32.0858466667,-81.1006533333
32.0590866667,-81.0990183333
32.077055,-81.0906466667
32.0801883333,-81.0979166667
32.078175,-81.0987416667
32.0774283333,-81.0990133333
32.0629533333,-81.09997
32.083575,-81.099595
32.0689783333,-81.0880966667
32.0503816667,-81.10683
32.0833933333,-81.09706
32.0727983333,-81.0932466667
32.0481666667,-81.1089233333
32.0773433333,-81.0849933333
32.0723016667,-81.0971233333
32.07949,-81.0961216667
32.07835,-81.0887783333
32.0538283333,-81.1011283333
32.0788066667,-81.0836333333
32.05816,-81.0966016667
32.08137,-81.090772
32.058657,-81.110506
32.05901,-81.1141216667
32.066545,-81.078345
32.0661866667,-81.0818666667
32.0615383333,-81.06672
32.0555833333,-81.0738633333
32.0486783333,-81.0701483333
32.0451216667,-81.071765
32.0496133333,-81.0745083333
32.0453433333,-81.07881
32.0463983333,-81.0833833333
32.0478866667,-81.08666
32.0468966667,-81.0910516667
32.0454466667,-81.0677333333
32.04498,-81.064085
32.057865,-81.0611233333
32.0506216667,-81.06312
32.05444,-81.06204
32.061415,-81.0805366667
32.05488,-81.0828266667
32.0591966667,-81.0817533333
32.06427,-81.1020516667
32.0610266667,-81.0720716667
32.0530733333,-81.0862283333
32.0494166667,-81.08931
32.05628,-81.0722783333
32.0614366667,-81.090465
32.0499066667,-81.08457
32.0529683333,-81.0651516667
32.0541283333,-81.1103016667
32.051305,-81.1122066667
32.0517366667,-81.0572533333
32.0509816667,-81.0824816667
32.0438033333,-81.0871833333
32.0432233333,-81.09251
32.04033,-81.0880633333
32.0400766667,-81.0928116667
32.0371316667,-81.0896233333
32.037395,-81.0942266667
32.0349583333,-81.088275
32.0373666667,-81.0861866667
32.0398916667,-81.0832533333
32.0422016667,-81.078365
32.0433066667,-81.08225
32.0428266667,-81.0599866667
32.0461066667,-81.0607583333
32.04736,-81.0580933333
32.0446233333,-81.0561183333
32.0485983333,-81.053945
32.0501933333,-81.06077
32.054515,-81.05648
32.055975,-81.053985
32.0369683333,-81.0800816667
32.070786,-81.083067
32.0727283333,-81.08707
32.076729,-81.082553
32.068385,-81.0807966667
32.065555,-81.103475
32.0911283333,-81.114485
32.086825,-81.1109233333
32.0801966667,-81.111725
32.0835333333,-81.1116183333
32.07987,-81.116195
32.0821566667,-81.1182033333
32.0811383333,-81.1209766667
32.0908333333,-81.1258866667
32.089515,-81.1220933333
32.089855,-81.1190083333
32.0877816667,-81.1152083333
32.0865216667,-81.116955
32.08542,-81.11788
32.086178,-81.12386
32.0821033333,-81.125095
32.0877833333,-81.1260766667
32.091485,-81.1193166667
32.069186,-81.05696
32.0711683333,-81.0598766667
32.0668916667,-81.0615966667
32.0614033333,-81.0636416667
32.058835,-81.066115
32.0606216667,-81.0600383333
32.0652183333,-81.0583383333
32.0627766667,-81.0602216667
32.0628833333,-81.0529
32.0599766667,-81.0558083333
32.0680966667,-81.10617
32.0548883333,-81.11589
32.06263,-81.11171
32.04673,-81.097024
32.0546816667,-81.092775
32.057135,-81.0919383333
32.0660416667,-81.08469
32.0591866667,-81.0878583333
32.0508516667,-81.0967733333
32.0452233333,-81.110375
32.0434533333,-81.116875
32.039335,-81.1228766667
32.037231,-81.1281
32.035423,-81.119631
32.036771,-81.11282
32.0396466667,-81.1145616667
32.04024,-81.11094
32.041167,-81.108727
32.043995,-81.1150283333
32.0542216667,-81.135365
32.0555666667,-81.1305166667
32.0580933333,-81.1321766667
32.050795,-81.1286116667
31.9729983333,-81.1327666667
31.9811583333,-81.1543266667
31.9820333333,-81.14731
31.9824283333,-81.1549216667
31.9848533333,-81.1572066667
31.9855,-81.15475
31.987865,-81.152709
31.9832766667,-81.1508516667
31.9875516667,-81.145085
31.97988,-81.14572
31.98347,-81.143475
31.978563,-81.141989
31.9789766667,-81.13288
31.975505,-81.1325316667
31.982555,-81.1298716667
31.9869133333,-81.1327266667
31.986245,-81.13775
31.985293,-81.143107
31.990412,-81.142514
31.9838466667,-81.137385
31.9867633333,-81.14982
31.9853266667,-81.1288083333
31.988545,-81.138693
32.0527566667,-81.0971483333
32.06887,-81.09773
32.06265,-81.09745
32.05763,-81.0994583333
32.0539016667,-81.10692
32.0671233333,-81.0882883333
32.06957,-81.1015683333
32.061185,-81.1046433333
32.057077,-81.104165
32.0568633333,-81.1071183333
32.0689733333,-81.0929816667
32.0658266667,-81.0927833333
32.0496916667,-81.10382
37.9523516667,-122.352698333
37.94711,-122.353306667
37.948105,-122.361446667
37.9755916667,-122.337251667
37.972225,-122.33406
37.9520866667,-122.358355
37.9513466667,-122.362865
37.9540433333,-122.337641667
37.9567816667,-122.360553333
37.9468216667,-122.335425
37.951594,-122.333438
37.9560983333,-122.349551667
37.9476433333,-122.329945
37.9520833333,-122.346568333
37.9530966667,-122.34119
37.952305,-122.35272
37.9494683333,-122.340815
37.9722733333,-122.355733333
37.97112,-122.348008333
37.9679116667,-122.34786
37.95919,-122.346416667
37.957125,-122.356613333
37.95705,-122.338337
37.96156,-122.352373333
37.9653316667,-122.352955
37.9709383333,-122.35267
37.978385,-122.345898333
37.98019,-122.350148333
37.9775483333,-122.347566667
37.955215,-122.330288333
37.9493833333,-122.327603333
37.959885,-122.358271667
37.955945,-122.334521667
37.9655683333,-122.35662
37.977105,-122.339773333
37.9661333333,-122.34341
37.9685516667,-122.353211667
37.9638088,-122.3488373
37.9792583333,-122.352643333
37.9641416667,-122.34479
37.9649433333,-122.337818333
37.96371,-122.324273333
37.961588,-122.332423
37.962765,-122.321326667
37.95862,-122.325381667
37.956815,-122.326336667
37.9611983333,-122.337185
37.967963,-122.340593
37.9705416667,-122.337828333
37.9744983333,-122.364986667
37.9722016667,-122.365468333
37.9783033333,-122.365945
37.473606,-122.203981
37.4765533333,-122.219395
37.4825916667,-122.217546667
37.4826216667,-122.202843333
37.482375,-122.212385
37.479985,-122.196631667
37.4784666667,-122.201676667
37.480947,-122.210903
37.4810933333,-122.208036667
37.4786216667,-122.214926667
37.475574,-122.211772
37.4770233333,-122.206868333
37.47043,-122.203655
37.46597,-122.206883333
37.471035,-122.21459
37.4687333333,-122.210281667
37.4732366667,-122.217775
37.4720983333,-122.208045
37.469645,-122.207126667
37.4767116667,-122.198461667
37.48096,-122.217586667
37.4840566667,-122.208168333
37.484695,-122.214133333
37.77744,-122.415705
37.7816216667,-122.41085
37.78698,-122.40803
37.7855783333,-122.404943333
37.77943,-122.41233
37.783985,-122.432128333
37.782725,-122.427253333
37.78174,-122.432103333
37.778229,-122.418556
37.7815266667,-122.421878333
37.7806333333,-122.429343333
37.78108,-122.426359
37.7754733333,-122.422291667
37.7838466667,-122.422998333
37.7802633333,-122.41649
37.7785266667,-122.421923333
37.7736516667,-122.428875
37.7854866667,-122.42864
37.7851483333,-122.420823333
37.782932,-122.414923
37.7692533333,-122.43482
37.7732583333,-122.437041667
37.7780883333,-122.435141667
37.7718866667,-122.432005
37.7650833333,-122.435381667
37.7795316667,-122.439318333
37.7851033333,-122.409031667
37.7811383333,-122.435196667
37.78441,-122.411571667
37.7861716667,-122.41181
37.7717566667,-122.424063333
37.7754466667,-122.434528333
37.7830083333,-122.436725
37.7660916667,-122.431216667
37.7187616667,-122.435893333
37.7241466667,-122.406401667
37.721025,-122.40074
37.726495,-122.394945
37.716625,-122.400271667
37.721285,-122.407021667
37.71335,-122.415875
37.7135766667,-122.423395
37.7185516667,-122.407298333
37.715436,-122.411873
37.706535,-122.41808
37.71038,-122.421721667
37.709065,-122.405445
37.7092633333,-122.411406667
37.7126566667,-122.410195
37.7128933333,-122.417821667
37.7238783333,-122.39813
37.7196183333,-122.424996667
37.7268716667,-122.435035
37.7158033333,-122.434746667
37.728056,-122.429467
37.7286716667,-122.419028333
37.7315766667,-122.405498333
37.727654,-122.405534
37.7084366667,-122.420421667
37.7094683333,-122.423461667
37.71249,-122.431031667
37.7126,-122.444896667
37.72964,-122.433271667
37.73036,-122.429566667
37.7299666667,-122.413425
37.7215966667,-122.41093
37.7204616667,-122.42878
37.7156016667,-122.445328333
37.7250566667,-122.417305
37.7220166667,-122.437885
37.7086216667,-122.43279
37.7309283333,-122.421551667
37.7274016667,-122.414383333
37.7252533333,-122.402998333
37.7333733333,-122.408381667
37.7226916667,-122.434196667
37.7302566667,-122.425956667
37.7272516667,-122.4104
37.7311233333,-122.409223333
37.72667,-122.426745
37.7238133333,-122.424441667
37.7249933333,-122.43041
37.7245116667,-122.421008333
37.728215,-122.421991667
37.7189066667,-122.431733333
37.71398,-122.439746667
37.71,-122.44283
37.7181766667,-122.440925
37.7088433333,-122.439851667
37.7121016667,-122.436558333
37.7102833333,-122.428853333
37.7084533333,-122.436536667
37.717545,-122.4379
37.7171116667,-122.42765
37.732806,-122.411772
37.764565,-122.408313333
37.7644333333,-122.412115
37.7669716667,-122.39822
37.77744,-122.415705
37.7648883333,-122.418001667
37.7678166667,-122.419565
37.7675016667,-122.415035
37.7714316667,-122.418618333
37.77645,-122.406075
37.7816216667,-122.41085
37.771185,-122.414508333
37.7715433333,-122.407863333
37.78698,-122.40803
37.7819266667,-122.40488
37.7855783333,-122.404943333
37.7743733333,-122.414398333
37.77943,-122.41233
37.773353,-122.408829
37.7672983333,-122.406223333
37.774072,-122.396203
37.785015,-122.395288
37.7845466667,-122.391383333
37.790575,-122.399204
37.7740516667,-122.398765
37.767985,-122.403551667
37.7778,-122.399768333
37.789169,-122.394256
37.78502,-122.399746667
37.778825,-122.395123
37.789229,-122.400855
37.7803566667,-122.391543333
37.7713416667,-122.401701667
37.7753066667,-122.403995
37.782975,-122.393164
37.781425,-122.395415
37.77251,-122.386855
37.767238,-122.388442
37.7696366667,-122.388353333
37.777693,122.391761
37.770202,-122.390722
37.766198,-122.392271
37.767955,-122.393323
37.770356,-122.387169
37.778229,-122.418556
37.7754733333,-122.422291667
37.7802633333,-122.41649
37.782932,-122.414923
37.785103,-122.409015
37.78441,-122.411571667
37.7361783333,-122.424263333
37.73205,-122.424615
37.7464883333,-122.431393333
37.7523683333,-122.432056667
37.7562816667,-122.432563333
37.7595316667,-122.43281
37.7624866667,-122.436116667
37.761595,-122.439357
37.753754,-122.438497
37.749791,-122.434046
37.7438816667,-122.438073333
37.7397916667,-122.42652
37.7412383333,-122.437753333
37.7388566667,-122.437026667
37.75912,-122.438236667
37.7517916667,-122.43569
37.7317066667,-122.438886667
37.7355766667,-122.438791667
37.7432466667,-122.433273333
37.7354633333,-122.428976667
37.7331783333,-122.435821667
37.75895,-122.436346667
37.7386483333,-122.435681667
37.733465,-122.429558333
37.75457,-122.435478333
37.7388466667,-122.432673333
37.7559133333,-122.437958333
37.750425,-122.437493333
37.7361483333,-122.435625
37.7359616667,-122.432645
37.742125,-122.431368333
37.74715,-122.435848333
37.7485466667,-122.438395
37.7372433333,-122.427981667
37.763815,-122.394038333
37.7503466667,-122.394503333
37.75333,-122.399275
37.7669716667,-122.39822
37.7519616667,-122.395773333
37.749,-122.402508333
37.74117,-122.404746667
37.744595,-122.403998333
37.7436683333,-122.39883
37.7633883333,-122.399396667
37.7476533333,-122.397413333
37.7550316667,-122.39555
37.761636,-122.403943
37.7574866667,-122.39932
37.76018,-122.397763333
37.7413516667,-122.4019
37.7606283333,-122.396011667
37.767985,-122.403551667
37.748604,-122.406247
37.7438233333,-122.427133333
37.7516283333,-122.404821667
37.7489383333,-122.426398333
37.764565,-122.408313333
37.7504716667,-122.409153333
37.7508233333,-122.420323333
37.758814,-122.418644
37.7563366667,-122.412506667
37.7644333333,-122.412115
37.7546833333,-122.415131667
37.753785,-122.424568333
37.7476083333,-122.41384
37.76015,-122.41503
37.753485,-122.4199
37.7619283333,-122.427051667
37.7573583333,-122.40621
37.7464883333,-122.431393333
37.75112,-122.414101667
37.7517716667,-122.427303333
37.7523683333,-122.432056667
37.7562816667,-122.432563333
37.7595316667,-122.43281
37.769055,-122.422957
37.7638566667,-122.430581667
37.7624866667,-122.436116667
37.749791,-122.434046
37.7397916667,-122.42652
37.7517916667,-122.43569
37.7432466667,-122.433273333
37.75895,-122.436346667
37.75457,-122.435478333
37.742125,-122.431368333
37.74715,-122.435848333
37.7648883333,-122.418001667
37.7678166667,-122.419565
37.7714316667,-122.418618333
37.7754733333,-122.422291667
37.7717566667,-122.424063333
37.7660916667,-122.431216667
37.73392,-122.414346667
37.7361783333,-122.424263333
37.7416483333,-122.418288333
37.733925,-122.426408333
37.748604,-122.406247
37.7438233333,-122.427133333
37.73641,-122.421216667
37.735146,-122.417013
37.7341083333,-122.421673333
37.7394766667,-122.418748333
37.74306,-122.415056667
37.7373983333,-122.413123333
37.738835,-122.416233
37.739785,-122.409578333
37.7461166667,-122.407601667
37.7294983333,-122.418293333
37.7437366667,-122.42099
37.7370033333,-122.421446667
37.73205,-122.424615
37.7489383333,-122.426398333
37.7476083333,-122.41384
37.760192,-122.397752
37.7309283333,-122.421551667
37.7333733333,-122.408381667
37.732806,-122.411772
37.7362216667,-122.40197
37.7398916667,-122.383643333
37.7320666667,-122.393908333
37.74186,-122.38504
37.7402833333,-122.377723333
37.7342983333,-122.388781667
37.7461866667,-122.39041
38.484372,-121.478287
37.7370983333,-122.39417
37.7395633333,-122.39686
37.732036,-122.399527
37.7296833333,-122.397931667
37.7275166667,-122.38492
37.7338716667,-122.384178333
37.7317233333,-122.38557
37.728359,-122.39524
37.7406466667,-122.391165
37.7451633333,-122.387533333
37.7418033333,-122.39491
37.7383183333,-122.38685
37.741135,-122.381418333
37.735495,-122.385826667
37.73173,-122.389895
37.7177283333,-122.397336667
37.7170316667,-122.396323333
37.720221,-122.388827
37.722015,-122.388443333
37.73218,-122.382272
37.7312683333,-122.379451667
37.727955,-122.373755
37.729485,-122.372193333
37.735311,-122.378193
37.718546,-122.387195
37.720487,-122.385936
37.7347983333,-122.380543333
37.7294166667,-122.381916667
37.719495,-122.39591
37.7271883333,-122.37808
37.72592,-122.381365
37.7329583333,-122.376856667
37.7179683333,-122.392808333
37.7199116667,-122.392618333
37.7258,-122.389243333
37.7220466667,-122.39308
37.7161116667,-122.389755
36.6948033333,-121.647016667
36.6915133333,-121.646435
36.693345,-121.642735
36.6948733333,-121.640866667
36.6987783333,-121.637796667
36.7005133333,-121.6424
36.702915,-121.637918333
36.706805,-121.638131667
36.7101283333,-121.639996667
36.7115666667,-121.642601667
36.71038,-121.645955
36.715215,-121.645563333
36.7182333333,-121.649956667
36.6890283333,-121.651933333
36.68938,-121.654693333
36.69144,-121.65797
36.69755,-121.661986667
36.7004633333,-121.664083333
36.704175,-121.66482
36.7080733333,-121.663875
36.711365,-121.662471667
36.7140833333,-121.661263333
36.7295316667,-121.655841667
36.7337016667,-121.656118333
36.732005,-121.65497
36.7315383333,-121.64766
36.7254566667,-121.645415
36.7231666667,-121.6478
36.724765,-121.65201
36.7208766667,-121.654521667
36.7280616667,-121.648255
36.7303583333,-121.651075
36.727025,-121.653485
36.7163616667,-121.655883333
36.71189,-121.656865
36.708355,-121.655278333
36.7079883333,-121.659198333
36.7034766667,-121.659953333
36.6999066667,-121.659308333
36.69705,-121.657686667
36.6931683333,-121.652656667
36.6969133333,-121.644345
36.7047566667,-121.642251667
36.7085283333,-121.642895
36.7005266667,-121.646895
36.70027,-121.65487
36.7008883333,-121.651006667
36.705475,-121.651266667
36.6972716667,-121.651915
36.7254983333,-121.649621667
36.70521,-121.645746667
36.7169333333,-121.657451667
36.6867666667,-121.646426667
36.67377,-121.624088333
36.6764416667,-121.619348333
36.6701316667,-121.620993333
36.6712883333,-121.625293333
36.6672783333,-121.622441667
36.6651766667,-121.624875
36.66669,-121.62683
36.6687933333,-121.631293333
36.6708333333,-121.6362
36.6731916667,-121.639548333
36.6947216667,-121.607656667
36.6905933333,-121.605958333
36.6956933333,-121.597746667
36.692745,-121.594293333
36.6890316667,-121.591506667
36.6979983333,-121.60177
36.6984316667,-121.605898333
36.697445,-121.609408333
36.695865,-121.611643333
36.694135,-121.616215
36.691715,-121.619548333
36.688783,-121.621408
36.6871683333,-121.619975
36.68431,-121.62698
36.6821883333,-121.631166667
36.6789216667,-121.635255
36.6790216667,-121.639245
36.6757383333,-121.640155
36.67446,-121.635736667
36.6766466667,-121.63557
36.67299,-121.630726667
36.6769116667,-121.63064
36.678865,-121.627442
36.6734666667,-121.613613333
36.6755216667,-121.608723333
36.67724,-121.60561
36.6844566667,-121.600243333
36.686795,-121.595818333
36.6895716667,-121.594836667
36.6902816667,-121.599603333
36.6960866667,-121.603461667
36.6938133333,-121.60157
36.6870866667,-121.605766667
36.67741,-121.614478333
36.6824083333,-121.604538333
36.6915233333,-121.611303333
36.689875,-121.615198333
36.685055,-121.618858333
36.6827666667,-121.623878333
36.6805433333,-121.620658333
36.67774,-121.622308333
36.6756666667,-121.627158333
36.6798833333,-121.617035
36.68319,-121.616421667
36.68757,-121.609818333
36.68695,-121.614101667
36.682985,-121.612231667
36.68383,-121.607093333
36.68809,-121.601466667
36.68608,-121.624453333
36.6754316667,-121.642133333
36.672815,-121.6436
36.669425,-121.643568333
36.666512,-121.647817
36.6667733333,-121.652195
36.66742,-121.657628333
36.66919,-121.66047
36.6722116667,-121.662088333
36.6737,-121.658956667
36.6760833333,-121.65961
36.6812033333,-121.65534
36.6819866667,-121.647448333
36.679004,-121.643696
36.679755,-121.6494
36.6848666667,-121.653855
-9999,-9999
36.6689266667,-121.648585
36.67696,-121.645938333
36.683155,-121.653131667
36.6736,-121.65471
36.6714183333,-121.647915
36.679885,-121.652648333
36.670835,-121.656846667
36.6781933333,-121.65175
36.6689866667,-121.653876667
38.5778316667,-121.414986667
38.5767066667,-121.40954
38.5776916667,-121.405685
38.5785566667,-121.401596667
38.5818316667,-121.401738333
38.5858983333,-121.40074
38.5903866667,-121.400818333
38.5944,-121.401046667
38.59794,-121.40108
38.598425,-121.406301667
38.5988066667,-121.411991667
38.5968783333,-121.416961667
38.5922833333,-121.41567
38.5877733333,-121.415741667
38.5831433333,-121.415981667
38.58141,-121.411588333
38.5830483333,-121.407223333
38.5856616667,-121.411663333
38.5958016667,-121.410528333
38.5869833333,-121.407835
38.5964516667,-121.404996667
38.58053,-121.414866667
38.667515,-121.383976667
38.6716833333,-121.382746667
38.67712,-121.377446667
38.66072,-121.379111667
38.66053,-121.362201667
38.6637216667,-121.358803333
38.66664,-121.355313333
38.6803783333,-121.358535
38.6632116667,-121.377401667
38.6641666667,-121.36464
38.6674416667,-121.359635
38.671355,-121.360681667
38.6662,-121.3683
38.66964,-121.369945
38.668145,-121.375566667
38.6749766667,-121.371726667
38.6752783333,-121.35947
38.6778083333,-121.364171667
38.6719383333,-121.373706667
38.67631,-121.367048333
38.6787433333,-121.370358333
38.6764283333,-121.374853333
38.6811866667,-121.367076667
38.67275,-121.35593
38.669165,-121.354965
38.6607366667,-121.373976667
38.6654333333,-121.371183333
38.6753066667,-121.381721667
38.488535,-121.455835
38.476255,-121.431676667
38.4926933333,-121.458285
38.4778833333,-121.460661667
38.4595766667,-121.42646
38.4855233333,-121.468211667
38.495535,-121.47353
38.4706633333,-121.4416
38.459933,-121.431648
38.46637,-121.439553333
38.4907833333,-121.479928333
38.4808816667,-121.445856667
38.470325,-121.431971667
38.4779283333,-121.460746667
38.4634983333,-121.445665
38.4814,-121.48278
38.4713733333,-121.42183
38.473205,-121.425993333
38.4821216667,-121.45175
38.4735766667,-121.450996667
38.4727566667,-121.448096667
38.4688833333,-121.42635
38.4733716667,-121.431586667
38.535685,-121.448031667
38.53651,-121.458155
38.5350566667,-121.455995
38.5324733333,-121.458128333
38.5245716667,-121.448781667
38.51522,-121.444228333
38.5241083333,-121.460531667
38.52648,-121.455266667
38.507997,-121.444362
38.5108183333,-121.44944
38.5094783333,-121.45707
38.5215433333,-121.452721667
38.5131966667,-121.45954
38.5134666667,-121.447656667
38.5185766667,-121.447846667
38.5491133333,-121.472073333
38.5475683333,-121.464261667
38.5504133333,-121.460483333
38.5537383333,-121.473183333
38.5505633333,-121.455871667
38.5463216667,-121.45313
38.5424016667,-121.451643333
38.539305,-121.450083333
38.52616,-121.463003333
38.5360666667,-121.464166667
38.532592,-121.455044
38.5507816667,-121.469931667
38.54726,-121.470045
38.54756,-121.455781667
38.543485,-121.46357
38.5440033333,-121.4533
38.53936,-121.457965
38.5415133333,-121.460516667
38.5324866667,-121.445511667
38.527425,-121.445781667
38.51692,-121.439203333
38.5211816667,-121.439863333
38.5254883333,-121.451506667
38.5132266667,-121.438471667
38.511525,-121.439498333
38.5403133333,-121.45453
38.535685,-121.448031667
38.53651,-121.458155
38.5350566667,-121.455995
38.5324733333,-121.458128333
38.5245716667,-121.448781667
38.51522,-121.444228333
38.5246533333,-121.471211667
38.5220266667,-121.470596667
38.5241083333,-121.460531667
38.5217933333,-121.467973333
38.511747,-121.46936
38.5145883333,-121.471108333
38.51431,-121.467886667
38.52648,-121.455266667
38.50125,-121.461363333
38.5088033333,-121.466753333
38.5035666667,-121.459633333
38.514055,-121.462623333
38.5099083333,-121.46235
38.5058916667,-121.4583
38.5079633333,-121.444343333
38.5108183333,-121.44944
38.5094783333,-121.45707
38.5215433333,-121.452721667
38.5131966667,-121.45954
38.5134666667,-121.447656667
38.5185766667,-121.447846667
38.539305,-121.450083333
38.52616,-121.463003333
38.5360666667,-121.464166667
38.532592,-121.455044
38.53936,-121.457965
38.5324866667,-121.445511667
38.527425,-121.445781667
38.51692,-121.439203333
38.5211816667,-121.439863333
38.5254883333,-121.451506667
38.5132266667,-121.438471667
38.511525,-121.439498333
38.52349,-121.468481667
38.513905,-121.477078333
38.5047116667,-121.464818333
38.525465,-121.44345
38.5403133333,-121.45453
38.639412,-121.431453
38.6405833333,-121.437833333
38.6400033333,-121.44993
38.6391416667,-121.452903333
38.6365833333,-121.448218333
38.6370866667,-121.43826
38.6065516667,-121.453115
38.635555,-121.433286667
38.6359183333,-121.43017
38.631785,-121.429905
38.6328366667,-121.446765
38.634505,-121.453653333
38.63155,-121.456493333
38.62886,-121.450461667
38.6298166667,-121.431735
38.6226633333,-121.433733333
38.6248933333,-121.437021667
38.62373,-121.440435
38.625373,-121.4458
38.6195133333,-121.439663333
38.62007,-121.44383
38.6199483333,-121.4483
38.6230716667,-121.452393333
38.6274783333,-121.45563
38.629252,-121.462679
38.606759,-121.44905
38.62874,-121.466941667
38.624994,-121.466536
38.6264266667,-121.461751667
38.622275,-121.467448333
38.619505,-121.461553333
38.6229366667,-121.457995
38.6193516667,-121.455528333
38.615755,-121.443341667
38.612035,-121.443808333
38.6122,-121.449263333
38.6237333333,-121.448081667
38.6068066667,-121.458838333
38.6149683333,-121.458118333
38.6093666667,-121.451966667
38.6214783333,-121.462288333
35.935995,-77.808795
35.9354666667,-77.802595
35.9239133333,-77.79166
35.9315966667,-77.7978883333
35.933165,-77.77442
35.9254383333,-77.8061033333
35.9421266667,-77.7718733333
35.9270483333,-77.79301
35.9195283333,-77.8062483333
35.9340133333,-77.76526
35.9226633333,-77.785985
35.916842,-77.808201
35.936409,-77.786215
35.936555,-77.7920833333
35.930378,-77.786312
35.924585,-77.8105433333
35.9272433333,-77.7843816667
35.91945,-77.8112633333
35.93338,-77.8066666667
35.94088,-77.768585
35.9281733333,-77.81363
35.93189,-77.7912366667
35.9388433333,-77.7834683333
35.9366933333,-77.776055
35.9309383333,-77.779275
35.9319,-77.7684683333
35.94366,-77.801264
35.92849,-77.8042966667
35.92335,-77.7970066667
35.9263733333,-77.7885666667
35.9297666667,-77.7749716667
35.92961,-77.8094583333
35.9403966667,-77.7976916667
35.9397483333,-77.805905
35.9341316667,-77.7821066667
35.9308166667,-77.80795
35.9289916667,-77.7972
35.9386366667,-77.77639
35.936505,-77.7687966667
35.9414716667,-77.7901033333
35.942475,-77.8082433333
42.2570583333,-89.08034
42.262145,-89.081975
42.259859,-89.088212
42.2574783333,-89.0915883333
42.2661383333,-89.0867133333
42.2644866667,-89.0825483333
42.2668533333,-89.0821066667
42.2702083333,-89.0820316667
42.2688066667,-89.08478
42.2670866667,-89.0807516667
42.264582,-89.071578
42.2698033333,-89.07342
42.2673616667,-89.0740266667
42.2669333333,-89.068095
42.261168,-89.065853
42.2522983333,-89.0653533333
42.2494983333,-89.0703616667
42.2514016667,-89.0686933333
42.2527366667,-89.0697616667
42.2577716667,-89.07629
42.2498933333,-89.09372
42.2542266667,-89.096545
42.2504883333,-89.097355
42.251142,-89.087119
42.2547516667,-89.0952716667
42.24923,-89.0870016667
42.2449883333,-89.0869866667
42.2412266667,-89.0866566667
42.2461933333,-89.0724633333
42.24755,-89.0728516667
42.252357,-89.074502
42.261975,-89.0909866667
42.2523666667,-89.0772233333
42.2560766667,-89.0721483333
42.247741,-89.081048
42.2420266667,-89.083
42.2444216667,-89.075475
42.262867,-89.074979
42.2537883333,-89.08129
42.259705,-89.063275
42.2678966667,-89.076725
42.253359,-89.086466
42.2511883333,-89.0933033333
42.259378,-89.071323
42.2556,-89.0866533333
42.264125,-89.070398
42.261535,-89.0718233333
42.2639116667,-89.0767933333
42.2603233333,-89.0812116667
42.24764,-89.096705
42.2477466667,-89.0810916667
42.2783966667,-89.1180616667
42.274855,-89.1132533333
42.2711933333,-89.106735
42.2615816667,-89.1001316667
42.25908,-89.103116
42.2579733333,-89.1073933333
42.2656166667,-89.1053066667
42.26616,-89.10908
42.2572283333,-89.1145083333
42.2644833333,-89.11683
42.266,-89.1164483333
42.2723466667,-89.11631
42.2692766667,-89.1147183333
42.268255,-89.1073566667
42.2684466667,-89.104095
42.276724,-89.125648
42.2886383333,-89.1267116667
42.288518,-89.116417
42.2886366667,-89.10898
42.2877066667,-89.1206283333
42.281845,-89.09687
42.2818533333,-89.1034966667
42.28102,-89.10032
42.276345,-89.100945
42.2774016667,-89.0955066667
42.275585,-89.105981
42.2770883333,-89.10555
42.276375,-89.11593
42.28138,-89.0908633333
42.2826666667,-89.0929133333
42.2885933333,-89.0968716667
42.2833566667,-89.0931533333
42.2810383333,-89.1163083333
42.2846333333,-89.10206
42.2742,-89.122885
42.2624183333,-89.10749
42.2637233333,-89.0991316667
43.1656483333,-77.6318166667
43.1727216667,-77.63863
43.1365433333,-77.6407383333
43.1590216667,-77.6454933333
43.1572783333,-77.6394616667
43.1536883333,-77.64423
43.15451,-77.6389066667
43.1494016667,-77.636955
43.1504333333,-77.6424483333
43.169281,-77.644446
43.1624283333,-77.6386333333
43.1472133333,-77.6456833333
43.1404433333,-77.6437016667
43.13961,-77.6500933333
43.1312883333,-77.6358333333
43.1327166667,-77.6513566667
43.1349416667,-77.6535533333
43.13341,-77.6369916667
43.19371,-77.6454016667
43.1762216667,-77.6394216667
43.1801166667,-77.6403133333
43.1921283333,-77.6332966667
43.1802,-77.6484583333
43.19129,-77.630595
43.19393,-77.6293116667
43.1876683333,-77.6398333333
43.19043,-77.648715
43.1743966667,-77.6503466667
43.139665,-77.6360716667
43.16886,-77.636507
43.1806883333,-77.6444016667
43.18181,-77.638665
43.1775716667,-77.6460116667
43.1517683333,-77.6389483333
43.1512083333,-77.6304933333
43.1460383333,-77.6290866667
43.1426866667,-77.6261266667
43.14329,-77.6359483333
43.1388566667,-77.629045
43.137935,-77.626414
43.142245,-77.6406133333
43.1423233333,-77.6468566667
43.144115,-77.6550066667
43.1422216667,-77.64447
43.1599966667,-77.63837
43.17137,-77.6429433333
43.1732,-77.6479683333
43.1828733333,-77.64751
43.1510366667,-77.6357
43.146525,-77.6404716667
43.17606,-77.6439066667
43.1417466667,-77.6304683333
43.1499816667,-77.649335
43.1438083333,-77.6509283333
43.1822383333,-77.6303883333
43.1859216667,-77.631075
43.190725,-77.63901
43.1792566667,-77.6345883333
43.14825,-77.6292166667
43.1448316667,-77.636115
43.1690566667,-77.64009
43.1702933333,-77.63456
43.1834766667,-77.638965
43.1574433333,-77.6323383333
43.1734966667,-77.6344583333
43.170345,-77.628035
43.157935,-77.6412683333
43.1761683333,-77.6339283333
43.1894566667,-77.6533016667
43.181845,-77.6509133333
43.161693,-77.642381
43.1619433333,-77.6324366667
43.160645,-77.629375
43.155305,-77.6343816667
43.1590583333,-77.634745
43.1669416667,-77.6373566667
43.1670616667,-77.6473166667
43.160615,-77.6504016667
43.1556666667,-77.6539216667
43.150015,-77.6544816667
43.1809183333,-77.63722
43.1756816667,-77.6292
43.1646,-77.643235
43.1623516667,-77.646425
43.1563466667,-77.6464183333
43.1359833333,-77.6299266667
43.1329416667,-77.6322166667
43.152405,-77.6333983333
43.1358383333,-77.63625
43.135865,-77.6509
43.138641,-77.626087
43.18055,-77.6196816667
43.1814966667,-77.6143083333
43.17457,-77.6137
43.1802083333,-77.608805
43.1852066667,-77.6096866667
43.1828833333,-77.609585
43.1839133333,-77.5997483333
43.1802883333,-77.5989166667
43.1728883333,-77.6001833333
43.1707416667,-77.5933616667
43.173515,-77.5922366667
43.1770583333,-77.5768616667
43.1745683333,-77.587955
43.1768016667,-77.6042883333
43.1749066667,-77.6079766667
43.1752616667,-77.6183333333
43.180195,-77.5803266667
43.1593016667,-77.5672566667
43.1607733333,-77.57584
43.1655966667,-77.5667083333
43.1762616667,-77.570005
43.1632366667,-77.5779266667
43.16308,-77.57238
43.1767016667,-77.608435
43.1652616667,-77.5791066667
43.1710683333,-77.5702183333
43.1712866667,-77.5739633333
43.18596,-77.616365
43.1724233333,-77.58437
43.1839833333,-77.5829783333
43.1791933333,-77.613685
43.1675233333,-77.562255
43.1792683333,-77.60376
43.1719333333,-77.6109933333
43.1745,-77.5989766667
43.1689933333,-77.6031616667
43.1703516667,-77.6063433333
43.168225,-77.5880533333
43.17132,-77.5819366667
43.16844,-77.5807283333
43.1584183333,-77.5668633333
43.1629483333,-77.56471
43.1714166667,-77.564735
43.1732533333,-77.5776316667
43.177665,-77.584045
43.1706316667,-77.5597433333
43.1631066667,-77.5836133333
43.168865,-77.5704933333
43.170985,-77.5779966667
43.1742966667,-77.5819966667
43.182785,-77.5917083333
43.1757066667,-77.574075
43.1839033333,-77.594205
43.1765016667,-77.5561983333
43.16624,-77.572805
43.1781266667,-77.5926333333
43.17629,-77.5631266667
26.7818466667,-80.0771383333
26.7819166667,-80.0879616667
26.7911183333,-80.0769533333
26.7863616667,-80.0787333333
26.7866766667,-80.0817
26.7875466667,-80.0852366667
26.78457,-80.0652483333
26.7931366667,-80.0806283333
26.78568,-80.0824283333
26.7927033333,-80.0706183333
26.790815,-80.0696016667
26.78036,-80.0726516667
26.7832233333,-80.070875
26.7806483333,-80.0810633333
26.7807266667,-80.0668216667
26.7858066667,-80.0676533333
26.7774566667,-80.0650883333
26.779435,-80.055005
26.7761133333,-80.0550816667
26.7727966667,-80.0588416667
26.7702566667,-80.06023
26.77093,-80.0515616667
26.7662266667,-80.0543316667
26.7701083333,-80.0777766667
26.774865,-80.0782033333
26.771935,-80.0750416667
26.7710883333,-80.0681683333
26.7681716667,-80.0700083333
26.766765,-80.0642233333
26.7708233333,-80.083525
26.7692416667,-80.0886416667
26.7743466667,-80.086665
26.77703,-80.0875133333
26.782025,-80.085275
26.7741316667,-80.0831466667
26.79307,-80.06687
26.7927683333,-80.062235
26.7884433333,-80.062655
26.781935,-80.0549816667
26.78351,-80.0545966667
26.7807416667,-80.0584933333
26.7778633333,-80.05979
26.770125,-80.056535
26.7654116667,-80.0551468333
26.76525,-80.0571933333
26.7644766667,-80.0671516667
26.764735,-80.0712816667
26.765715,-80.0751216667
26.77494,-80.0551116667
26.7666533333,-80.0707616667
26.7775433333,-80.079905
26.7823183333,-80.0644366667
26.7854416667,-80.0548966667
26.7669233333,-80.0597666667
26.76833,-80.0574683333
26.7761266667,-80.0830383333
26.7932216667,-80.0763166667
26.768365,-80.078065
26.774015,-80.0625216667
26.7827233333,-80.058575
26.7860683333,-80.09055
26.7830166667,-80.0921883333
26.7839383333,-80.0870966667
26.7833483333,-80.089645
26.7964766667,-80.0721483333
26.7991533333,-80.0642366667
26.79544,-80.0567916667
26.795665,-80.0587683333
26.7952433333,-80.0663616667
26.7982333333,-80.0739383333
26.8005733333,-80.07289
26.79877,-80.068735
26.7965283333,-80.06268
26.8011,-80.0769516667
26.7549816667,-80.055615
26.7556433333,-80.0530116667
26.7580216667,-80.0552483333
26.7602416667,-80.0528133333
26.7609283333,-80.05516
26.7623733333,-80.0525366667
26.7630266667,-80.05453
26.7623716667,-80.0572766667
26.7591966667,-80.0573416667
37.9175366667,-122.3279
37.9293533333,-122.375705
37.9212133333,-122.323225
37.9323333333,-122.36422
37.9354716667,-122.359225
37.94711,-122.353306667
37.920255,-122.331435
37.9286433333,-122.346731667
37.921425,-122.319203333
37.930597,-122.369546
37.9307833333,-122.345681667
37.9255583333,-122.358328333
37.9146016667,-122.323901667
37.9338983333,-122.338411667
37.92224,-122.339075
37.9247366667,-122.335581667
37.928315,-122.350845
37.94929,-122.366566
37.9428816667,-122.364661667
37.9342116667,-122.354343333
37.9365916667,-122.365391667
37.9318016667,-122.327591667
37.9300483333,-122.35474
37.9424716667,-122.357955
37.9346133333,-122.371276667
37.9237133333,-122.352075
37.9346883333,-122.350531667
37.9368966667,-122.344611667
37.9286766667,-122.359105
37.9351216667,-122.348113333
37.94283,-122.345063333
37.9480966667,-122.36148
37.942185,-122.332916667
37.9231733333,-122.356753333
37.9234183333,-122.344725
37.9279933333,-122.368276667
37.925105,-122.328773333
37.9229083333,-122.321688333
37.975755,-122.32689
37.9096633333,-122.317601667
37.9755916667,-122.337251667
37.9779133333,-122.333165
37.972225,-122.33406
37.9353016667,-122.329481667
37.9373066667,-122.357443333
37.9116366667,-122.32134
37.9520866667,-122.358355
37.9513466667,-122.362865
37.9419816667,-122.327213333
37.9540433333,-122.337641667
37.956742,-122.360467
37.9069616667,-122.31824
37.9468216667,-122.335425
37.951594,-122.333438
37.9535366667,-122.367418333
37.9560983333,-122.349551667
37.9476433333,-122.329945
37.93984,-122.328657
37.93657,-122.337873333
37.9520833333,-122.346568333
37.9377283333,-122.35653
37.9530966667,-122.34119
37.952305,-122.35272
37.9543933333,-122.372285
37.980298,-122.32646
37.9773733333,-122.323575
37.9732633333,-122.324935
37.9730466667,-122.330185
37.9258783333,-122.322358333
37.9710983333,-122.328473333
37.9564716667,-122.365976667
37.942525,-122.337956667
37.9494683333,-122.340815
37.9751866667,-122.33461
37.957125,-122.356613333
37.95705,-122.338337
37.961545,-122.352364
37.978385,-122.345898333
37.955215,-122.330288333
37.9493833333,-122.327603333
37.95587,-122.33459
37.977105,-122.339773333
37.9792583333,-122.352643333
37.9705416667,-122.337828333
33.9815733333,-81.0237416667
33.9810866667,-81.0213083333
33.9777516667,-81.0215983333
33.9791816667,-81.017015
33.97712,-81.0147666667
33.9740133333,-81.0189816667
33.9747,-81.02201
33.9768016667,-81.0253633333
33.977025,-81.018315
33.975785,-81.0208466667
33.97665,-81.0230483333
33.9739616667,-81.0235983333
33.9786233333,-81.0244716667
33.9779616667,-81.0161316667
33.97256,-81.0219333333
42.4044483333,-71.0264966667
42.4037283333,-70.99277
42.3951633333,-70.9923633333
42.3974583333,-70.9876533333
42.396619,-70.984809
42.4008166667,-70.98891
42.4119966667,-71.0087866667
42.4016316667,-70.9998016667
42.40654,-71.0012033333
42.4043216667,-71.0062933333
42.4068483333,-71.02529
42.404965,-71.0169216667
42.4084783333,-71.0191783333
42.41058,-71.0124533333
42.4077416667,-70.992245
42.406815,-71.0100466667
38.6114633333,-121.289778333
38.6085716667,-121.295885
38.6084833333,-121.292826667
38.5613033333,-121.317341667
38.606525,-121.30099
38.6016266667,-121.309123333
38.59943,-121.303651667
38.599495,-121.312691667
38.59718,-121.309783333
38.5898616667,-121.3169
38.586795,-121.32071
38.5829183333,-121.321866667
38.5787483333,-121.322903333
38.5785666667,-121.314943333
38.5728116667,-121.323811667
38.570895,-121.327908333
38.5689466667,-121.332546667
38.5639983333,-121.336796667
38.5554716667,-121.336675
38.5555183333,-121.331603333
38.55757,-121.325421667
38.5584816667,-121.321865
38.5655183333,-121.317205
38.56657,-121.30862
38.5690516667,-121.306933333
38.571725,-121.30882
38.57209,-121.304006667
38.5728283333,-121.298555
38.5722333333,-121.293353333
38.58104,-121.29018
38.578445,-121.292241667
38.5856616667,-121.290485
38.5886733333,-121.288906667
38.5908933333,-121.285536667
38.5930433333,-121.281001667
38.596115,-121.278341667
38.60712,-121.279573333
38.561065,-121.33435
38.60449,-121.286903333
38.6037016667,-121.277936667
38.599665,-121.279411667
38.5966,-121.283716667
38.5931633333,-121.287273333
38.5987133333,-121.286378333
38.60145,-121.300741667
38.5998966667,-121.296035
38.602125,-121.291125
38.5942016667,-121.29024
38.5907783333,-121.292045
38.593135,-121.295596667
38.586985,-121.313823333
38.575055,-121.314168333
38.5596083333,-121.325945
38.5675566667,-121.329213333
38.5659833333,-121.323968333
38.5647966667,-121.327636667
38.5624933333,-121.323288333
38.56449,-121.320536667
38.5610866667,-121.320541667
38.569535,-121.32428
38.5691516667,-121.31997
38.5717783333,-121.320026667
38.5693433333,-121.31645
38.5694366667,-121.312711667
38.573155,-121.316768333
38.5721883333,-121.311018333
38.5751033333,-121.305736667
38.575855,-121.301231667
38.578265,-121.30224
38.58684,-121.300506667
38.584435,-121.292415
38.5884833333,-121.295455
38.5826816667,-121.311746667
38.578715,-121.310858333
38.5819,-121.308106667
38.58234,-121.30338
38.59537,-121.293296667
38.5896416667,-121.305193333
38.5644916667,-121.332891667
38.574875,-121.309218333
38.6010583333,-121.275495
38.5859733333,-121.296521667
38.5771633333,-121.31821
38.605705,-121.276378333
38.576707994943,-121.31823889866
38.5588883333,-121.335951667
38.558355,-121.330703333
40.59098,-73.800175
40.5880083333,-73.8109766667
40.58968,-73.80935
40.587,-73.807592
40.5854016667,-73.812145
40.58726,-73.8023716667
40.573695,-73.847635
40.5817566667,-73.847165
40.5814866667,-73.8430816667
40.5859566667,-73.8246916667
40.5782566667,-73.8356316667
40.5802716667,-73.8308333333
40.5812416667,-73.8283783333
40.58278,-73.8244666667
40.5836416667,-73.820115
40.58143,-73.8521016667
40.5775583333,-73.849825
40.594745,-73.7949716667
40.5949933333,-73.7915683333
40.59859,-73.79296
40.59902,-73.796685
40.5983866667,-73.80139
40.5958916667,-73.8032766667
40.59231,-73.80325
40.59619,-73.7985683333
40.5876,-73.7973133333
40.5906783333,-73.7958916667
40.577475,-73.84509
40.580345,-73.847355
40.581215,-73.8410066667
40.5836866667,-73.8285033333
40.5828516667,-73.8343766667
40.59057,-73.8121766667
40.588815,-73.8151416667
40.5903233333,-73.8064866667
40.5883016667,-73.8083333333
40.6109416667,-73.7509166667
40.610325,-73.7530733333
40.6095316667,-73.7513866667
40.5972216667,-73.7718083333
40.59633,-73.7733966667
40.61132,-73.7482916667
40.6097916667,-73.7447083333
40.6069383333,-73.74361
40.6052233333,-73.7403666667
40.60156,-73.738476
40.598435,-73.7385033333
40.5975533333,-73.7414866667
40.5927133333,-73.7584383333
40.5933516667,-73.7612633333
40.5940683333,-73.7673166667
40.5932766667,-73.7718366667
40.593535,-73.7751016667
40.589363,-73.788153
40.5913583333,-73.7873016667
40.5885366667,-73.79116
40.5915883333,-73.7913416667
40.5934066667,-73.7886183333
40.5980366667,-73.7777566667
40.599865,-73.7752083333
40.5954633333,-73.7777733333
40.5947266667,-73.7670466667
40.6101366667,-73.7572683333
40.6080583333,-73.76161
40.6133766667,-73.767805
40.6117616667,-73.77144
40.6070316667,-73.7675083333
40.611205,-73.7637116667
40.6078416667,-73.7651233333
40.6018116667,-73.7634866667
40.6058783333,-73.7694933333
40.60233,-73.76807
40.59905,-73.76576
40.60548,-73.7652533333
40.6044733333,-73.7612316667
40.6035216667,-73.7496383333
40.602805,-73.7457283333
40.6006066667,-73.7437583333
40.59861,-73.7534866667
40.5960866667,-73.7611466667
40.5996366667,-73.7582866667
40.6013933333,-73.7558166667
40.604558794259,-73.753651212497
40.5971016667,-73.7592816667
40.59937,-73.76644
40.5912916667,-73.77816
40.5925133333,-73.7995533333
40.58974,-73.8009816667
40.5818133333,-73.82104
40.575825,-73.8428066667
40.5854966667,-73.8120016667
40.5872816667,-73.8024216667
40.57825,-73.8356466667
40.5836266667,-73.820135
40.5884966667,-73.7911733333
40.691983,-73.810143
40.68971,-73.80831
40.6867433333,-73.8070916667
40.6866066667,-73.8042716667
40.6936133333,-73.8069833333
40.6902966667,-73.80304
40.6881183333,-73.79993
40.6846533333,-73.7998783333
40.6865483333,-73.7930733333
40.6927616667,-73.799515
40.6960883333,-73.8036533333
40.6992783333,-73.8003733333
40.6981483333,-73.7965116667
40.6935283333,-73.79601
40.6899583333,-73.79463
40.6880133333,-73.789475
40.694305,-73.7911533333
40.6964133333,-73.795315
40.69745,-73.794915
40.7032016667,-73.7917833333
40.7007266667,-73.7897516667
40.6967633333,-73.7861383333
40.6949,-73.7863266667
40.69037,-73.783065
40.7007733333,-73.78192
40.7009066667,-73.7841633333
40.7018266667,-73.7863583333
40.7059966667,-73.7869566667
40.7092266667,-73.7863066667
40.7111066667,-73.783515
40.7093483333,-73.7729116667
40.7033633333,-73.7780016667
40.6981466667,-73.77789
40.6966933333,-73.773325
40.692595,-73.775365
40.693705,-73.7664
40.6965716667,-73.7666466667
40.698525,-73.76626
33.8587933333,-117.820748333
40.70488,-73.7732183333
40.7088266667,-73.7768633333
40.710385,-73.7777333333
40.7142466667,-73.77668
40.711775,-73.7750016667
40.71177,-73.7715416667
40.709845,-73.7689683333
40.70872,-73.7660316667
40.7062266667,-73.768735
40.7033916667,-73.76551
40.6979766667,-73.762535
40.692035,-73.7627366667
40.6944833333,-73.75878
40.696945,-73.7562633333
40.7000333333,-73.7587383333
40.7037183333,-73.7614116667
40.705665,-73.7529666667
40.707177,-73.750903
40.7043083333,-73.7497633333
40.702365,-73.7564266667
40.698575,-73.7527133333
40.7006033333,-73.74811
40.6960583333,-73.7471433333
40.6950666667,-73.7503183333
40.69312,-73.7554466667
40.690515,-73.7687033333
40.6883216667,-73.762105
40.6865233333,-73.76066
40.6846083333,-73.7605566667
40.6867316667,-73.767945
40.68478,-73.76595
40.6829516667,-73.76886
40.6807266667,-73.7619566667
40.6782616667,-73.762245
40.678825,-73.765005
40.6756966667,-73.7628016667
40.679615,-73.7713833333
40.676755,-73.77225
40.6745316667,-73.769305
40.6728733333,-73.7727466667
40.6767233333,-73.7759883333
40.6709733333,-73.7693166667
40.6712483333,-73.7646266667
40.6674883333,-73.76682
40.667935,-73.7715983333
40.6705183333,-73.7740033333
40.6679316667,-73.77684
40.671985,-73.7789833333
40.67968,-73.7822366667
40.6796883333,-73.7756783333
40.68372,-73.77441
40.6871283333,-73.7748783333
40.6903083333,-73.7742683333
40.6859166667,-73.7846516667
40.6850333333,-73.7822583333
40.6833633333,-73.7795716667
40.674655,-73.7829816667
40.6709566667,-73.7857633333
40.6677083333,-73.7831616667
40.66694,-73.7892
40.66746,-73.795965
40.667035,-73.7994683333
40.6714533333,-73.8005933333
40.670135,-73.796425
40.67014,-73.7915283333
40.6741666667,-73.7950233333
40.6760416667,-73.802075
40.677085,-73.793125
40.67858,-73.7871933333
40.6821083333,-73.7884
40.681905,-73.7925566667
40.6786066667,-73.795615
40.6801166667,-73.799895
40.6797133333,-73.8034666667
40.683075,-73.80513
40.6951733333,-73.7936633333
40.6935666667,-73.7922
40.6924183333,-73.7921733333
40.667955,-73.7858283333
40.7052616667,-73.7821266667
40.68263,-73.7969133333
40.695225,-73.7774316667
40.7070633333,-73.7926566667
40.6929183333,-73.7434966667
40.6902916667,-73.73974
40.6881516667,-73.7369066667
40.6844466667,-73.733055
40.6814233333,-73.7299
40.6795733333,-73.7276416667
40.6781833333,-73.7260566667
40.6752033333,-73.726085
40.6711916667,-73.7263316667
40.6740683333,-73.73193
40.6770516667,-73.72976
40.6727566667,-73.7293383333
40.66703,-73.72694
40.663655,-73.72753
40.659747,-73.726511
40.6572566667,-73.7282466667
40.65666,-73.7318916667
40.6571866667,-73.7365416667
40.6598066667,-73.7348366667
40.657295,-73.7413733333
40.657425,-73.74602
40.6578216667,-73.75063
40.658125,-73.7561483333
40.658095,-73.76327
40.659305,-73.7597416667
40.6589466667,-73.76726
40.6592333333,-73.7721583333
40.6623466667,-73.770785
40.6614266667,-73.7667433333
40.6927133333,-73.7477866667
40.6904933333,-73.7441066667
40.6874283333,-73.747725
40.689905,-73.7516666667
40.6895916667,-73.758145
40.68601,-73.756865
40.6813916667,-73.7531566667
40.68602,-73.752
40.676255,-73.7583583333
40.6792633333,-73.7562416667
40.6727033333,-73.7597483333
40.6680083333,-73.7576016667
40.6629766667,-73.7623266667
40.6653716667,-73.7638416667
40.668645,-73.7624616667
40.66948,-73.73118
40.6629516667,-73.7570383333
40.6604866667,-73.7531333333
40.6606733333,-73.7470466667
40.66005,-73.7400083333
40.66504,-73.7312016667
40.6616233333,-73.7319833333
40.6685,-73.73638
40.6662833333,-73.73526
40.6751533333,-73.7366216667
40.6632883333,-73.73891
40.6638966667,-73.7448716667
40.6641366667,-73.7501783333
40.667305,-73.7491083333
40.6837883333,-73.7400683333
40.677555,-73.7349016667
40.6795266667,-73.7312916667
40.6816116667,-73.7361133333
40.68243,-73.7471483333
40.668125,-73.744355
40.6720433333,-73.7387633333
40.6708316667,-73.7540283333
40.6806716667,-73.743105
40.6714616667,-73.7474316667
40.675385,-73.7537516667
40.678495,-73.73827
40.6752883333,-73.7418333333
40.6770216667,-73.745725
40.679059,-73.749192
40.6761683333,-73.7492066667
40.6730216667,-73.742845
40.6679066667,-73.7399316667
40.670895,-73.734555
40.6651883333,-73.7679483333
40.7695883333,-73.93473
40.7525233333,-73.94344
40.7550666667,-73.9482033333
40.7574883333,-73.94572
40.7552766667,-73.9420566667
40.76382,-73.9367533333
40.7606683333,-73.933125
40.7594066667,-73.935
40.7609283333,-73.9385583333
40.7612966667,-73.936045
40.7624333333,-73.93374
40.7575833333,-73.9097866667
40.7556333333,-73.9113816667
40.7533633333,-73.9102716667
40.75581,-73.9093566667
40.7548166667,-73.9447566667
40.75165,-73.9314766667
40.7516416667,-73.94112
40.7518733333,-73.92539
40.7521783333,-73.9225616667
40.7530933333,-73.9183916667
40.7539966667,-73.9141466667
40.753808,-73.906499
40.7544333333,-73.9002533333
40.7541216667,-73.9024433333
40.7610316667,-73.8976466667
40.7650266667,-73.8932833333
40.76753,-73.8884483333
40.7720416667,-73.8889066667
40.7737983333,-73.89305
40.7743883333,-73.89832
40.7797633333,-73.9054416667
40.7825066667,-73.9193566667
40.7803083333,-73.91607
40.779817,-73.911788
40.7757483333,-73.9048133333
40.775505,-73.9091
40.7799966667,-73.919435
40.775591,-73.922668
40.7746383333,-73.9242
40.77603,-73.929045
40.758075,-73.940945
40.7563966667,-73.9359066667
40.7662883333,-73.9301333333
40.7710183333,-73.9294266667
40.755,-73.9292616667
40.7564016667,-73.9241783333
40.7713166667,-73.924165
40.776295,-73.9183183333
40.7718316667,-73.915105
40.7699616667,-73.8944766667
40.7674533333,-73.8977783333
40.7671766667,-73.89419
40.7709216667,-73.8977816667
40.77189,-73.9009116667
40.7678216667,-73.9061216667
40.7595766667,-73.9125483333
40.7620733333,-73.9136016667
40.7697933333,-73.9078266667
40.770385,-73.903095
40.768435,-73.944015
40.7664116667,-73.9450916667
40.7644816667,-73.94666
40.7619083333,-73.948685
40.7680433333,-73.9512366667
40.764535,-73.9536533333
40.7712833333,-73.9415633333
40.7696083333,-73.9428983333
40.76148,-73.9498316667
40.7586733333,-73.9530583333
40.7533766667,-73.958495
40.761005,-73.95113
40.7560116667,-73.9457983333
40.7515366667,-73.9367966667
40.762565,-73.931995
40.7762533333,-73.9351466667
40.75572,-73.90449
40.7580633333,-73.90312
40.7666666667,-73.9387433333
40.762995,-73.9388883333
40.757395,-73.9066633333
40.7580283333,-73.945135
40.7617633333,-73.9027116667
40.7724533333,-73.8910966667
40.769805,-73.8908233333
40.7670933333,-73.891295
40.775485,-73.9143716667
40.7604466667,-73.9174233333
40.76225,-73.9433616667
40.768445,-73.91152
40.7534433333,-73.9393616667
40.7683516667,-73.9321216667
40.7568383333,-73.9197933333
40.7671233333,-73.9023966667
40.7617566667,-73.9101583333
40.756345,-73.9145133333
40.76572,-73.933165
18.3522733333,-66.0064133333
18.3743766667,-66.0544066667
18.3918466667,-66.014085
18.3655233333,-66.0184766667
18.3701283333,-66.026545
18.36391,-66.0479183333
18.3557133333,-66.0064566667
18.35643,-66.0047683333
18.36219,-66.00379
18.364255,-66.05364
18.3649633333,-66.0535666667
18.366275,-66.0504066667
18.3639733333,-66.0489516667
18.3655966667,-66.0448
18.3733666667,-66.0456966667
18.3701633333,-66.04327
18.3760666667,-66.0413783333
18.3717,-66.042045
18.37133,-66.03829
18.368945,-66.03826
18.3645,-66.0345266667
18.3619416667,-66.0383283333
18.3634233333,-66.0357283333
18.3613566667,-66.0304183333
18.3634633333,-66.0256116667
18.3606366667,-66.0211716667
18.362385,-66.01613
18.3638283333,-66.0073016667
18.3584566667,-66.0036183333
18.3655883333,-66.004285
18.3715366667,-66.00499
18.36741,-66.001975
18.3627583333,-66.0052166667
18.37253,-66.0044383333
18.3685166667,-66.01149
18.3651616667,-66.00736
18.3675883333,-66.0124383333
18.373325,-66.004965
18.3745983333,-66.005045
18.3713616667,-66.008485
18.3778066667,-66.0032533333
18.38274,-66.0042483333
18.3808283333,-66.000535
18.3843166667,-66.0064733333
18.3880583333,-66.0073416667
18.3802933333,-66.0043983333
18.3899083333,-66.00582
18.3877966667,-66.0108333333
18.3879583333,-66.0137616667
18.3844383333,-66.0133433333
18.384,-66.0157333333
18.3807083333,-66.0138583333
18.3805116667,-66.0168233333
18.38207,-66.008145
18.381635,-66.010965
18.3757533333,-66.007945
18.3749033333,-66.011065
18.377715,-66.0153166667
18.3804583333,-66.0209416667
18.37373,-66.0260733333
18.3768716667,-66.0183583333
18.3718716667,-66.0104016667
18.3716666667,-66.0145516667
18.369355,-66.0202316667
18.36994,-66.03083
18.3723533333,-66.035575
18.373435,-66.0264783333
18.374765,-66.0293683333
18.3738866667,-66.0345016667
18.3676233333,-66.0235883333
18.3724566667,-66.021865
18.3600183333,-66.01943
18.3603633333,-66.0284716667
18.3549766667,-66.0072466667
18.36355,-66.0246216667
18.367555,-66.0277533333
18.3647033333,-66.0450116667
18.3735283333,-66.0189316667
18.3572666667,-66.00945
18.3585733333,-66.01998
18.36221,-65.9990366667
18.368685,-66.03583
18.3667983333,-66.048185
18.3755133333,-66.047495
18.3671833333,-66.032425
18.3602433333,-66.03366
18.3582466667,-66.0166283333
18.3715233333,-66.017765
18.378085,-66.0259016667
18.38535,-66.0166866667
18.377055,-66.0030883333
18.367355,-66.0050666667
18.3641033333,-66.0318366667
18.3705316667,-66.055395
18.3655883333,-66.023325
18.36075,-66.0094816667
18.3545766667,-66.0088166667
18.389985,-66.0084716667
18.3866833333,-66.0168483333
18.383775,-66.008105
18.3768283333,-66.0111716667
18.3749883333,-66.013925
18.37312,-66.03008
18.3653483333,-66.0376983333
18.3706966667,-66.0476416667
18.36663,-66.0180833333
18.37468,-66.0369533333
18.373165,-66.0434816667
18.386405,-66.0055866667
18.3661983333,-66.040705
18.3650616667,-66.0282633333
18.37013,-66.0501616667
18.3688316667,-66.053025
18.357135,-66.0112583333
18.3941816667,-66.0197783333
18.39427,-66.014125
18.3955683333,-66.0041583333
18.4025616667,-66.0110833333
18.3975266667,-66.013955
18.3943416667,-66.0091033333
18.3983116667,-66.0092366667
18.39799,-66.0069383333
18.3939066667,-66.0046266667
18.3919433333,-66.0191216667
18.3976566667,-66.011
18.3502066667,-66.0431516667
18.3517583333,-66.044635
18.3533266667,-66.0427883333
18.352325,-66.0419216667
18.35333,-66.041285
18.355045,-66.0401066667
18.3571833333,-66.0416866667
18.3565433333,-66.04767
18.3539383333,-66.0482816667
18.35649,-66.0488366667
18.35804,-66.048885
18.3591266667,-66.0467016667
18.3577116667,-66.0539866667
18.3615783333,-66.0541416667
18.3626183333,-66.05093
18.36362,-66.042365
18.3616316667,-66.0443283333
18.3607416667,-66.0476266667
18.3606966667,-66.0500383333
18.3589483333,-66.05107
18.360405,-66.0417416667
18.3594183333,-66.0439066667
18.35284,-66.0482916667
18.3591383333,-66.0458783333
18.401555,-66.0042333333
18.4042533333,-66.0031616667
18.4040483333,-66.0069383333
18.40782,-66.0062666667
18.4051283333,-66.0105516667
18.40847,-66.0101866667
18.411015,-66.0101016667
18.4126533333,-66.020415
18.4124233333,-66.0177483333
18.40774,-66.0181566667
18.4055833333,-66.0178066667
18.402965,-66.0163233333
18.4075816667,-66.01527
18.404875,-66.0139
18.4090816667,-66.0127233333
18.3577983333,-66.0467766667
18.3557566667,-66.041115
18.3582383333,-66.052475
18.362715,-66.0523916667
18.3628883333,-66.04667
18.359465,-66.0548566667
18.4105033333,-66.017865
18.4017783333,-66.0070683333
18.40658,-66.0031083333
18.400175,-66.0167833333
18.4063566667,-66.0081516667
18.406295,-66.0224733333
18.3967316667,-66.0160333333
18.3979183333,-66.017775
18.40051,-66.014115
18.4250033333,-66.07791
18.4231816667,-66.0770183333
18.4196016667,-66.075165
18.41772,-66.0755666667
18.4171783333,-66.077005
18.41892,-66.078035
18.4197716667,-66.0818166667
18.4182283333,-66.0854183333
18.41638,-66.0849133333
18.4159616667,-66.0859816667
18.4143316667,-66.08732
18.4096416667,-66.08919
18.4124583333,-66.08889
18.4053116667,-66.0944016667
18.402215,-66.0926766667
18.4017983333,-66.08849
18.4062983333,-66.0845566667
18.4084216667,-66.08587
18.4114416667,-66.08477
18.4162866667,-66.08126
18.4152316667,-66.0795233333
18.41254,-66.08199
18.409685,-66.0798
18.41048,-66.07635
18.4077,-66.0775383333
18.40707,-66.0749266667
18.4041133333,-66.0735433333
18.4002383333,-66.0729666667
18.401065,-66.0768166667
18.3994183333,-66.0784433333
18.39649,-66.0769
18.3964216667,-66.070255
18.3887133333,-66.0749333333
18.3940783333,-66.0764683333
18.3877666667,-66.083075
18.393215,-66.0812016667
18.393315,-66.08579
18.39793,-66.0825933333
18.3945716667,-66.0879433333
18.3987616667,-66.0854183333
18.4009933333,-66.084575
18.3985516667,-66.0905033333
18.3999033333,-66.0979516667
18.40001,-66.0947433333
18.39367,-66.104135
18.3939466667,-66.1009983333
18.39578,-66.0978816667
18.3927683333,-66.095715
18.3916833333,-66.0935283333
18.3890116667,-66.0896283333
18.3644533333,-66.08464
18.3676183333,-66.0822033333
18.370075,-66.0840266667
18.368724,-66.083533
18.3670116667,-66.088165
18.367914,-66.091346
18.3702316667,-66.0933483333
18.3719316667,-66.095255
18.3743883333,-66.0999766667
18.3782383333,-66.101125
18.3826066667,-66.1025666667
18.391315,-66.1034733333
18.3891766667,-66.1033783333
18.38909,-66.0975466667
18.3876633333,-66.094885
18.384855,-66.1027133333
18.3856133333,-66.100025
18.382535,-66.0977083333
18.3837566667,-66.0941333333
18.3761533333,-66.0979916667
18.370105,-66.0871916667
18.3730383333,-66.093785
18.3732133333,-66.0876366667
18.3757566667,-66.0872733333
18.3750833333,-66.0908816667
18.378015,-66.0895966667
18.3779366667,-66.0919266667
18.3795916667,-66.0946316667
18.3819466667,-66.0896816667
18.3796983333,-66.0880966667
18.3710266667,-66.087945
18.3729083333,-66.0857566667
18.3718,-66.090145
18.3665683333,-66.0862016667
18.3836266667,-66.085555
18.3958383333,-66.0941583333
18.4064033333,-66.088825
18.4052716667,-66.078695
18.403565,-66.0828133333
18.38986,-66.085785
18.4577983333,-66.0851466667
18.4168583333,-66.03921
18.4235383333,-66.039105
18.4102583333,-66.0334566667
18.41237,-66.0387166667
18.4118633333,-66.0346266667
18.4418866667,-66.0524916667
18.4287483333,-66.0393483333
18.4174266667,-66.0330083333
18.408785,-66.0378466667
18.416269,-66.043168
18.4481216667,-66.0785033333
18.4130516667,-66.043955
18.41237,-66.04614
18.409955,-66.04149
18.4102483333,-66.0474633333
18.4205766667,-66.0392716667
18.4191516667,-66.0425083333
18.4240133333,-66.0459583333
18.4247716667,-66.051995
18.44778,-66.0381883333
18.4270816667,-66.0510816667
18.4097666667,-66.0547783333
18.4300516667,-66.05639
18.4297883333,-66.0543366667
18.4317616667,-66.05456
18.40984,-66.0430383333
18.4145733333,-66.0497133333
18.4120883333,-66.0521083333
18.4162566667,-66.056165
18.4186783333,-66.0544616667
18.4146233333,-66.034305
18.436925,-66.0591983333
18.4367133333,-66.04161
18.4489183333,-66.0433433333
18.44643,-66.0438133333
18.4510683333,-66.0401
18.416185,-66.0456816667
18.4324866667,-66.0588883333
18.430855,-66.0514733333
18.4260916667,-66.0592583333
18.4352133333,-66.05117
18.420455,-66.0431066667
18.451579,-66.076044
18.4320066667,-66.0494816667
18.4293416667,-66.048795
18.4455883333,-66.077855
18.432095,-66.0464433333
18.4522633333,-66.0651
18.4485683333,-66.0674766667
18.4485366667,-66.0699266667
18.4245466667,-66.057135
18.4382166667,-66.0555316667
18.4494116667,-66.03922
18.4452516667,-66.0751783333
18.433,-66.040395
18.4477283333,-66.074085
18.41352,-66.0368633333
18.4200433333,-66.034055
18.4247916667,-66.03763
18.4185833333,-66.036825
18.4143183333,-66.03957
18.4144583333,-66.0528416667
18.418755,-66.0489
18.4166,-66.0523666667
18.42099,-66.050565
18.4229983333,-66.0544433333
18.4220533333,-66.0483116667
18.4240466667,-66.0421066667
18.425125,-66.0443883333
18.4392116667,-66.04747
18.4362133333,-66.0507183333
18.431907,-66.043957
18.4473183333,-66.057925
18.4496033333,-66.0458266667
18.44844,-66.04071
18.4280666667,-66.0478866667
18.431905,-66.0381333333
18.4517533333,-66.0452566667
18.44556,-66.0520283333
18.4503916667,-66.053165
18.4349483333,-66.0358083333
18.44875,-66.0557283333
18.4510466667,-66.0583283333
18.4362683333,-66.045585
18.4470233333,-66.063155
18.4500583333,-66.0655233333
18.4491583333,-66.0494766667
18.451775,-66.0545616667
18.4531516667,-66.06302
18.45387,-66.0579066667
18.449595,-66.06085
18.4440216667,-66.0657166667
18.4556166667,-66.0719516667
18.45515,-66.0670833333
18.4534033333,-66.0724
18.45033,-66.071345
18.44508,-66.0593466667
18.4444466667,-66.07176
18.4194433333,-66.0535316667
18.4265683333,-66.053695
18.4256766667,-66.038855
18.4271466667,-66.0438633333
18.4194583333,-66.0460016667
18.4215716667,-66.0350833333
18.4459983333,-66.0478233333
18.4462633333,-66.054465
18.4438066667,-66.050415
18.44444,-66.0455716667
18.4415083333,-66.0440416667
18.44205,-66.0491633333
18.4396866667,-66.0494083333
18.44022,-66.0526616667
18.43856,-66.045155
18.4351966667,-66.05474
18.4340666667,-66.0572366667
18.43944,-66.0594816667
18.442505,-66.0686666667
18.4421366667,-66.05792
18.4429416667,-66.0562166667
18.4407883333,-66.0616666667
18.4434633333,-66.061015
18.4455033333,-66.0614916667
18.4415266667,-66.064995
18.4309566667,-66.04195
18.434975,-66.047855
18.40448,-66.0322733333
18.40166,-66.0323366667
18.3985166667,-66.0327916667
18.3973483333,-66.0289566667
18.3955866667,-66.0293516667
18.394185,-66.0227916667
18.3985316667,-66.0229716667
18.3995533333,-66.0280316667
18.4024516667,-66.0279616667
18.4026966667,-66.02424
18.4022316667,-66.0199066667
18.4081716667,-66.0275766667
18.4083733333,-66.02114
18.40557,-66.0252016667
18.4104683333,-66.028435
18.4125966667,-66.0227616667
18.410825,-66.021575
18.4081866667,-66.0248966667
18.4128616667,-66.0307966667
18.4055533333,-66.0204216667
18.40514,-66.0282883333
18.4514433333,-66.0472366667
18.3967316667,-66.0160333333
18.3979183333,-66.017775
18.40051,-66.014115
18.3888516667,-66.031255
18.3947666667,-66.0334583333
18.4644083333,-66.103565
18.4660083333,-66.1038633333
18.466916,-66.102016
18.4649766667,-66.10136
18.4627716667,-66.101845
18.462205,-66.090425
18.465675,-66.0952766667
18.46444,-66.1001733333
18.4648133333,-66.09835
18.462885,-66.0987283333
18.4637116667,-66.0944516667
18.461425,-66.0871333333
18.455695,-66.0792133333
18.458265,-66.0868816667
18.4511266667,-66.0851683333
18.445035,-66.0821283333
18.447155,-66.0836433333
18.4467433333,-66.0809133333
18.4527583333,-66.0847133333
18.453405,-66.0794016667
18.4649316667,-66.06978
18.45707,-66.0748516667
18.45702,-66.0828583333
18.4549916667,-66.08577
18.4657966667,-66.0918966667
18.4636483333,-66.0874
18.4628466667,-66.0957916667
18.4630066667,-66.0932916667
18.4637983333,-66.0966916667
18.4622666667,-66.0880916667
18.460264,-66.079679
18.4544716667,-66.0834033333
18.4534083333,-66.0872966667
18.44945,-66.081655
18.4447433333,-66.0796666667
18.455665,-66.075105
18.4065883333,-66.0354983333
18.411825,-66.0499316667
18.3844383333,-66.0133433333
18.3892733333,-66.0568683333
18.408785,-66.0378466667
18.409955,-66.04149
18.4102483333,-66.0474633333
18.3760666667,-66.0413783333
18.4097666667,-66.0547783333
18.40984,-66.0430383333
18.4120883333,-66.0521083333
18.384,-66.0157333333
18.3807083333,-66.0138583333
18.3805116667,-66.0168233333
18.3804583333,-66.0209416667
18.37373,-66.0260733333
18.3768716667,-66.0183583333
18.373435,-66.0264783333
18.374765,-66.0293683333
18.3738866667,-66.0345016667
18.3755133333,-66.047495
18.378085,-66.0259016667
18.38535,-66.0166866667
18.3866833333,-66.0168483333
18.37468,-66.0369533333
18.3941816667,-66.0197783333
18.3919433333,-66.0191216667
18.40448,-66.0322733333
18.40166,-66.0323366667
18.3985166667,-66.0327916667
18.3973483333,-66.0289566667
18.3955866667,-66.0293516667
18.394185,-66.0227916667
18.3985316667,-66.0229716667
18.3967316667,-66.0160333333
18.3979183333,-66.017775
18.4045583333,-66.0570733333
18.4002216667,-66.0558
18.3977883333,-66.055735
18.3942333333,-66.0570333333
18.3892466667,-66.063495
18.385335,-66.0618883333
18.3809566667,-66.0565816667
18.3781716667,-66.054515
18.3764066667,-66.0513716667
18.378395,-66.046205
18.3796033333,-66.0394333333
18.3807566667,-66.03362
18.3824866667,-66.0301066667
18.3826383333,-66.026105
18.3794866667,-66.0303183333
18.377515,-66.0363383333
18.3862766667,-66.0397533333
18.3888516667,-66.031255
18.3893333333,-66.0256333333
18.3895416667,-66.0204933333
18.39235,-66.0233733333
18.3944683333,-66.0262
18.3918133333,-66.031005
18.3896416667,-66.03559
18.391185,-66.040475
18.396235,-66.0406516667
18.3970816667,-66.03766
18.3884466667,-66.041795
18.385365,-66.0287433333
18.3842516667,-66.0324583333
18.3882366667,-66.0561416667
18.392045,-66.0588366667
18.3878,-66.0613633333
18.388435,-66.0483816667
18.3875833333,-66.0506433333
18.390805,-66.0523083333
18.3940283333,-66.0450183333
18.3939116667,-66.0542266667
18.3962816667,-66.0520666667
18.396805,-66.0494966667
18.393455,-66.04748
18.3924083333,-66.0458666667
18.393125,-66.042255
18.39343,-66.03849
18.3947666667,-66.0334583333
18.388317,-66.034826
18.3991116667,-66.0369583333
18.400065,-66.040575
18.4025866667,-66.0348833333
18.4040416667,-66.0409033333
18.4058883333,-66.03978
18.4059633333,-66.04403
18.401715,-66.04397
18.4040716667,-66.04413
18.400515,-66.0479183333
18.40055,-66.0513483333
18.3994383333,-66.0543366667
18.40199,-66.0550233333
18.4071783333,-66.052285
18.4044533333,-66.053295
18.4069433333,-66.0487833333
18.40432,-66.0355183333
18.401585,-66.0392383333
18.3997833333,-66.046065
18.3972966667,-66.0448383333
18.3987183333,-66.0475666667
18.398095,-66.0493566667
18.39416,-66.05228
18.3946033333,-66.0479866667
18.3962933333,-66.0478733333
18.3951,-66.0426816667
18.3944283333,-66.0357566667
18.384425,-66.036285
18.3784083333,-66.0428783333
18.3770083333,-66.0324333333
18.38392,-66.06077
18.3825716667,-66.0577
18.3788483333,-66.0503316667
18.3894883333,-66.03879
18.3872816667,-66.0367266667
18.3924466667,-66.0353666667
18.391215,-66.0275783333
18.3850133333,-66.024535
18.3858716667,-66.025415
18.3885116667,-66.0275166667
18.3942333333,-66.0304016667
18.382215,-66.0363916667
18.390405,-66.056531
18.3799616667,-66.051795
18.3772733333,-66.03891
18.3841666667,-66.0331633333
18.3957766667,-66.0384583333
18.3968583333,-66.032505
18.4006216667,-66.03671
18.4032583333,-66.0331966667
18.4002883333,-66.0330166667
18.4037166667,-66.0380616667
18.40684,-66.0374333333
18.4040283333,-66.0503316667
18.40258,-66.0450066667
18.3975116667,-66.05275
18.39603,-66.0448516667
18.4074383333,-66.055135
18.37898,-66.056165
18.3767883333,-66.0444366667
18.3745833333,-66.0512733333
18.4065883333,-66.0354983333
18.411825,-66.0499316667
18.386835,-65.966015
18.3883283333,-65.9579216667
18.3900116667,-65.961585
18.3829333333,-65.9549133333
18.403285,-65.956075
18.3906466667,-65.96937
18.395795,-65.9609633333
18.387335,-65.95133
18.40589,-65.958355
18.407635,-65.96545
18.400645,-65.9648916667
18.4036033333,-65.9524583333
18.40863,-65.9586916667
18.3950533333,-65.951515
18.387865,-65.9642516667
18.3887783333,-65.9687183333
18.3928983333,-65.9612616667
18.3895833333,-65.9578816667
18.3992566667,-65.9555533333
18.400345,-65.9604583333
18.4000416667,-65.95311
18.3922183333,-65.9538766667
18.4024766667,-65.9623566667
18.3933183333,-65.9577783333
18.4002383333,-65.95003
18.40262,-65.9593566667
18.4068233333,-65.9560733333
18.3988516667,-65.9680866667
18.40638,-65.9627416667
18.395835,-65.959415
18.3963466667,-65.9651383333
18.390895,-65.9657583333
18.3964133333,-65.9695916667
18.3927766667,-65.9503583333
18.3858933333,-65.9586366667
18.3848133333,-65.963475
18.3895483333,-65.9527183333
18.38076,-65.967215
18.3800633333,-65.9646383333
18.3805066667,-65.9615283333
18.381392,-65.958586
18.381785,-65.9550533333
18.379975,-65.95772
18.38239,-65.9639816667
18.395355,-65.9545683333
18.37604,-65.9551783333
18.377015,-65.95842
18.3802666667,-65.953705
18.3783366667,-65.9561916667
18.406545,-65.9657866667
18.394548,-65.955851
18.3976683333,-65.9554
18.4022616667,-65.9488733333
18.409175,-65.962
18.4033133333,-65.96521
18.3979116667,-65.962445
18.3937166667,-65.96531
18.386205,-65.9549616667
18.3848183333,-65.9514183333
18.3822983333,-65.960605
18.3783366667,-65.954265
18.3833533333,-65.95706
18.4004066667,-65.9576233333
18.39234,-66.1670533333
18.3895283333,-66.1690883333
18.38877,-66.1731566667
18.3893733333,-66.1750033333
18.3861616667,-66.1765633333
18.3836083333,-66.1770816667
18.384405,-66.1739466667
18.3709283333,-66.1833566667
18.3710216667,-66.1899216667
18.379095,-66.1882216667
18.3764483333,-66.19477
18.3804883333,-66.1918166667
18.3786983333,-66.1839933333
18.3793816667,-66.180305
18.3771233333,-66.1796616667
18.382535,-66.1842933333
18.3816183333,-66.177995
18.3783583333,-66.1703316667
18.3742666667,-66.1701533333
18.3761016667,-66.1678183333
18.37054,-66.1678316667
18.3713166667,-66.1679833333
18.3797533333,-66.1519033333
18.3812866667,-66.16802
18.3817616667,-66.1698033333
18.3826283333,-66.1797266667
18.3840433333,-66.1800933333
18.3760016667,-66.18304
18.3733616667,-66.1950966667
18.4068233333,-66.1599766667
18.4129566667,-66.16086
18.4119283333,-66.159905
18.4162583333,-66.1601383333
18.4056633333,-66.1580466667
18.4037316667,-66.160755
18.40118,-66.163765
18.4028183333,-66.1643416667
18.3974166667,-66.1644966667
18.40196,-66.1680716667
18.4091733333,-66.1651866667
18.4060183333,-66.1657066667
18.401535,-66.16062
18.39954,-66.1633116667
18.398935,-66.1683316667
18.3855366667,-66.1516
18.382985,-66.1528216667
18.3793716667,-66.16479
18.3815333333,-66.15345
18.3782033333,-66.15516
18.37541,-66.1555183333
18.375565,-66.158215
18.377875,-66.15967
18.380505,-66.15811
18.3810433333,-66.1615866667
18.3854083333,-66.1604916667
18.3837516667,-66.16471
18.3852116667,-66.1582483333
18.3831183333,-66.1597933333
18.3899933333,-66.1549366667
18.392135,-66.1547183333
18.3914833333,-66.15867
18.3962333333,-66.1562183333
18.3944933333,-66.1621233333
18.3993766667,-66.155525
18.4005183333,-66.1557766667
18.39921,-66.1583483333
18.3962816667,-66.1581
18.3900583333,-66.1643183333
18.38599,-66.16792
18.3816033333,-66.1736216667
18.3789416667,-66.17624
18.40797,-66.1588416667
18.39716,-66.1696133333
18.3962183333,-66.1657433333
18.3950316667,-66.1705733333
18.3918466667,-66.1695333333
18.3914366667,-66.17206
18.389375,-66.1674733333
18.3864716667,-66.1707716667
18.3863783333,-66.1627616667
18.3728683333,-66.1528083333
18.3764183333,-66.1513583333
18.371705,-66.1509816667
18.3698966667,-66.1515683333
18.3712833333,-66.1552216667
18.3703783333,-66.1545066667
18.3675116667,-66.1571883333
18.3681366667,-66.15959
18.3678883333,-66.16063
18.37042,-66.1579266667
18.3693433333,-66.1634133333
18.369915,-66.160685
18.3725533333,-66.1600916667
18.3712916667,-66.1630516667
18.374115,-66.1620783333
18.3750533333,-66.1651933333
18.3704083333,-66.172335
18.3698833333,-66.1738083333
18.3742333333,-66.17355
18.3726016667,-66.1792016667
18.3754583333,-66.1865333333
18.387745,-66.1650416667
18.3892033333,-66.15997
18.3780133333,-66.16285
18.385855,-66.15612
18.3708133333,-66.1886566667
18.3740533333,-66.17689
18.3723766667,-66.1564516667
18.369975,-66.1767083333
18.3736833333,-66.19018
18.376486,-66.190275
18.3742616667,-66.18041
18.371805,-66.181195
18.37296,-66.1640133333
18.378425,-66.157185
18.394105,-66.1639483333
18.37535,-66.1765833333
18.3691,-66.15613
26.2324116667,-80.1508283333
26.23174,-80.14603
26.2327933333,-80.1410133333
26.2314766667,-80.164655
26.2452083333,-80.1517966667
26.24219,-80.1658383333
26.2415616667,-80.1516683333
26.2316033333,-80.1735216667
26.23753,-80.1653733333
26.2434883333,-80.1433966667
26.23975,-80.1446716667
26.2408683333,-80.1601066667
26.24553,-80.1592233333
26.2454316667,-80.16513
26.2367583333,-80.1538783333
26.231905,-80.15703
26.2301416667,-80.1591
26.2356833333,-80.147645
26.237235,-80.1426083333
26.231984,-80.17054
26.2332083333,-80.1612683333
26.234615,-80.1640983333
26.2350033333,-80.1565883333
26.23981,-80.154995
26.2434316667,-80.1553283333
26.2452866667,-80.16195
26.24272,-80.14588
26.26867,-80.1353066667
26.2747133333,-80.1337333333
26.2215033333,-80.1233083333
26.2310783333,-80.124995
26.23326,-80.1263983333
26.2277116667,-80.1231633333
26.242065,-80.134645
26.239312,-80.135765
26.237008,-80.125637
26.24905,-80.1268183333
26.2505033333,-80.1356883333
26.2545916667,-80.1358216667
26.2573316667,-80.1324133333
26.257518,-80.127785
26.2604983333,-80.119415
26.26083,-80.122985
26.265765,-80.1171116667
26.2694116667,-80.1276166667
26.265075,-80.105625
26.2746416667,-80.1292283333
26.2745533333,-80.1136666667
26.27494,-80.1184
26.25872,-80.1051833333
26.2711083333,-80.11989
26.2261733333,-80.1337683333
26.2587866667,-80.1152133333
26.2521616667,-80.1206233333
26.2405866667,-80.1240416667
26.2452883333,-80.1230316667
26.240653,-80.127544
26.2456666667,-80.1308633333
26.2459216667,-80.13606
26.234294,-80.13551
26.23397,-80.1304933333
26.2275466667,-80.135225
26.2231033333,-80.1342433333
26.2203933333,-80.1348766667
26.2194483333,-80.1307083333
26.2182766667,-80.1236266667
26.2243783333,-80.1292733333
26.2250566667,-80.125315
26.23211,-80.13027
39.408915,-74.50946
39.41281,-74.510115
39.4124783333,-74.5166516667
39.40924,-74.5203533333
39.406745,-74.5215416667
39.4049416667,-74.5234583333
39.4012516667,-74.5248866667
39.4030333333,-74.5327266667
39.4010083333,-74.5346516667
39.3980633333,-74.53762
39.3951816667,-74.5412533333
39.3935383333,-74.54477
39.3819066667,-74.54589
39.379758,-74.542102
39.389655,-74.5174666667
39.3839433333,-74.5410416667
39.4111616667,-74.506965
39.408955,-74.509643
39.404735,-74.5114316667
39.4054566667,-74.5166883333
39.4021833333,-74.5136566667
39.399355,-74.5160483333
39.3966816667,-74.5186683333
39.393885,-74.5200333333
39.3950966667,-74.5348266667
39.3968033333,-74.5296683333
39.393055,-74.5376533333
39.3911733333,-74.5307116667
39.3934966667,-74.528885
39.3912516667,-74.5232783333
39.3905333333,-74.5359916667
39.3871733333,-74.5365983333
39.38542,-74.52914
39.3874683333,-74.5296516667
39.3900466667,-74.52504
39.38365,-74.5307483333
39.3936616667,-74.5211966667
39.3929233333,-74.5266666667
40.64233,-74.40879
40.6412216667,-74.402445
40.6386566667,-74.40971
40.637135,-74.4048483333
40.637515,-74.3964516667
40.6347483333,-74.4134533333
40.6345333333,-74.4007866667
40.63294,-74.39675
40.6298966667,-74.4149033333
40.6307566667,-74.4108783333
40.62752,-74.4054383333
40.629479,-74.400788
40.6265033333,-74.4183983333
40.62609,-74.413665
40.6218,-74.42154
40.6195183333,-74.4205466667
40.6227966667,-74.4156766667
40.6173166667,-74.4126333333
40.62372,-74.4085916667
40.61934,-74.4066883333
40.6206483333,-74.4021816667
40.6157216667,-74.40891
40.6141983333,-74.4054883333
40.616265,-74.4026533333
40.6173166667,-74.4258783333
40.614895,-74.4235466667
40.61182,-74.412615
40.6144466667,-74.4301483333
40.61143,-74.4283666667
40.6100016667,-74.42394
40.6070233333,-74.4189566667
40.6111016667,-74.4343133333
40.607435,-74.4335866667
40.6035766667,-74.4295016667
40.6055583333,-74.4240066667
40.6120333333,-74.4257933333
40.6075933333,-74.4394266667
40.6053266667,-74.4395116667
40.6022383333,-74.437505
40.6004483333,-74.4339933333
40.59968,-74.4306016667
40.6032483333,-74.4455533333
40.59914,-74.4415266667
40.5969916667,-74.4366116667
40.606385,-74.4295733333
40.6256033333,-74.403375
40.6030216667,-74.4227166667
40.5965716667,-74.443565
40.59475,-74.439265
40.5937933333,-74.4417033333
40.5959516667,-74.4498866667
40.6017506,-74.44144069
40.60362,-74.43644
42.4537666667,-73.2418566667
42.456785,-73.2442133333
42.4594883333,-73.2496316667
42.4499466667,-73.2445266667
42.4463566667,-73.2430883333
42.4424283333,-73.2417683333
42.4413916667,-73.24591
42.441085,-73.249745
42.4400783333,-73.2529933333
42.4404733333,-73.257385
42.4410866667,-73.261575
42.443245,-73.2640683333
42.4469866667,-73.2658133333
42.4504733333,-73.2665083333
42.4535716667,-73.267475
42.4570033333,-73.2663533333
42.465685,-73.2541666667
42.4692283333,-73.2508833333
42.4691783333,-73.2545216667
42.4731316667,-73.2546416667
42.4759783333,-73.2527
42.4759733333,-73.2482433333
42.478655,-73.2496916667
42.4779033333,-73.244405
42.467865,-73.243445
42.4622316667,-73.2609683333
42.4737716667,-73.2431583333
42.4706,-73.2459383333
42.465565,-73.24863
42.4618366667,-73.2441983333
42.46221,-73.25238
42.4545033333,-73.2367633333
42.455735,-73.23009
42.4573766667,-73.22788
42.46195,-73.2293516667
42.4628966667,-73.2347466667
42.45894,-73.234535
42.4579266667,-73.237395
42.4728116667,-73.2497416667
42.4486116667,-73.2519766667
42.4479883333,-73.25533
42.4466616667,-73.2609366667
42.45167,-73.256605
42.449435,-73.2604283333
42.452988,-73.26314
42.44364,-73.25843
42.4436983333,-73.2506783333
42.444775,-73.2477216667
42.454845,-73.251475
42.4565283333,-73.261405
42.4594616667,-73.2575833333
42.4562866667,-73.2570966667
42.45363,-73.2466116667
42.4574716667,-73.2499433333
42.4802666667,-73.2468166667
42.4536466667,-73.2590816667
42.4593383333,-73.2410916667
42.46064,-73.2354933333
42.4622816667,-73.2486316667
40.4515116667,-80.0782316667
40.44838,-80.0778883333
40.449475,-80.0745766667
40.4456366667,-80.07854
40.4573016667,-80.0818316667
40.4607333333,-80.079465
40.4634866667,-80.0791116667
40.4607016667,-80.06369
40.4633283333,-80.0751016667
40.4573433333,-80.0760016667
40.44808,-80.0716883333
40.4615766667,-80.068455
40.44815,-80.068537
40.461005,-80.0752316667
40.45641,-80.0526216667
40.4588633333,-80.06269
40.4587966667,-80.065935
40.4622666667,-80.0563266667
40.45206,-80.04276
40.44958,-80.0402383333
40.4417733333,-80.037665
40.4395783333,-80.0463883333
40.45562,-80.0502383333
40.4391016667,-80.0533166667
40.4417083333,-80.0515216667
40.44513,-80.05958
40.446675,-80.055045
40.4471316667,-80.0516983333
40.451562,-80.070693
40.44254,-80.04024
40.4418583333,-80.046335
40.444765,-80.0518066667
40.4539083333,-80.0635516667
40.4428116667,-80.0421816667
40.4485866667,-80.0497416667
40.45402,-80.0532233333
40.45023,-80.052135
40.454375,-80.0547383333
40.455435,-80.0603766667
40.4454116667,-80.0480666667
40.4650316667,-79.937955
40.471263,-79.926017
40.470875,-79.923495
40.463065,-79.9252583333
40.470905,-79.9093316667
40.457097,-79.916119
40.4582533333,-79.9091333333
40.47061,-79.898025
40.4585083333,-79.9032833333
-9999,-9999
40.4702333333,-79.8945333333
40.4676116667,-79.8856783333
40.459675,-79.889785
40.449142,-79.889238
40.4509116667,-79.89783
40.45845,-79.912935
40.4617633333,-79.9139633333
40.467305,-79.9228766667
40.4636233333,-79.92961
40.4527566667,-79.8945383333
40.4672233333,-79.9278833333
40.468125,-79.9173333333
40.4556083333,-79.8979483333
40.458625,-79.8865583333
40.4542033333,-79.8816266667
40.47476,-79.9171466667
40.4745583333,-79.93108
40.4630066667,-79.907445
40.4709183333,-79.9021083333
40.4647066667,-79.9105033333
40.4715183333,-79.9171966667
40.4495283333,-79.884435
40.457865,-79.8797983333
40.46163,-79.8844183333
40.46562,-79.8986983333
40.4714583333,-79.91255
40.46584,-79.90163
40.4491483333,-79.8872
40.4643466667,-79.889145
40.4673116667,-79.8940983333
40.46622,-79.90439
40.4692,-79.9059216667
40.46485,-79.9154533333
40.474415,-79.9108466667
40.477,-79.9295483333
40.47337,-79.935095
40.47091,-79.93025
40.4660183333,-79.932415
40.4524766667,-79.9017383333
40.464135,-79.92118
40.4694833333,-79.9350616667
40.4596566667,-79.8959866667
40.4591116667,-79.92959
40.4577216667,-79.9334766667
40.4544283333,-79.9404066667
40.4553866667,-79.9426816667
40.4609583333,-79.9319483333
40.462205,-79.9355316667
40.4688466667,-79.94174
40.4665666667,-79.9362783333
40.46579,-79.9461633333
40.46681,-79.953075
40.4638316667,-79.953755
40.459195,-79.94995
40.461765,-79.9459033333
40.4624416667,-79.950145
40.4649983333,-79.9412083333
40.4583933333,-79.943375
40.4625483333,-79.94221
40.4645633333,-79.93316
40.4530333333,-79.8670183333
40.4553816667,-79.8690966667
40.4591316667,-79.873855
40.4566616667,-79.8704433333
40.453695,-79.8693133333
40.4549916667,-79.872105
40.4501516667,-79.8757966667
40.4494066667,-79.881065
40.4592916667,-79.881745
40.4656933333,-79.943735
40.4522383333,-79.873105
40.4672733333,-79.940035
40.4659766667,-79.949635
40.4570283333,-79.8775716667
40.4546866667,-79.9598233333
40.4566816667,-79.9579816667
40.4573566667,-79.9600866667
40.4553866667,-79.9426816667
40.4638316667,-79.953755
40.459195,-79.94995
40.4624416667,-79.950145
40.4036616667,-79.940715
40.4370033333,-79.98461
40.4360016667,-79.9807716667
40.436875,-79.97583
40.4546866667,-79.9598233333
40.4566816667,-79.9579816667
40.4573566667,-79.9600866667
40.440715,-79.9823366667
40.4427583333,-79.97994
40.4442866667,-79.9833183333
40.4381933333,-79.9798366667
40.44459,-79.973765
40.4498116667,-79.9624266667
40.44681,-79.9621083333
40.4493766667,-79.97101
40.4475183333,-79.9732866667
40.452648,-79.964395
40.446555,-79.9677766667
40.445785,-79.9652683333
40.4410133333,-79.9676766667
40.431925,-79.9791766667
40.4300933333,-79.9758166667
40.4270266667,-79.9680366667
40.4282383333,-79.973935
40.41395,-79.93872
40.4069916667,-79.9325666667
40.4013666667,-79.9432683333
40.411175,-79.944874
40.4131233333,-79.94008
40.4000166667,-79.93774
40.403435,-79.9360233333
40.4059716667,-79.9277033333
40.40772,-79.9266866667
40.409855,-79.9282233333
40.4107433333,-79.9391683333
40.415105,-79.9411683333
40.4052283333,-79.9338683333
40.407645,-79.930185
40.4063483333,-79.9314083333
40.4038616667,-79.9460933333
40.4067133333,-79.9330983333
40.4169216667,-79.9417766667
40.417,-79.9439
40.4101633333,-79.94229
40.4069333333,-79.9416666667
40.4081533333,-79.9404833333
40.40386,-79.9381633333
40.4131883333,-79.9441266667
40.4137383333,-79.94466
40.4089716667,-79.9430783333
40.4413633333,-79.9540816667
40.4427866667,-79.9565033333
40.4443116667,-79.9531083333
40.4468683333,-79.9513983333
40.451425,-79.9507216667
40.436814,-79.970358
40.43629,-79.9650866667
40.4345966667,-79.96361
40.436005,-79.962985
40.43405,-79.9599116667
40.431529,-79.956946
40.4342716667,-79.9535283333
40.4369566667,-79.9527566667
40.443875,-79.9502383333
40.436263,-79.957795
40.4394866667,-79.9593683333
40.431415,-79.9535616667
40.454395,-79.9529466667
40.4373216667,-79.9610666667
40.4436766667,-79.959715
40.4391933333,-79.9641383333
40.4406833333,-79.9618383333
40.4371183333,-79.9547633333
40.4459666667,-79.957625
40.438145,-79.9620183333
40.4491433333,-79.9527716667
40.401672,-79.938534
40.4156516667,-79.9451533333
40.414543,-79.945653
40.400705,-79.940225
40.416967,-79.946955
40.4055266667,-79.9403833333
40.4061966667,-79.9284216667
40.431065,-80.0134333333
40.433572,-80.010505
40.4312416667,-80.0104883333
40.4298533333,-80.004075
40.4286083333,-80.0022933333
40.4281366667,-79.9976583333
40.4300066667,-79.99731
40.42923,-79.993895
40.42973,-79.9888833333
40.4242466667,-79.99828
40.4302216667,-79.9860333333
40.431925,-79.9791766667
40.4300933333,-79.9758166667
40.4270583333,-79.9711583333
40.4181816667,-79.9911316667
40.4270266667,-79.9680366667
40.4181466667,-79.9621633333
40.4173583333,-79.9646483333
40.41542,-79.9665583333
40.4178216667,-79.97463
40.4135783333,-79.9714833333
40.4153316667,-79.9733533333
40.4282383333,-79.973935
40.4174766667,-79.9804683333
40.4174983333,-79.9779133333
40.417969,-80.001772
40.4177683333,-79.9854733333
40.4161816667,-79.9870216667
40.4129083333,-79.9892316667
40.407385,-79.9922766667
40.413555,-79.9966716667
40.4074883333,-79.9955183333
40.40731,-79.99833
40.4079633333,-80.0008483333
40.4200066667,-79.97313
40.4104283333,-80.00023
40.4143966667,-80.0050016667
40.4201216667,-79.9921033333
40.4152983333,-80.0068616667
40.416775,-80.0113983333
40.4196866667,-80.013055
40.4192383333,-79.9772966667
40.4284366667,-80.014175
40.426079,-79.975892
40.42367,-79.9754383333
40.4161066667,-79.99483
40.42325,-80.0045083333
40.424425,-79.992815
40.4272383333,-79.983675
40.42145,-80.0009916667
40.4290516667,-79.9789566667
40.4152433333,-79.991385
40.426915,-80.006955
40.42643,-80.0118433333
40.4279533333,-80.0101333333
40.4202166667,-80.00451
40.4190083333,-80.00973
40.4267733333,-80.0035916667
40.4257216667,-79.979175
40.422215,-79.99333
40.4226766667,-79.9839166667
40.42257,-79.971005
40.419675,-79.9695333333
40.41732,-79.971585
40.4160633333,-79.9709183333
40.410877,-79.992972
40.418125,-79.9680933333
40.4215166667,-79.9970366667
40.4149066667,-79.9994833333
40.4191866667,-79.9643666667
40.421245,-79.9681533333
40.4247366667,-79.9688116667
40.42449,-79.97298
40.4100183333,-79.995885
40.4262166667,-79.9872433333
40.42066,-79.9877383333
40.42222,-79.9806016667
40.4269833333,-80.00025
40.4243666667,-80.0019666667
40.4214366667,-79.9634566667
40.422495,-79.9659766667
40.429545,-80.0070833333
40.4187833333,-80.0044883333
40.4202316667,-79.9950666667
40.4136316667,-79.9711633333
40.4239483333,-79.99022
40.421955,-80.013965
40.4248483333,-79.996785
40.4206533333,-80.0062616667
40.41481,-79.9688633333
40.4252216667,-80.01511
40.4397283333,-79.956235
40.4373216667,-79.9610666667
40.4345966667,-79.96361
40.436005,-79.962985
40.4490566667,-79.94875
40.4394866667,-79.9593683333
40.4413633333,-79.9540816667
40.4427866667,-79.9565033333
40.43405,-79.9599116667
40.443875,-79.9502383333
40.438145,-79.9620183333
40.4406833333,-79.9618383333
40.4491433333,-79.9527716667
40.4468683333,-79.9513983333
40.451425,-79.9507216667
40.4443116667,-79.9531083333
40.4638316667,-79.953755
40.459195,-79.94995
40.4624416667,-79.950145
40.4354016667,-79.9865366667
40.4370033333,-79.98461
40.4360016667,-79.9807716667
40.436875,-79.97583
40.4546866667,-79.9598233333
40.4566816667,-79.9579816667
40.4573566667,-79.9600866667
40.4572166667,-79.964945
40.45892,-79.9646816667
40.4516066667,-79.9724916667
40.4499783333,-79.97663
40.4505366667,-79.9744633333
40.4493433333,-79.979965
40.448145,-79.9790016667
40.447235,-79.9813066667
40.4587533333,-79.9750633333
40.458145,-79.9716416667
40.43729,-79.98934
40.4439183333,-79.9872033333
40.45473,-79.9825283333
40.4477933333,-79.9901466667
40.440715,-79.9823366667
40.4427583333,-79.97994
40.4442866667,-79.9833183333
40.4381933333,-79.9798366667
40.44459,-79.973765
40.4498116667,-79.9624266667
40.44681,-79.9621083333
40.4493766667,-79.97101
40.4475183333,-79.9732866667
40.4546116667,-79.966195
40.452648,-79.964395
40.446555,-79.9677766667
40.4555933333,-79.969745
40.445785,-79.9652683333
40.45058,-79.9855866667
40.4410133333,-79.9676766667
40.42973,-79.9888833333
40.4302216667,-79.9860333333
40.431925,-79.9791766667
40.4300933333,-79.9758166667
40.4282383333,-79.973935
40.4272383333,-79.983675
40.4290516667,-79.9789566667
40.436814,-79.970358
40.43629,-79.9650866667
40.454395,-79.9529466667
40.4436766667,-79.959715
40.4391933333,-79.9641383333
40.4459666667,-79.957625
40.4677516667,-80.0033216667
40.4795183333,-80.0432283333
40.472325,-80.0328083333
40.47074,-80.0213166667
40.4738033333,-80.0293666667
40.4769766667,-80.03624
40.4895766667,-80.0138066667
40.4737166667,-80.0348933333
40.467789,-80.031167
40.4683116667,-80.007295
40.4657316667,-80.00767
40.4642366667,-80.0180816667
40.4645033333,-80.0103966667
40.4888416667,-80.01847
40.4494716667,-80.0138783333
40.47165,-80.007785
40.461315,-80.0156933333
40.4878016667,-80.016045
40.4608133333,-80.001675
40.4928133333,-80.0202766667
40.4904083333,-80.0183733333
40.4859416667,-80.026695
40.486505,-80.028625
40.4878516667,-80.028925
40.4845283333,-80.0396283333
40.4625066667,-80.0201533333
40.477778,-80.041378
40.464675,-80.03105
40.4565516667,-80.0267916667
40.4510866667,-80.0228416667
40.45435,-80.0142216667
40.45154,-80.004045
40.4516566667,-79.9986783333
40.46698,-79.99279
40.4668,-79.9950666667
40.4683083333,-79.99374
40.4735533333,-80.0033466667
40.47962,-80.0017933333
40.4778083333,-79.9997733333
40.479705,-79.9989716667
40.475805,-80.0002133333
40.47638,-79.9982033333
40.4744233333,-80.0001566667
40.474205,-79.9962633333
40.4704433333,-80.014025
40.4712683333,-80.0189266667
40.4573716667,-80.00379
40.460485,-80.0073366667
40.4619966667,-80.0083833333
40.4587983333,-80.023515
40.4688933333,-80.0267616667
40.4620266667,-80.0111116667
40.4717533333,-80.010475
40.4490333333,-80.00881
40.4541283333,-80.0091383333
40.4541816667,-80.0206116667
40.45302,-80.0277916667
40.4557216667,-80.0241133333
40.4602583333,-80.0293116667
40.47032,-80.030954
40.4754933333,-80.0049666667
40.4702733333,-79.9989016667
40.467547,-79.99916
40.49186,-80.02536
40.4941,-80.0207283333
40.48481,-80.034635
40.4800366667,-80.0396066667
40.475045,-80.0390983333
40.471625,-80.0369033333
40.468118,-80.035185
40.4660533333,-80.0330466667
40.462508,-80.030386
40.47682,-80.0069916667
40.453555,-80.00629
40.4635766667,-79.9967783333
40.4649833333,-80.00037
40.45464,-79.995483
40.46102,-79.9941766667
40.460155,-80.0158033333
40.4572183333,-80.00799
40.4569033333,-80.0123133333
40.450986,-80.020364
40.457145,-79.9976316667
40.46426,-80.0243066667
40.4666733333,-80.0079333333
40.4678483333,-80.0102066667
40.475845,-80.0129933333
40.4614833333,-80.0239733333
40.473955,-80.0161033333
40.4665116667,-80.02698
40.4713966667,-80.0267333333
40.467097,-80.018813
40.46323,-80.0050216667
40.45699,-80.01606
40.47284,-80.01427
40.46677,-80.02037
40.4810016667,-80.02625
40.4833066667,-80.025715
40.482485,-80.0301066667
40.475865,-80.03039
40.4795733333,-80.0340616667
40.4751366667,-80.0264233333
40.4594333333,-80.01789
40.4616683333,-80.0067633333
40.49073,-80.0157016667
40.4934016667,-80.0195816667
40.47417,-80.0093866667
40.4766133333,-80.0094716667
40.4646083333,-80.01397
40.493724,-80.023424
40.483,-80.0425616667
40.4925,-80.01615
40.4869383333,-80.0309483333
40.4643033333,-80.0057033333
40.4848733333,-80.03212
40.4758866667,-80.0228783333
40.4835866667,-80.0284733333
40.48068,-80.0448266667
40.4789933333,-80.03752
40.4648883333,-80.01505
40.4817283333,-80.03346
40.4817866667,-80.039065
40.481899,-80.042464
33.7947383333,-117.229856667
33.793765,-117.226263333
33.7933866667,-117.233543333
33.7851933333,-117.209843333
33.7896016667,-117.211305
33.7805616667,-117.212678333
33.7744866667,-117.217475
33.7721916667,-117.219588333
33.771875,-117.223881667
33.77185,-117.228075
33.7715566667,-117.234521667
33.7747383333,-117.235901667
33.827035,-117.223596667
33.82347,-117.221595
33.82016,-117.222533333
33.82227,-117.217246667
33.8193916667,-117.214726667
33.81351,-117.211741667
33.8102616667,-117.209725
33.8069983333,-117.20777
33.8052333333,-117.204781667
33.8024916667,-117.199738333
33.798065,-117.208745
33.7932816667,-117.214006667
33.7936233333,-117.21866
33.82537,-117.220181667
33.7967666667,-117.221846667
33.8061283333,-117.222611667
33.8102116667,-117.222243333
33.796385,-117.213918333
33.8157366667,-117.222411667
33.8184416667,-117.219166667
33.8586783333,-117.820566667
33.8113016667,-117.213941667
33.80998,-117.217865
33.8073583333,-117.211666667
33.8058716667,-117.217536667
33.8037366667,-117.213688333
33.7977633333,-117.217533333
33.8018366667,-117.218251667
33.80011,-117.213116667
33.8306966667,-117.223166667
33.82949,-117.227026667
33.82647,-117.226556667
33.8224683333,-117.22594
33.8187566667,-117.226295
33.81577,-117.226785
33.8122616667,-117.22565
33.807375,-117.226325
33.804255,-117.226656667
33.8008616667,-117.226455
33.79751,-117.226448333
33.7788133333,-117.236968333
33.7824583333,-117.237143333
33.786435,-117.237923333
33.7910783333,-117.23765
33.7756116667,-117.228825
33.7792933333,-117.222165
33.7782816667,-117.21746
33.7773383333,-117.233711667
33.7793,-117.229515
33.7783133333,-117.226826667
33.7813833333,-117.231633333
33.7844816667,-117.230001667
33.7855316667,-117.234306667
33.7894366667,-117.233033333
33.7910933333,-117.217723333
33.7878066667,-117.214486667
33.7869566667,-117.230751667
33.785875,-117.226628333
33.78788,-117.225168333
33.7855583333,-117.223736667
33.7813383333,-117.226551667
33.7825083333,-117.221466667
33.7947666667,-117.20875
33.8028216667,-117.208743333
33.7813366667,-117.233468333
33.7902633333,-117.220858333
33.8192216667,-117.212851667
33.8155383333,-117.215646667
33.7990283333,-117.221668333
33.773265,-117.232163333
33.803335,-117.22286
33.79342,-117.221858333
33.79014,-117.22859
33.79196,-117.224365
33.7695816667,-117.240801667
33.776665,-117.238765
33.7734633333,-117.236836667
33.7725683333,-117.242813333
40.678545,-89.6199183333
40.67952,-89.6201483333
40.68046,-89.6143866667
40.7,-89.6061166667
40.7044666667,-89.6121116667
40.7063383333,-89.6076133333
40.6748466667,-89.62553
40.6762716667,-89.6385783333
40.6813383333,-89.62928
40.6719733333,-89.6276516667
40.703515,-89.6053416667
40.6864816667,-89.6119783333
40.67995,-89.6335133333
40.6880466667,-89.619285
40.6790516667,-89.6281
40.6928266667,-89.6157633333
40.6673083333,-89.6326683333
40.6998816667,-89.61082
40.698445,-89.59743
40.6854366667,-89.6160316667
40.6993766667,-89.6138833333
40.6994933333,-89.6020066667
40.6743183333,-89.6318666667
40.6929033333,-89.6004716667
40.7016033333,-89.5981816667
40.6829383333,-89.637535
40.6883966667,-89.6007033333
40.661808,-89.633887
40.678233,-89.61174
40.66232,-89.6410583333
40.6970566667,-89.6136216667
40.690225,-89.6121466667
40.6926033333,-89.6055316667
40.6859233333,-89.60497
40.68315,-89.6216316667
40.68775,-89.6069783333
40.6681733333,-89.6372583333
40.66488,-89.63048
40.666495,-89.6253683333
40.6838233333,-89.60922
40.6785966667,-89.6199416667
40.6727533333,-89.63973
40.6850133333,-89.6304866667
40.68876,-89.6372516667
40.6823916667,-89.643885
40.7157566667,-89.559355
40.702355,-89.5805766667
40.7136183333,-89.5766916667
40.704225,-89.5764516667
40.7026533333,-89.5748133333
40.709525,-89.5644316667
40.7165466667,-89.5649583333
40.7114,-89.569845
40.7176333333,-89.5637733333
40.72031,-89.560825
40.719915,-89.55752
40.7130783333,-89.5675316667
40.7112366667,-89.5775266667
40.7193516667,-89.5785066667
40.7220316667,-89.5807366667
40.72305,-89.5865116667
40.716785,-89.5883
40.7126216667,-89.5843166667
40.7085533333,-89.5844466667
40.71645,-89.5798133333
40.7223333333,-89.5971083333
40.7232616667,-89.603265
40.72147,-89.6081533333
40.7141283333,-89.608455
40.7177516667,-89.5970833333
40.7178466667,-89.6030333333
40.71335,-89.5987183333
40.711416,-89.603436
40.7123533333,-89.592615
40.7075916667,-89.5684966667
40.7244283333,-89.593775
40.72337,-89.6102283333
40.713942,-89.612963
40.713899,-89.593238
40.71695,-89.57516
40.7088,-89.57217
40.711995,-89.5821883333
40.707805,-89.5753133333
40.7256333333,-89.5828966667
40.7107133333,-89.59343
40.7121966667,-89.5625716667
40.713835,-89.60314
40.7194216667,-89.6132466667
40.7086433333,-89.6031016667
40.704915,-89.5883583333
40.72244,-89.5933883333
40.71521,-89.569285
40.716536,-89.585067
40.701045,-89.583161
40.7073033333,-89.5994533333
40.7198683333,-89.5882116667
40.72324,-89.5744033333
40.7188483333,-89.6135533333
40.7193616667,-89.5996266667
40.7065733333,-89.5803166667
40.7148283333,-89.6127966667
40.7108766667,-89.587995
40.69878,-89.5795566667
40.7053,-89.5909566667
40.7026033333,-89.5871483333
40.7032966667,-89.5926566667
40.923625,-74.181115
40.9181966667,-74.1746583333
40.9314983333,-74.1593666667
40.926796,-74.162713
40.932192,-74.152156
40.9212416667,-74.1859016667
40.9135633333,-74.17025
40.9144766667,-74.159435
40.9198183333,-74.1613016667
40.9311916667,-74.16445
40.919485,-74.1705083333
40.923455,-74.1566433333
40.9251616667,-74.1551733333
40.9302116667,-74.1531983333
40.9222116667,-74.1700033333
40.92442,-74.1734616667
40.9161983333,-74.1468166667
40.9161083333,-74.1671466667
40.9123483333,-74.1572516667
40.9164216667,-74.15198
40.91083,-74.1485916667
40.9347533333,-74.1735716667
40.9191733333,-74.182565
40.9092683333,-74.151535
40.932065,-74.1759166667
40.914355,-74.1491166667
40.9142283333,-74.1639166667
40.9281166667,-74.1747066667
40.9298883333,-74.17029
40.9224933333,-74.151755
40.9283583333,-74.1556633333
40.911395,-74.1614283333
40.915695,-74.170025
40.9133033333,-74.1534966667
40.909725,-74.15364
40.9311266667,-74.1552416667
40.9135483333,-74.173815
40.9241316667,-74.1643933333
40.9334366667,-74.156285
40.9265116667,-74.1498666667
40.9248883333,-74.14502
40.928455,-74.1489916667
40.9284766667,-74.17946
40.923515,-74.1866666667
40.9214633333,-74.144615
40.9329083333,-74.14265
40.9270416667,-74.1699516667
40.932621,-74.172305
40.92788,-74.15863
40.9235233333,-74.160885
34.1535,-118.129523333
34.1625833333,-118.156648333
34.164745,-118.15118
34.1619016667,-118.151643333
34.1675616667,-118.151138333
34.167385,-118.15372
34.1539766667,-118.134278333
34.15306,-118.129476667
34.154005,-118.124381667
34.1534433333,-118.147718333
34.1531183333,-118.152246667
34.154015,-118.118925
34.1573983333,-118.120011667
34.1616083333,-118.120045
34.1669716667,-118.128071667
34.1651433333,-118.12025
34.169455,-118.128745
34.1766733333,-118.14111
34.172505,-118.132231667
34.17355,-118.13691
34.1735183333,-118.141066667
34.16561,-118.124518333
34.1810283333,-118.14512
34.180935,-118.150386667
34.18096,-118.153783333
34.18008,-118.156505
34.17748,-118.160265
34.174435,-118.159121667
34.173075,-118.155323333
34.1694033333,-118.155921667
34.1555116667,-118.155188333
34.1664466667,-118.15607
34.1746716667,-118.143833333
34.1582766667,-118.156838333
34.1769766667,-118.156403333
34.1784333333,-118.145143333
34.1776033333,-118.15116
34.1720783333,-118.147306667
34.1739816667,-118.150426667
34.1760583333,-118.147846667
34.1707733333,-118.150618333
34.1709183333,-118.153863333
34.1761233333,-118.153835
34.1576783333,-118.151113333
34.1679266667,-118.147583333
34.171045,-118.143845
34.1704033333,-118.138441667
34.1689483333,-118.134603333
34.1817066667,-118.159783333
34.16336,-118.127006667
34.1630433333,-118.12307
34.157385,-118.124473333
34.1598,-118.126896667
34.15612,-118.12823
34.15599,-118.13271
34.1599183333,-118.131806667
34.1577183333,-118.137431667
34.1577716667,-118.141828333
34.1566666667,-118.148461667
34.1617133333,-118.135421667
34.1609433333,-118.140348333
34.1605933333,-118.147545
34.1639116667,-118.14759
34.1669,-118.143061667
34.1632283333,-118.142515
34.1633966667,-118.138611667
34.165295,-118.135296667
34.167665,-118.139071667
34.1592483333,-118.1537
34.1616933333,-118.123858333
34.1810866667,-118.141333333
34.1665283333,-118.131103333
34.1542016667,-118.139978333
34.163345,-118.132256667
34.1577666667,-118.145476667
34.153745,-118.144488333
41.2923466667,-95.96087
41.3153733333,-95.9689716667
41.289298,-95.957088
41.307425,-95.9554283333
41.3157566667,-95.9635616667
41.298575,-95.9680216667
41.3130383333,-95.953655
41.29445,-95.9674016667
41.288467,-95.973399
41.3111466667,-95.947255
41.2856916667,-95.9689933333
41.2856033333,-95.9738866667
41.3032483333,-95.9655966667
41.2913516667,-95.9658516667
41.3057983333,-95.9700033333
41.3163866667,-95.9569283333
41.30375,-95.9770533333
41.3043983333,-95.95951
41.3101666667,-95.9532633333
41.3048733333,-95.952125
41.300185,-95.9784066667
41.29137,-95.9794066667
41.2998266667,-95.9449716667
41.286425,-95.9613366667
41.3007233333,-95.95795
41.292245,-95.9733933333
41.308005,-95.9650116667
41.300535,-95.9487183333
41.29854,-95.9559666667
41.319925,-95.9468733333
41.3010933333,-95.97224
41.2879116667,-95.9509366667
41.29769,-95.961982
41.2945,-95.957965
41.298425,-95.943019
41.3054366667,-95.9433933333
41.2932566667,-95.9428516667
41.30706,-95.9480383333
41.287685,-95.9772133333
41.3157783333,-95.9463966667
41.2919016667,-95.9518816667
41.3112516667,-95.9732766667
41.319115,-95.9510466667
41.2960583333,-95.9473566667
41.30244,-95.956
41.297703,-95.976652
41.3126733333,-95.9607333333
41.2920183333,-95.94739
41.2881416667,-95.9389116667
41.283915,-95.963595
41.2850933333,-95.9404566667
41.282365,-95.9611083333
41.283415,-95.9454333333
41.2953733333,-95.9433633333
41.284635,-95.9479666667
41.2913816667,-95.9377716667
41.299675,-95.9386266667
41.2787316667,-95.9419933333
41.2831783333,-95.97172
41.2822916667,-95.95811
41.2839933333,-95.9592183333
41.2797433333,-95.9465033333
41.2846666667,-95.965795
41.282015,-95.9369333333
41.2896083333,-95.9672933333
41.2782816667,-95.9624633333
41.2961983333,-95.9372833333
41.2887533333,-95.9461033333
41.2852916667,-95.937125
41.277365,-95.9534
41.2906183333,-95.9413666667
41.2868616667,-95.9547066667
41.31875,-95.957925
41.3187683333,-95.96963
41.30763,-95.9783316667
41.3004216667,-95.984975
41.31061,-95.97798
41.3148583333,-95.97405
41.3157,-95.9777466667
41.3081816667,-95.9811483333
41.3059916667,-95.98309
41.302355,-95.982595
41.2978983333,-95.98028
41.31346,-95.96734
41.3111983333,-95.9708133333
41.2843216667,-95.9797966667
41.2878366667,-95.9817133333
41.2912433333,-95.9816483333
41.2822066667,-95.9764383333
41.3129766667,-95.9744766667
41.3031633333,-95.9801416667
37.7753116667,-122.138155
37.7726583333,-122.140033333
37.77033,-122.139775
37.7735133333,-122.135811667
37.7696016667,-122.137028333
37.7709033333,-122.133455
37.7733966667,-122.138181667
37.7714033333,-122.138088333
37.76396,-122.12779
37.7621183333,-122.128211667
37.761475,-122.126295
37.76423,-122.124968333
37.7614316667,-122.123218333
37.7562066667,-122.123905
37.754135,-122.124038333
37.75295,-122.121733333
37.7535516667,-122.119311667
37.7540916667,-122.118375
37.7544483333,-122.121713333
37.7550083333,-122.119886667
37.7553533333,-122.121488333
37.75663,-122.121816667
37.75636,-122.120015
37.7586316667,-122.121746667
37.7849483333,-122.179946667
37.7867716667,-122.181661667
37.7895666667,-122.18203
37.7920233333,-122.182601667
37.7950916667,-122.183363333
37.7973033333,-122.186356667
37.799095,-122.19179
37.7971266667,-122.195851667
37.7949483333,-122.199671667
37.7929966667,-122.203198333
37.78964,-122.199753333
37.7875583333,-122.196098333
37.7859316667,-122.192375
37.78465,-122.187105
37.784375,-122.183595
37.796145,-122.190625
37.7935966667,-122.187041667
37.7911933333,-122.185335
37.7881466667,-122.18469
37.7862083333,-122.184008333
37.7918983333,-122.19866
37.79491,-122.19359
37.7938016667,-122.197105
37.7866583333,-122.187833333
37.78935,-122.18923
37.7882316667,-122.193191667
37.7911533333,-122.196408333
37.7924966667,-122.193425
37.7919866667,-122.190778333
37.8232816667,-122.275025
37.8182783333,-122.27879
37.8173366667,-122.283461667
37.81299,-122.285396667
37.8103466667,-122.279535
37.81466,-122.293073333
37.8084966667,-122.296798333
37.8073633333,-122.290131667
37.8161433333,-122.274651667
37.8085533333,-122.282723333
37.8199116667,-122.273718333
37.8206666667,-122.283351667
37.8118533333,-122.296983333
37.8074216667,-122.295408333
37.7822316667,-122.204543333
37.78175,-122.198123333
37.778525,-122.190465
37.7737533333,-122.209876667
37.77403,-122.203056667
37.7713216667,-122.189481667
37.77149,-122.183385
37.7670783333,-122.207175
37.76529,-122.200216667
37.772045,-122.20688
37.759335,-122.197506667
37.7652483333,-122.178735
37.761645,-122.19395
37.7707966667,-122.198363333
37.7815466667,-122.196828333
37.7638216667,-122.19448
37.7690716667,-122.201063333
37.76282,-122.20286
37.7697983333,-122.17332
37.7754466667,-122.189296667
37.773845,-122.18322
37.7789316667,-122.213843333
37.7751783333,-122.215158333
37.7670616667,-122.183798333
37.7676066667,-122.21067
37.7626166667,-122.187641667
37.76779,-122.195803333
37.7579916667,-122.191855
37.7789266667,-122.195818333
37.775445,-122.19673
37.7769733333,-122.201565
37.77924,-122.200395
37.7529416667,-122.16752
37.7553933333,-122.16956
37.7367033333,-122.170305
37.7575733333,-122.173493333
37.7546816667,-122.191385
37.7518683333,-122.171498333
37.7465116667,-122.178045
37.7405316667,-122.173475
37.7407966667,-122.161908333
37.745555,-122.157851667
37.7534283333,-122.159451667
37.7564433333,-122.163678333
37.763445,-122.16911
37.753995,-122.180201667
37.7555483333,-122.186646667
37.7609083333,-122.181091667
37.7410883333,-122.176616667
37.7590983333,-122.178496667
37.75358,-122.165443333
37.75161,-122.156095
37.7517583333,-122.178545
37.7465516667,-122.161876667
37.7499433333,-122.184085
37.7483683333,-122.180271667
37.743065,-122.167876667
37.7376416667,-122.173655
37.7625566667,-122.176113333
37.74334,-122.153973333
37.7514366667,-122.17481
37.7449616667,-122.171305
37.749375,-122.163958333
37.757105,-122.159513333
37.7653083333,-122.165158333
37.761255,-122.171013333
37.76095,-122.165043333
37.76023,-122.176053333
37.7582416667,-122.184696667
37.7980216667,-122.221073333
37.7957816667,-122.216371667
37.7991716667,-122.226535
37.7991516667,-122.231491667
37.8042866667,-122.236665
37.804525,-122.240011667
37.8031183333,-122.244698333
37.8022683333,-122.249568333
37.798505,-122.253933333
37.7936966667,-122.25649
37.7911366667,-122.253035
37.7876066667,-122.243385
37.784825,-122.239191667
37.7782883333,-122.236055
37.7732383333,-122.226883333
37.7715116667,-122.22129
37.7740233333,-122.21622
37.779105,-122.210206667
37.787585,-122.200451667
37.7913466667,-122.204953333
37.794015,-122.208125
37.7956016667,-122.212011667
37.774818,-122.220923
37.7831233333,-122.210506667
37.7852366667,-122.207223333
37.8008516667,-122.235946667
37.7995366667,-122.243195
37.798275,-122.24675
37.7969783333,-122.252193333
37.7944216667,-122.254838333
37.79307,-122.24855
37.7941366667,-122.242256667
37.7900516667,-122.237021667
37.7759916667,-122.224541667
37.7836516667,-122.233336667
37.7787483333,-122.222118333
37.7823166667,-122.219838333
37.7944083333,-122.233588333
37.7926533333,-122.237908333
37.791045,-122.233213333
37.7923766667,-122.225161667
37.7905,-122.219873333
37.7853133333,-122.214446667
37.7872683333,-122.219421667
37.8272483333,-122.288346667
37.828625,-122.284026667
37.8330433333,-122.276441667
37.8380316667,-122.27968
37.8367566667,-122.284585
37.8404783333,-122.284933333
37.8447333333,-122.287176667
37.8472616667,-122.284121667
37.8482516667,-122.27568
37.8489866667,-122.268933333
37.8499,-122.263601667
37.849225,-122.258035
37.82352,-122.28663
37.82219,-122.281733333
37.8258283333,-122.261445
37.8286133333,-122.25693
37.8325066667,-122.254473333
37.8417316667,-122.256531667
37.8434733333,-122.282366667
37.84383,-122.277078333
37.8408116667,-122.276723333
37.8260916667,-122.283895
37.8260683333,-122.278526667
37.8284916667,-122.274368333
37.8263466667,-122.269741667
37.8290516667,-122.264166667
37.828827,-122.260092
37.833945,-122.260646667
37.8394866667,-122.260155
37.837985,-122.262846667
37.8343516667,-122.26739
37.8438366667,-122.261513333
37.8472616667,-122.259718333
37.846885,-122.264765
37.84126,-122.264871667
37.8431833333,-122.269458333
37.8387133333,-122.270466667
37.83803,-122.27425
37.784115,-122.223473333
37.8430633333,-122.27354
37.8179733333,-122.288865
37.814268,-122.288122
37.8038733333,-122.292651667
37.8064833333,-122.299195
37.8131766667,-122.279066667
37.8111333333,-122.30132
37.8008583333,-122.272973333
37.8060516667,-122.269046667
37.8158933333,-122.268465
37.8217183333,-122.266341667
37.7851533333,-122.199496667
37.7843816667,-122.19589
37.7821316667,-122.193235
37.7798533333,-122.190443333
37.77568,-122.186223333
37.820485,-122.27091
37.8214566667,-122.263695
37.8180983333,-122.26553
37.799506,-121.460072
37.808625,-122.248106
37.805415,-122.244926667
37.8075766667,-122.243401667
37.8063983333,-122.241215
37.8113583333,-122.262881667
37.8060466667,-122.265323333
37.8004833333,-122.2834
37.796455,-122.278601667
37.80613,-122.276586667
37.7964716667,-122.275766667
37.803645,-122.27518
37.81247,-122.271553333
37.806393,-122.273636
37.8098116667,-122.273535
37.81014,-122.26603
37.804075,-122.261261667
37.81734,-122.254398333
37.8239316667,-122.262856667
37.8100333333,-122.264121667
37.8121083333,-122.260468333
37.807985,-122.2703
37.80347,-122.272396667
37.7983166667,-122.27149
37.8172383333,-122.271686667
37.8078366667,-122.266883333
37.85,-122.235635
37.8078233333,-122.255691667
37.79424,-122.267921667
37.7765183333,-122.23255
37.7674666667,-122.17055
37.7546166667,-122.152376667
37.7570866667,-122.149275
37.7586733333,-122.148503333
37.760795,-122.151335
37.7652683333,-122.15363
37.7692533333,-122.154728333
37.7712933333,-122.15725
37.77375,-122.161925
37.7741816667,-122.179975
37.7750816667,-122.177525
37.776545,-122.184705
37.7798983333,-122.180691667
37.78053,-122.177003333
37.7799183333,-122.173793333
37.7778466667,-122.168925
37.775665,-122.164886667
37.77692,-122.180133333
37.77798,-122.177206667
37.778145,-122.1725
37.7761783333,-122.173008333
37.7732116667,-122.17403
37.77154,-122.169808333
37.77498,-122.169721667
37.7699383333,-122.16676
37.7720366667,-122.165948333
37.768025,-122.163955
37.7698383333,-122.162545
37.763535,-122.16329
37.7670083333,-122.160111667
37.768765,-122.157295
37.7630633333,-122.158401667
37.7591833333,-122.156986667
37.7578083333,-122.153035
37.7538916667,-122.156043333
37.7707933333,-122.160983333
37.76978,-122.178466667
37.7726566667,-122.178018333
25.9243166667,-80.1837566667
25.9294733333,-80.1783383333
25.9161416667,-80.183835
25.9327633333,-80.1629433333
25.9314966667,-80.16179
25.931335,-80.1533966667
25.9295633333,-80.1533633333
25.9261683333,-80.160405
25.9275083333,-80.1676716667
25.9344083333,-80.1568533333
25.9353716667,-80.1623316667
25.9296716667,-80.1582733333
25.9224183333,-80.1621333333
25.9163733333,-80.1691583333
25.9221283333,-80.1714166667
25.924845,-80.165425
25.914389,-80.173386
25.91706,-80.17539
25.92968,-80.1640733333
25.91827,-80.17219
25.91827,-80.1624466667
25.9254583333,-80.1726683333
25.920715,-80.1658933333
25.921885,-80.1757116667
25.9259583333,-80.156025
25.9190066667,-80.1688916667
25.9229283333,-80.1583433333
25.9269716667,-80.1784916667
25.923552,-80.180537
25.9202083333,-80.1807183333
25.91718,-80.1804316667
25.9143683333,-80.1809733333
42.3293833333,-71.0953683333
42.3296783333,-71.0911783333
42.3305916667,-71.0989533333
42.343415,-71.078585
42.3307366667,-71.0876866667
42.3318083333,-71.0899833333
42.3419683333,-71.0819383333
42.3343816667,-71.0825
42.33718,-71.09334
42.3384916667,-71.0931716667
42.340635,-71.0918016667
42.33943,-71.0891916667
42.343055,-71.090375
42.3385383333,-71.0882066667
42.3410566667,-71.0878866667
42.3364733333,-71.0914533333
42.3370316667,-71.0961133333
42.34212,-71.086065
42.3340483333,-71.0912383333
42.3354133333,-71.0891116667
42.3379883333,-71.08482
42.3271333333,-87.8565216667
42.3345516667,-87.855315
42.340835,-87.8476866667
42.33847,-87.83471
42.3334566667,-87.837695
42.331605,-87.8392366667
42.3278916667,-87.839065
42.3248683333,-87.849965
42.324168,-87.855343
42.3275033333,-87.85377
42.3323166667,-87.85244
42.3327283333,-87.845575
42.3342233333,-87.8435083333
42.3374733333,-87.8399966667
42.3250133333,-87.8452533333
42.3338566667,-87.850825
42.336675,-87.8371666667
42.3415316667,-87.8413616667
42.325407,-87.839675
42.3411233333,-87.834455
42.330825,-87.839955
42.32538,-87.834605
42.3256183333,-87.8368966667
36.8454066667,-76.2741683333
36.8486833333,-76.27365
36.84625,-76.2717633333
36.8488833333,-76.2704916667
36.8477533333,-76.2676283333
36.85009,-76.2688183333
36.853,-76.26993
36.8502616667,-76.2662733333
36.8474916667,-76.2640283333
36.8462433333,-76.2625083333
36.8494833333,-76.2613
36.8519766667,-76.2592
36.8496233333,-76.25976
36.84623,-76.2600583333
36.84681,-76.256415
36.8500283333,-76.2573933333
36.8466666667,-76.2539183333
36.851577,-76.250313
36.8534833333,-76.247335
36.85323,-76.251432
36.850657,-76.255208
36.8467,-76.2695966667
36.846227,-76.266168
36.8523616667,-76.248605
36.8496683333,-76.2647516667
36.852529,-76.271478
36.9708,-76.40748
36.9733783333,-76.4059233333
36.9754083333,-76.4036116667
36.9776116667,-76.40304
36.9801833333,-76.39937
36.9828483333,-76.3987966667
36.98428,-76.3956183333
36.986285,-76.392155
36.9900033333,-76.3882433333
36.992856,-76.392623
36.9947783333,-76.3946983333
36.9949466667,-76.3988566667
36.992,-76.3989566667
36.991083,-76.402481
36.9935483333,-76.406755
36.9950383333,-76.410535
36.9972683333,-76.4133066667
36.9992633333,-76.416565
37.001615,-76.4191116667
37.003515,-76.4268516667
37.0071483333,-76.4296533333
37.005455,-76.4332966667
37.004815,-76.4362083333
37.001695,-76.434097
36.998572,-76.430626
36.9959066667,-76.430415
36.9927216667,-76.4295433333
36.9902683333,-76.4280733333
36.9867116667,-76.425075
36.98373,-76.423849
36.979458,-76.421062
36.9761033333,-76.4201533333
36.9736133333,-76.4184966667
36.97091,-76.413055
36.972625,-76.4105483333
36.973438,-76.413738
36.976081,-76.4156
36.976155,-76.4128266667
36.9754716667,-76.4071283333
36.97839,-76.406676
36.979615,-76.4106333333
36.9838666667,-76.4162116667
36.9810666667,-76.4056366667
36.9833816667,-76.4022283333
36.98532,-76.407945
36.9834066667,-76.4103933333
36.986575,-76.39569
36.99028,-76.3961516667
36.9891566667,-76.4005516667
36.9876433333,-76.4061116667
36.9899233333,-76.4048233333
36.990735,-76.409025
36.98801,-76.4115133333
36.988885,-76.415165
36.9866083333,-76.42042
36.9901333333,-76.4227716667
36.9900433333,-76.4190283333
36.9917316667,-76.4119633333
36.9952,-76.4256533333
36.9951983333,-76.4190366667
36.999395,-76.4228733333
36.99844,-76.4252883333
37.0026716667,-76.4304733333
36.9915916667,-76.41653
36.9961066667,-76.4228616667
41.33255,-72.923345
41.3209766667,-72.947115
41.3246033333,-72.9216116667
41.3157583333,-72.934475
41.3351616667,-72.9355883333
41.3308383333,-72.930935
41.3246383333,-72.9329116667
41.317365,-72.9399133333
41.3184566667,-72.946855
41.3210116667,-72.9289783333
41.3239033333,-72.9280066667
41.3119316667,-72.93388
41.329564,-72.921267
41.311415,-72.92917
41.3132333333,-72.94204
41.32911,-72.927215
41.3160466667,-72.928935
41.3221233333,-72.935925
41.3192366667,-72.9317116667
41.3138366667,-72.9385183333
41.2976133333,-72.938745
41.299215,-72.9347216667
41.29999,-72.92538
41.29261,-72.933105
41.2871833333,-72.9384866667
41.29272,-72.941185
41.3055616667,-72.9409033333
41.3260616667,-72.9540733333
41.3339316667,-72.9404016667
41.33079,-72.939865
41.334535,-72.92391
41.3236666667,-72.9569933333
41.2888466667,-72.9339633333
41.2857833333,-72.9292633333
41.2944616667,-72.9466183333
41.3043816667,-72.9149483333
41.2877416667,-72.9337383333
41.3006683333,-72.938615
41.3088633333,-72.92495
41.2974783333,-72.9400316667
41.3095266667,-72.9520233333
41.302835,-72.935165
41.308355,-72.9104283333
41.3051383333,-72.9359183333
41.3312716667,-72.9502916667
41.2980266667,-72.9317583333
41.3049116667,-72.9349016667
41.3085866667,-72.9310966667
41.304255,-72.9290166667
41.3024716667,-72.9223733333
41.3068783333,-72.9194966667
41.30885,-72.91188
41.29516,-72.9301
41.3300683333,-72.9384866667
41.3331933333,-72.9484133333
41.3317083333,-72.94555
41.3148516667,-72.924175
41.3106616667,-72.9205583333
41.294975,-72.9356316667
41.2973116667,-72.926925
41.300115,-72.9323433333
41.3049516667,-72.94313
41.3067133333,-72.9467666667
41.3234133333,-72.9454133333
41.2992633333,-72.9426983333
41.30965,-72.9531816667
41.3265783333,-72.9468166667
41.331525,-72.935235
41.306515,-72.9526566667
41.3308183333,-72.9257166667
41.3257416667,-72.947895
41.3030083333,-72.9181383333
41.3062566667,-72.9257016667
41.2976,-72.94881
41.2900266667,-72.94016
41.308105,-72.9158816667
41.3122383333,-72.9485066667
41.31538,-72.95081
41.3209783333,-72.9519366667
41.313955,-72.9249316667
41.299,-72.94948
41.3138383333,-72.921675
41.3098433333,-72.9450183333
41.3109633333,-72.91733
41.3158783333,-72.9544733333
41.3106183333,-72.937795
41.308715,-72.9334266667
41.3163133333,-72.9412783333
41.2975616667,-72.93513
41.3109,-72.913417
41.3033933333,-72.9455133333
41.2951933333,-72.94088
41.3255183333,-72.927915
41.3128766667,-72.9519633333
41.3101116667,-72.9405733333
41.3087166667,-72.9365716667
41.3165616667,-72.943055
41.334745,-72.932045
41.3036166667,-72.9104116667
41.3105,-72.9099433333
41.31044,-72.90462
41.3141133333,-72.9039483333
41.3158366667,-72.9002533333
41.3129883333,-72.8965216667
41.308665,-72.89947
41.3083233333,-72.902165
41.3089466667,-72.8953566667
41.3044833333,-72.894545
41.3031733333,-72.896955
41.30357,-72.9061416667
41.3038,-72.9024083333
41.3049833333,-72.8989583333
41.31163,-72.8894333333
41.3147816667,-72.8872783333
41.3189716667,-72.8923616667
41.32011,-72.8899033333
41.3152066667,-72.8969183333
41.3159216667,-72.8921216667
41.3172283333,-72.889505
41.31782,-72.8873983333
41.3095316667,-72.8907033333
41.3130466667,-72.891335
41.3082533333,-72.8864383333
41.307965,-72.89308
41.3059833333,-72.8935333333
41.302605,-72.8934816667
41.3099933333,-72.892735
41.30494,-72.8778283333
41.3088933333,-72.8819066667
41.30746,-72.8851
41.308073,-72.872924
41.3066183333,-72.8732066667
41.3115883333,-72.881885
41.3107066667,-72.8762466667
41.3160733333,-72.8727766667
41.3158916667,-72.8775433333
41.3117966667,-72.8715266667
41.3206383333,-72.8748616667
41.3206316667,-72.8696766667
41.31205,-72.8735733333
41.32489,-72.868785
41.32666,-72.8690683333
41.3276116667,-72.8689133333
41.3226933333,-72.8777533333
41.3249133333,-72.87994
41.3311233333,-72.8757533333
41.3286083333,-72.8783633333
41.3489716667,-72.9587516667
41.3482016667,-72.9604566667
41.3472033333,-72.9584933333
41.347735,-72.955595
41.3490816667,-72.9530483333
41.3473583333,-72.95432
41.346345,-72.9537466667
41.3459716667,-72.9556583333
41.3453366667,-72.953915
41.3457983333,-72.9577733333
41.3441333333,-72.954895
41.3453666667,-72.9616433333
41.3453466667,-72.96342
41.3443333333,-72.9629966667
41.3432516667,-72.9620733333
41.3446983333,-72.95871
41.3433533333,-72.9588933333
41.34454,-72.95706
41.3403333333,-72.9740583333
41.3354983333,-72.9771233333
41.3326883333,-72.975795
41.337684,-72.973545
41.3344883333,-72.9734083333
41.3324216667,-72.9674183333
41.3321333333,-72.9694716667
41.3342,-72.9710433333
41.3400983333,-72.9776483333
41.340835,-72.9725716667
41.310114,-72.881227
41.3312466667,-72.8678516667
41.5057683333,-74.04491
41.50116,-74.0439066667
41.4999733333,-74.0401716667
41.4983033333,-74.03327
41.49334,-74.0307916667
41.494145,-74.02616
41.4955133333,-74.029285
41.4925533333,-74.0159066667
41.493595,-74.0236583333
41.4905933333,-74.0109916667
41.4945716667,-74.00995
41.4971183333,-74.008045
41.501165,-74.0078083333
41.503525,-74.008675
41.5069983333,-74.007915
41.5107,-74.00578
41.5168816667,-74.0077366667
41.517125,-74.01106
41.5175933333,-74.0158233333
41.517485,-74.01952
41.5158333333,-74.0245033333
41.5186316667,-74.0265233333
41.5175883333,-74.0313833333
41.5170883333,-74.0354883333
41.5123016667,-74.0390983333
41.50992,-74.0455616667
41.498895,-74.0211766667
41.5124866667,-74.0230966667
41.5092516667,-74.0272116667
41.494679,-74.012866
41.5007866667,-74.01391
41.4968966667,-74.0175466667
41.4993783333,-74.0277883333
41.5046483333,-74.0408783333
41.508945,-74.0342216667
41.50226,-74.0359616667
41.5028933333,-74.03104
41.5018166667,-74.0260883333
41.503705,-74.0202066667
41.5063566667,-74.0218433333
41.50376,-74.0144316667
41.51126,-74.01376
41.5112016667,-74.0185866667
41.51316,-74.0121633333
41.51493,-74.017065
41.5141,-74.0307466667
41.5119533333,-74.0306233333
41.5080516667,-74.03893
41.5041216667,-74.0353
41.5068083333,-74.0173583333
41.4965433333,-74.0252283333
41.5033783333,-74.0432566667
41.510415,-74.0237
41.5103516667,-74.0093866667
41.4924033333,-74.012495
41.4947366667,-74.018675
41.50493,-74.0247016667
41.4976916667,-74.0113583333
41.4975933333,-74.0152366667
41.622765,-70.9257966667
41.657755,-70.922415
41.625385,-70.94436
41.6516483333,-70.9413616667
41.6235216667,-70.9383283333
41.6314816667,-70.936435
41.620478,-70.924533
41.6150433333,-70.9112166667
41.6676316667,-70.921475
41.61694,-70.94134
41.6547683333,-70.93198
41.6233883333,-70.9205983333
41.6363083333,-70.9487966667
41.6630683333,-70.9348733333
41.6628592,-70.9298515
41.6331533333,-70.9258716667
41.6306616667,-70.92319
41.62647,-70.9380083333
41.629825,-70.9297433333
41.6381,-70.9507766667
41.6460616667,-70.9496266667
41.6445,-70.9323
41.6140433333,-70.9186716667
41.64801,-70.934335
41.632195,-70.9458383333
41.6330083333,-70.9402816667
41.6557483333,-70.9252983333
41.618365,-70.928805
41.6153383333,-70.9269216667
41.6378216667,-70.943815
41.61479,-70.936415
41.6626283333,-70.9202566667
41.6534033333,-70.9444633333
41.6650366667,-70.9254466667
41.6451116667,-70.9285733333
41.6555633333,-70.9451466667
41.648455,-70.949355
41.656655,-70.9405466667
41.6497383333,-70.9370716667
41.6261433333,-70.9353816667
41.6218916667,-70.9316066667
41.6394283333,-70.92774
41.6457833333,-70.939785
41.6490983333,-70.92923
41.61629,-70.92113
41.6527283333,-70.9351033333
41.6185883333,-70.9360516667
41.6605033333,-70.9384966667
41.6670433333,-70.931085
41.620535,-70.9437833333
41.6497566667,-70.9430766667
41.6388716667,-70.9369133333
41.6104783333,-70.9173833333
41.6620016667,-70.9416916667
41.6296033333,-70.947795
41.6424483333,-70.9435583333
41.61502,-70.9307816667
41.6347566667,-70.9314683333
41.6255416667,-70.92199
41.617041,-70.917631
41.6581533333,-70.9335116667
41.6454866667,-70.9469083333
41.6545483333,-70.9371516667
41.651555,-70.930385
41.6381516667,-70.9326616667
41.61344,-70.916285
41.62617,-70.930147
41.6344233333,-70.9226133333
41.643205,-70.9411783333
41.628695,-70.942195
41.636802,-70.936808
41.649915,-70.9317983333
41.660145,-70.9294116667
41.638995,-70.9263566667
41.6611866667,-70.9274533333
41.6149233333,-70.9134566667
41.61169,-70.9183283333
41.610025,-70.91054
41.6427933333,-70.928675
41.6426733333,-70.9366016667
40.7481,-74.2065566667
40.744,-74.2252766667
40.737115,-74.21053
40.723287,-74.212858
40.71207,-74.2194433333
40.73756,-74.23823
40.7412816667,-74.2453883333
40.7244083333,-74.195935
40.7263166667,-74.212315
40.7341816667,-74.2018433333
40.7385833333,-74.1936766667
40.72016,-74.1858
40.7358416667,-74.1895016667
40.7243516667,-74.1914083333
40.72726,-74.1953766667
40.7222183333,-74.2056916667
40.743215,-74.2133516667
40.7267916667,-74.1974466667
40.70901,-74.21563
40.74366,-74.186605
40.7276916667,-74.20857
40.7363883333,-74.2498733333
40.714215,-74.1946916667
40.71247,-74.21537
40.7423283333,-74.2033216667
40.753705,-74.1871383333
40.7292733333,-74.2141116667
40.693015,-74.2022766667
40.717725,-74.2024583333
40.7395766667,-74.2300466667
40.7308583333,-74.208845
40.717965,-74.1921183333
40.7517866667,-74.227175
40.6999683333,-74.19623
40.6950616667,-74.1993866667
40.7331883333,-74.190105
40.6946866667,-74.2027016667
40.7369616667,-74.2449366667
40.7436883333,-74.2089333333
40.74632,-74.2292883333
40.7087566667,-74.2072516667
40.7600366667,-74.1866616667
40.7111783333,-74.2027183333
40.7212316667,-74.2029316667
40.7183,-74.19913
40.71791,-74.2172366667
40.72834,-74.1767
40.7477966667,-74.1957166667
40.73452,-74.2104583333
40.6895616667,-74.2004866667
40.7092666667,-74.2203283333
40.71016,-74.2125866667
40.7260833333,-74.2004533333
40.6974566667,-74.2000833333
40.7503066667,-74.1942483333
40.75642,-74.18743
40.7427633333,-74.2352116667
40.704655,-74.218225
40.7469616667,-74.232855
40.7386116667,-74.1999433333
40.7357216667,-74.1990883333
40.731455,-74.1953583333
40.72881,-74.1922783333
40.737792,-74.205721
40.7181083333,-74.2119766667
40.7504783333,-74.1893
40.74307,-74.1977816667
40.6887416667,-74.2044933333
40.7235983333,-74.2206033333
40.7418933333,-74.19115
40.747845,-74.1852616667
40.73152,-74.24462
40.7432,-74.2295833333
40.7520083333,-74.19817
40.7122716667,-74.1919933333
40.7257933333,-74.1800566667
40.7312683333,-74.1891466667
40.7160666667,-74.1877366667
40.70944,-74.1989516667
40.70623,-74.19614
40.72015,-74.1971
40.7123266667,-74.2052016667
40.734025,-74.238255
40.745565,-74.2156733333
40.7441483333,-74.20077
40.7251783333,-74.1874966667
40.739295,-74.1860183333
40.7215766667,-74.2106416667
40.70221,-74.1951766667
40.715127,-74.223673
40.7430716667,-74.1929683333
40.7307316667,-74.2443566667
40.742375,-74.2066433333
40.7452716667,-74.220965
40.7460466667,-74.2318116667
40.73548,-74.2370583333
40.746455,-74.2260666667
40.7494816667,-74.19844
40.72212,-74.1938583333
40.719975,-74.21532
40.7309783333,-74.2045333333
40.7293616667,-74.21547
40.7242633333,-74.1842166667
40.7100516667,-74.2061883333
40.71582,-74.2019916667
40.747156,-74.188588
40.7399766667,-74.1987383333
40.74507,-74.217797
40.722635,-74.2085783333
40.7235116667,-74.216115
40.731875,-74.1876266667
40.71818,-74.1834133333
40.752735,-74.211579
40.7546583333,-74.2153783333
40.7294316667,-74.2407583333
40.735905,-74.1850266667
40.692995,-74.20539
40.7627583333,-74.187075
40.7417633333,-74.24947
40.7322516667,-74.23955
40.7439883333,-74.1835216667
40.73104,-74.1997016667
40.738747453841,-74.235466316688
40.740606830213,-74.234231740865
40.745664882926,-74.236869279552
40.711152484248,-74.215701562562
40.706825343955,-74.216555687238
40.7357533333,-74.1940366667
40.733175,-74.244481
40.7322233333,-74.1774383333
40.754865,-74.1676633333
40.7549916667,-74.18033
40.7352333333,-74.182385
40.73844,-74.1783666667
40.7558483333,-74.1769466667
40.7500683333,-74.1672366667
40.7564933333,-74.171905
40.75688,-74.17439
40.73472,-74.1799783333
40.746695,-74.1736816667
40.7578743333,-74.1692783333
40.753,-74.1775933333
40.7323933333,-74.183335
40.7519933333,-74.1673016667
40.748085,-74.1764816667
40.756305,-74.1794183333
40.74987,-74.17444
40.7462416667,-74.18368
40.7208866667,-74.18031
40.726245,-74.17723
40.72472,-74.17334
40.7236033333,-74.1706016667
40.72035,-74.171665
40.7217516667,-74.176465
40.7219283333,-74.170405
40.7227433333,-74.17409
40.7665166667,-74.190995
40.7631483333,-74.1821233333
40.7666133333,-74.1796416667
40.768845,-74.181875
40.77163,-74.18342
40.768725,-74.1864966667
40.772075,-74.18694
40.7650466667,-74.1904983333
40.7666683333,-74.1833666667
40.7816966667,-74.160695
40.7785833333,-74.15428
40.7753383333,-74.1541366667
40.7523533333,-74.2068983333
40.75582,-74.19839
40.7633616667,-74.1931016667
40.75975,-74.1940366667
40.7525,-74.2358483333
40.7735766667,-74.1566716667
40.7752483333,-74.15626
40.7743166667,-74.1645116667
40.7776866667,-74.1598366667
40.77614,-74.161675
40.77031175,-74.15859226
40.743985,-74.17473
40.7775866667,-74.1642833333
40.7744783333,-74.159395
40.7554883333,-74.1731533333
40.7729,-74.15991
40.7476666667,-74.1813616667
40.7442266667,-74.17991
40.7428883333,-74.1820433333
40.74092,-74.180685
40.744945,-74.1768533333
40.7803383333,-74.1578416667
40.741455,-74.177155
40.777905,-74.15738
40.7794816667,-74.1620583333
40.7689233333,-74.159655
40.2154166667,-74.0157233333
40.2254883333,-74.0263516667
40.2134333333,-74.0198183333
40.2151883333,-74.0240516667
40.21836,-74.0248666667
40.2125633333,-74.0367466667
40.2203383333,-74.0371266667
40.2124266667,-74.0306416667
40.2097433333,-74.0280983333
40.2094216667,-74.0224533333
40.2116666667,-74.0179683333
40.2206116667,-74.0327033333
40.2183266667,-74.0332083333
40.215425,-74.02975
40.2113066667,-74.0232816667
40.221905,-74.0260083333
40.2204216667,-74.0298716667
40.2125133333,-74.0267066667
40.2103266667,-74.0184983333
40.2239466667,-74.0302933333
40.218105,-74.0288433333
40.665305,-73.5894833333
40.663175,-73.570965
40.6675116667,-73.5953416667
40.662415,-73.5814966667
40.6709833333,-73.6011633333
40.6628233333,-73.5746733333
40.66017,-73.5711483333
40.6651633333,-73.5866466667
40.66802,-73.590725
40.70154,-73.6034116667
40.6647066667,-73.5974416667
40.68646,-73.6084516667
40.6964883333,-73.60851
40.6989733333,-73.6068433333
40.70026,-73.6039916667
40.6696583333,-73.6013816667
40.660825,-73.576765
40.6944116667,-73.6074883333
40.7098916667,-73.6034033333
40.6910866667,-73.6095733333
40.7050383333,-73.60263
40.69468,-73.61207
40.6673333333,-73.5848133333
40.6652583333,-73.580995
40.6636383333,-73.5779833333
40.667045,-73.57724
40.7141816667,-73.5822133333
40.70945,-73.5928083333
40.70724,-73.580485
40.705625,-73.5822083333
40.7037966667,-73.5923633333
40.702465,-73.5959616667
40.701693,-73.600498
40.693028,-73.601794
40.6858083333,-73.594115
40.681775,-73.5916816667
40.6798516667,-73.5869233333
40.674435,-73.58012
40.689135,-73.598555
40.6792233333,-73.5754716667
40.6956016667,-73.5933233333
40.6992283333,-73.5901183333
40.6865883333,-73.577775
40.7030466667,-73.5869033333
40.688165,-73.5804333333
40.6841966667,-73.58581
40.6919666667,-73.5830616667
40.6862516667,-73.5879666667
40.6963566667,-73.5781683333
40.6762216667,-73.57452
40.6730433333,-73.57412
40.6977366667,-73.584485
40.6701683333,-73.5836133333
40.7004233333,-73.583295
40.69563,-73.600005
40.668945,-73.5742016667
40.6930633333,-73.595655
40.666775,-73.5732766667
40.696035,-73.6042483333
40.6757816667,-73.6005533333
40.6767516667,-73.5929783333
40.6743116667,-73.5879516667
40.6703383333,-73.5802883333
40.683715,-73.5955933333
40.6816616667,-73.5753816667
40.6939533333,-73.5864466667
40.708935,-73.5866583333
40.6796483333,-73.5838783333
40.6905133333,-73.5963
40.69831,-73.5976983333
40.67495,-73.59481
40.6891533333,-73.5898683333
40.6836983333,-73.5780916667
40.71098,-73.5842183333
40.7123433333,-73.5879233333
40.7052866667,-73.5871316667
40.7024883333,-73.58209
40.6954933333,-73.5838283333
40.6867316667,-73.5847983333
40.6770683333,-73.5792533333
40.67656,-73.5861266667
40.68764,-73.5897066667
40.698658,-73.580203
40.6921653333,-73.5794431667
40.6801133333,-73.5984783333
40.698937,-73.582283
40.6979233333,-73.6022566667
40.6956283333,-73.60576
40.6942416667,-73.6043166667
40.6903016667,-73.6007166667
40.6868,-73.60051
40.672885,-73.5978783333
40.6712483333,-73.592065
40.6707416667,-73.5963216667
40.674823,-73.59118
40.669355,-73.58805
40.6801133333,-73.5984783333
40.6767516667,-73.5929783333
40.6798516667,-73.5869233333
40.6796483333,-73.5838783333
40.6762216667,-73.57452
40.6730433333,-73.57412
40.6770683333,-73.5792533333
40.674435,-73.58012
40.681775,-73.5916816667
40.67495,-73.59481
40.6757816667,-73.6005533333
40.6796616667,-73.5935833333
40.6701683333,-73.5836133333
40.668945,-73.5742016667
40.666775,-73.5732766667
40.6743116667,-73.5879516667
40.6703383333,-73.5802883333
40.672885,-73.5978783333
40.6709833333,-73.6011633333
40.6712483333,-73.592065
40.6675116667,-73.5953416667
40.6696583333,-73.6013816667
40.666313,-73.601223
40.6647483333,-73.6024116667
40.6647066667,-73.5974416667
40.662215,-73.6009083333
40.6617366667,-73.590605
40.6605933333,-73.5999516667
40.6597433333,-73.5956016667
40.65764,-73.6008333333
40.6548116667,-73.5981583333
40.6539583333,-73.60171
40.6517133333,-73.6013666667
40.6513133333,-73.5941216667
40.6559816667,-73.594365
40.6523666667,-73.5904466667
40.6558816667,-73.5881216667
40.65855,-73.587125
40.6542083333,-73.5837683333
40.6548516667,-73.5843683333
40.6614483333,-73.585605
40.6651633333,-73.5866466667
40.6652583333,-73.580995
40.6601283333,-73.58016
40.6568083333,-73.5791916667
40.6541133333,-73.573295
40.65387,-73.5690683333
40.657297,-73.574302
40.66017,-73.5711483333
40.663175,-73.570965
40.662415,-73.5814966667
40.6634033333,-73.593255
40.6707416667,-73.5963216667
40.674823,-73.59118
40.66802,-73.590725
40.6593316667,-73.5914016667
40.6628233333,-73.5746733333
40.6547583333,-73.5767016667
40.654545,-73.5928583333
40.65162,-73.5982116667
40.660825,-73.576765
40.655353,-73.579517
40.6582733333,-73.581865
40.667045,-73.57724
40.669355,-73.58805
40.6673333333,-73.5848133333
40.665305,-73.5894833333
40.6636383333,-73.5779833333
40.6496116667,-73.5713583333
40.650015,-73.568305
40.6512066667,-73.5695933333
40.6515683333,-73.5745766667
40.64694,-73.5726183333
40.64571,-73.5688666667
40.71048,-73.7263533333
40.700105,-73.7262566667
40.70196,-73.72636
40.69976,-73.7221133333
40.70217,-73.7230316667
40.6962983333,-73.71594
40.70946,-73.723125
40.704705,-73.71798
40.7000883333,-73.718105
40.707955,-73.71362
40.7015283333,-73.7126316667
40.704501,-73.710839
40.707875,-73.7104466667
40.71103,-73.70884
40.713545,-73.708215
40.7114916667,-73.6992533333
40.7045133333,-73.7065566667
40.7068116667,-73.70432
40.7032833333,-73.703405
40.6904533333,-73.6985066667
40.7098316667,-73.69757
40.70723,-73.69985
40.7045933333,-73.7028183333
40.6927683333,-73.7006066667
40.68997,-73.702475
40.6926783333,-73.705865
40.6873116667,-73.704295
40.682715,-73.7008183333
40.6803333333,-73.7004633333
40.6812866667,-73.7022966667
40.6829466667,-73.7046583333
40.6849083333,-73.70907
40.6876266667,-73.709785
40.6872966667,-73.7129616667
40.6913666667,-73.7121
40.69532,-73.705425
40.6974616667,-73.7092733333
40.6951016667,-73.7105033333
40.6908733333,-73.71712
40.6880716667,-73.7190083333
40.6983216667,-73.7146783333
40.6958183333,-73.7211566667
40.694673,-73.718087
40.6969166667,-73.7263133333
40.6930616667,-73.726205
40.692835,-73.7219916667
40.6891216667,-73.7232916667
40.6891433333,-73.726045
40.70444,-73.7150016667
40.68967,-73.7196633333
40.707285,-73.7243233333
40.7077733333,-73.718195
40.6934933333,-73.7090116667
40.685415,-73.70198
40.70643,-73.72269
40.6894616667,-73.7083933333
40.7113616667,-73.70268
40.7124533333,-73.7050866667
40.6876433333,-73.7005933333
4.599758,118.86197
4.589969,118.864522
4.55435,118.664951667
4.58595,118.780885
4.52929,118.64844
4.55372833333,118.919856667
4.63547666667,118.791463333
4.64870833333,118.662378333
4.49249,118.71162
4.52795333333,118.646903333
4.55015,118.59173
4.64772,118.65919
4.580378,118.91361
4.22390666667,118.689788333
4.245367,118.6389
4.25368,118.633622
4.25347,118.63338
4.328004,118.627401
4.25053,118.62708
5.957268,116.04394
5.967535,116.054579
6.009181,116.009127
5.957715,116.040778333
5.976936,116.009676
32.3690383333,-86.3095266667
32.369088,-86.321164
32.372628,-86.320121
32.352475,-86.3090783333
32.35856,-86.3142366667
32.3553316667,-86.3206266667
32.35277,-86.3162466667
32.3513266667,-86.3170533333
32.365365,-86.3084633333
32.3606016667,-86.316055
32.35582,-86.310335
32.37337,-86.3092366667
32.362845,-86.3134833333
32.359247,-86.32031
32.3658433333,-86.315805
32.3622133333,-86.3176616667
32.36219,-86.321067
32.4873866667,-92.088585
32.4931933333,-92.087835
32.4972466667,-92.0946066667
32.4894,-92.0982883333
32.484625,-92.088915
32.48334,-92.092485
32.4833983333,-92.0980466667
32.480905,-92.10271
32.4813966667,-92.1055133333
32.4910733333,-92.1061266667
32.4993266667,-92.1033816667
32.4861,-92.10173
32.4976766667,-92.1034066667
32.4981566667,-92.10081
32.4894216667,-92.09302
32.4860366667,-92.1060816667
32.4869416667,-92.0968416667
32.4944683333,-92.1005866667
32.4954816667,-92.0916716667
32.4794666667,-92.0994983333
32.4911266667,-92.102165
32.4942966667,-92.09741
32.4983633333,-92.091675
32.4863833333,-92.09341
32.465385,-92.1143866667
32.4655116667,-92.1083383333
32.4717766667,-92.11448
32.4822216667,-92.1099866667
32.4775783333,-92.1109066667
32.4758933333,-92.1078166667
32.4829166667,-92.108595
32.4853266667,-92.110835
32.4791283333,-92.114115
32.475592,-92.114129
32.470955,-92.1070216667
32.463065,-92.1106866667
32.473995,-92.1102716667
32.46833,-92.1154416667
32.46444,-92.1060783333
32.4695333333,-92.1107933333
32.4458233333,-92.0947333333
32.4354666667,-92.102585
32.43768,-92.08652
32.4439333333,-92.0871466667
32.4484783333,-92.0901816667
32.44731,-92.100285
32.44515,-92.1012216667
32.4439083333,-92.0967333333
32.4430583333,-92.09258
32.4353133333,-92.08792
32.4414316667,-92.0983916667
32.4390033333,-92.091405
32.44822944,-92.09598879
32.440129,-92.100321
30.6502333333,-88.0858
30.661045,-88.0832466667
30.6742183333,-88.097155
30.6748566667,-88.0839316667
30.6699416667,-88.0768266667
30.6692516667,-88.0633883333
30.6674216667,-88.0784833333
30.6614333333,-88.080355
30.6577783333,-88.08483
30.6625583333,-88.0571333333
30.66962,-88.0554733333
30.6715966667,-88.058695
30.656585,-88.08713
30.667135,-88.0637433333
30.6685,-88.0678516667
30.6417866667,-88.090795
30.646445,-88.0905066667
30.653865,-88.0880616667
30.658182,-88.091346
30.6603766667,-88.0968533333
30.670695,-88.100405
30.6738316667,-88.0877216667
30.6712216667,-88.0794066667
30.671935,-88.0848316667
30.6657766667,-88.0904633333
30.6700683333,-88.0893616667
30.66581,-88.0842366667
30.6565166667,-88.0713183333
30.65647,-88.0751116667
30.6665233333,-88.0594316667
30.6633066667,-88.0722916667
30.6620816667,-88.0946666667
30.650285,-88.07625
30.6550283333,-88.0811733333
30.6492,-88.0817733333
30.6538033333,-88.0706833333
30.659705,-88.0680766667
30.6507733333,-88.0799866667
30.6538366667,-88.076325
30.6464433333,-88.07972
30.643015,-88.0859316667
30.6448666667,-88.0877266667
30.6504816667,-88.090365
30.65306,-88.0845533333
30.6562166667,-88.0786333333
30.6592166667,-88.0764433333
30.6566333333,-88.06753
30.6580366667,-88.0647483333
30.660345,-88.0602516667
30.6633433333,-88.061025
30.6606733333,-88.0658233333
30.66237,-88.0904933333
30.6666033333,-88.0665433333
30.6662733333,-88.0729583333
30.66387619,-88.06803983
30.6634166667,-88.0645633333
30.6627616667,-88.0764383333
30.664785,-88.07755
30.6684683333,-88.080575
30.664475,-88.0807316667
30.6687733333,-88.08703
30.6719683333,-88.0954966667
30.6689083333,-88.0940516667
30.665365,-88.09528
30.66836,-88.0974416667
30.6631333333,-88.0982816667
30.6607866667,-88.1006083333
30.67284,-88.0916066667
30.6716183333,-88.07081
30.6552433333,-88.092085
30.6736183333,-88.0787266667
30.677365,-88.0876616667
30.6602566667,-88.0738033333
30.645459,-88.083224
30.665555,-88.0573766667
30.66182,-88.0890216667
25.97992,-80.2625883333
25.9816833333,-80.2206266667
25.979425,-80.2244066667
25.595285,-80.365053
25.9801333333,-80.2115733333
25.991905,-80.2620733333
25.9728633333,-80.2071
25.972808,-80.208606
25.9726433333,-80.214615
25.9761066667,-80.2150883333
25.9772716667,-80.2102133333
25.9827383333,-80.2059416667
25.98469,-80.2149316667
25.99499,-80.2072983333
25.9951583333,-80.2109833333
25.9938416667,-80.2470733333
25.99325,-80.256655
25.979021,-80.246976
25.9812616667,-80.2498633333
25.981577,-80.23801
25.981656,-80.234405
25.981224,-80.228817
25.9791033333,-80.2191216667
25.98542,-80.2275466667
25.990845,-80.2264833333
25.98408,-80.24164
25.99088,-80.2429266667
25.9851416667,-80.252315
25.983965,-80.2594266667
25.98734,-80.2310816667
25.98738,-80.2595933333
25.98611,-80.25773
25.99193,-80.262125
25.9937783333,-80.2598466667
25.9910016667,-80.2378433333
25.990085,-80.2072183333
25.978485,-80.2378916667
25.9915166667,-80.2162
25.98833,-80.2155583333
25.993965,-80.22289
25.99388,-80.252445
25.9876516667,-80.2412166667
25.9841533333,-80.2198933333
25.9861233333,-80.2643166667
25.9857266667,-80.262465
25.9940583333,-80.2578116667
25.98801,-80.2562616667
25.984175,-80.2446
25.991261,-80.246624
25.9891166667,-80.2642616667
25.98222,-80.26158
25.9937516667,-80.243255
25.9943316667,-80.2175716667
25.9795316667,-80.2537983333
25.9938333333,-80.2380966667
25.988085,-80.2467
25.980355,-80.25659
25.977425,-80.22798
25.9829716667,-80.2275616667
25.9771183333,-80.2322516667
25.9882616667,-80.2363316667
25.9838233333,-80.2310383333
25.9843533333,-80.234995
25.9811983333,-80.2338116667
25.9906133333,-80.23088
25.993605,-80.2330033333
25.9937,-80.22889
25.9822583333,-80.2555266667
25.988175,-80.2205433333
25.9862116667,-80.21057
25.9823383333,-80.2461766667
25.975455,-80.2217333333
25.9726316667,-80.2194166667
25.989433,-80.257971
25.984027,-80.247197
25.9888583333,-80.25207
44.9478783333,-93.2726516667
44.9345416667,-93.27199
44.964512,-93.263208
44.9487983333,-93.2699816667
44.9579333333,-93.2489966667
44.9526816667,-93.2691433333
44.9500316667,-93.2476966667
44.948085,-93.2631883333
44.9631116667,-93.2527233333
44.94814,-93.25219
44.9622783333,-93.257485
44.9536,-93.252855
44.9620116667,-93.2518383333
44.94289,-93.2620566667
44.953965,-93.245187
44.9594133333,-93.268615
44.94094,-93.2654533333
44.9544333333,-93.2617966667
44.95616,-93.2550983333
44.949945,-93.2553283333
44.956425,-93.2455633333
44.9530016667,-93.2580066667
44.9401383333,-93.2711916667
44.93905,-93.2689866667
44.932669,-93.262763
45.0043416667,-93.2838616667
44.99995,-93.2847083333
44.9990983333,-93.2998866667
45.010415,-93.2951216667
45.007185,-93.2834966667
45.009077,-93.287126
45.0134533333,-93.3049266667
45.006604,-93.31164
45.0111433333,-93.31611
45.0071083333,-93.2901583333
45.0023683333,-93.3063583333
45.012873,-93.316932
44.9999283333,-93.2966916667
45.004055,-93.298955
45.0103983333,-93.2990883333
45.0135983333,-93.31003
45.0133983333,-93.313055
45.0135533333,-93.2948716667
45.0077333333,-93.3008133333
45.00601,-93.3052983333
45.0114916667,-93.3058466667
45.014855,-93.2895216667
45.001985,-93.2879166667
44.9992366667,-93.3027416667
45.0031983333,-93.29253
45.00026,-93.2895
45.0239833333,-93.3063966667
45.0168933333,-93.3043533333
45.02386,-93.2882266667
45.0166766667,-93.2919816667
44.993096,-93.288278
44.9924933333,-93.2926566667
44.985692,-93.308223
44.9992783333,-93.30933
44.997136,-93.306377
44.9967983333,-93.29732
45.020545,-93.3021916667
45.0202183333,-93.2848933333
45.0157566667,-93.309025
-9999,-9999
45.0135916667,-93.29987
45.015945,-93.2842883333
44.98953,-93.28972
44.9967833333,-93.2918683333
44.9850466667,-93.2974083333
44.993821,-93.301378
44.987415,-93.30255
44.9916716667,-93.3077316667
44.995354,-93.309947
45.0314133333,-93.2884316667
45.027575,-93.2872816667
45.0323433333,-93.2982083333
45.032055,-93.2932616667
45.0299816667,-93.2957833333
45.0269783333,-93.2981416667
45.0251766667,-93.294425
45.0276216667,-93.2905966667
45.0247,-93.311
45.0212,-93.3146783333
45.0241866667,-93.317205
45.0187133333,-93.3172566667
45.0174466667,-93.3133233333
45.0157183333,-93.31834
44.9887933333,-93.3094866667
45.01029,-93.3108716667
45.008475,-93.315935
45.00368,-93.31446
45.0022366667,-93.3120133333
45.0015133333,-93.3165716667
44.9994683333,-93.315935
44.9907483333,-93.31214
44.996425,-93.3172033333
44.9976,-93.31331
44.9939133333,-93.3145883333
44.991115,-93.3173083333
44.9856966667,-93.3012916667
44.9813133333,-93.2999066667
44.9810033333,-93.30558
44.98163,-93.3090066667
44.9836633333,-93.303315
45.0366383333,-93.30044
45.0394483333,-93.2996716667
45.0439816667,-93.3007933333
45.0468666667,-93.30093
45.0499583333,-93.3004216667
45.0511683333,-93.296795
45.05055,-93.2916083333
45.0505533333,-93.2864833333
45.047125,-93.2864683333
45.042145,-93.2868833333
45.0393966667,-93.2872483333
45.03734,-93.2888083333
45.034605,-93.2882466667
45.0324083333,-93.29067
45.0340033333,-93.2933116667
45.03503,-93.2958633333
45.036745,-93.2925733333
45.03841,-93.2957916667
45.04088,-93.29149
45.0427766667,-93.2954116667
45.04627,-93.296535
45.048693,-93.295289
45.0481066667,-93.2888966667
45.0450916667,-93.290135
45.0464383333,-93.29232
43.0166116667,-87.9337383333
43.007995,-87.9237083333
43.0022683333,-87.94483
43.0025666667,-87.92941
43.0004666667,-87.9252566667
43.0165683333,-87.9481983333
43.0132483333,-87.943305
43.015525,-87.9325683333
43.01179,-87.9418433333
43.0087766667,-87.9442866667
43.01075,-87.9313916667
43.0136383333,-87.930835
43.0125616667,-87.9257366667
43.003352,-87.949479
43.00193,-87.9437983333
43.006865,-87.9300916667
43.00248,-87.9361966667
43.00721,-87.93623
43.016795,-87.941675
43.0032416667,-87.9329083333
43.0821983333,-87.9480266667
43.071495,-87.9309083333
43.077455,-87.9579916667
43.0824383333,-87.9352583333
43.0681966667,-87.9479183333
43.0726866667,-87.924995
43.0732666667,-87.9340216667
43.0850533333,-87.9389666667
43.062424,-87.929704
43.0745566667,-87.9233683333
43.066615,-87.92505
43.059955,-87.9377766667
43.07568,-87.9419383333
43.0676083333,-87.9441416667
43.079309,-87.951788
43.0837083333,-87.932775
43.0850566667,-87.9415433333
43.0648433333,-87.9291066667
43.0686383333,-87.93212
43.0731616667,-87.9470816667
43.068995,-87.93947
43.082305,-87.945215
43.084775,-87.9456183333
43.0772183333,-87.92288
43.063516,-87.936883
43.048116,-87.938626
43.0590983333,-87.9362366667
43.0488766667,-87.9475016667
43.05299,-87.9371833333
43.0568216667,-87.938375
43.0482033333,-87.9318683333
43.057065,-87.9458166667
43.0535666667,-87.9286033333
43.0616983333,-87.9482783333
43.059634,-87.926499
43.0592466667,-87.95079
43.08614,-87.96248
43.0805016667,-87.9664566667
43.09558,-87.970145
43.0885583333,-87.9576033333
43.091355,-87.946585
43.0935183333,-87.9332083333
43.0814533333,-87.9555483333
43.098565,-87.95287
43.103235,-87.9725716667
43.0818783333,-87.92585
43.0983116667,-87.9784983333
43.093785,-87.97625
43.08529,-87.9559216667
43.0900466667,-87.93616
43.1022833333,-87.9395666667
43.1022083333,-87.9573866667
43.0947016667,-87.9587266667
43.1043616667,-87.9770166667
43.10344,-87.9274983333
43.090073,-87.955952
43.104499,-87.959966
43.0983666667,-87.9422866667
43.1041383333,-87.9440666667
43.04548,-87.9742016667
43.1026116667,-87.947225
43.0903466667,-87.9675416667
43.0837116667,-87.9675333333
43.09078,-87.9752316667
43.0990816667,-87.96545
43.1042466667,-87.9708466667
43.09986,-87.930625
43.0978133333,-87.929
43.0859933333,-87.925395
43.0893383333,-87.9429416667
43.07967,-87.9667366667
43.073625,-87.965835
43.07204,-87.9780383333
43.0446366667,-87.9705083333
43.0841083333,-87.9789083333
43.0619566667,-87.9781383333
43.0660933333,-87.96853
43.064815,-87.968131
43.068725,-87.9678133333
43.0635466667,-87.95892
43.0689433333,-87.9583433333
43.042405,-87.9396916667
43.0606866667,-87.967445
43.0574766667,-87.968175
43.0610233333,-87.9602133333
43.0610416667,-87.9555333333
43.0556283333,-87.9582683333
43.0509066667,-87.9581
43.0512516667,-87.9516333333
43.091032,-87.924853
43.0497066667,-87.9697533333
43.054,-87.969818
43.0485033333,-87.9730183333
43.0487416667,-87.98003
43.0538266667,-87.9764816667
43.0584066667,-87.9757266667
43.0549866667,-87.9668133333
43.0517483333,-87.9657583333
43.0464083333,-87.9598566667
43.0450166667,-87.9566083333
43.044951,-87.954027
43.0456166667,-87.9420516667
43.0430033333,-87.946535
43.0667666667,-87.9530766667
43.0448666667,-87.934925
43.0382916667,-87.9561166667
43.07231,-87.95461
43.0391583333,-87.9471866667
43.038889,-87.957564
43.0398233333,-87.9436283333
43.0899583333,-87.9226583333
43.0740166667,-87.976985
43.0932266667,-87.9478466667
43.101207,-87.928821
43.0863216667,-87.9713116667
43.0949133333,-87.94299
43.09327,-87.9650366667
43.067159,-87.977754
43.0890766667,-87.97483
43.0996383333,-87.9350883333
43.09295,-87.952295
43.08894,-87.9516316667
43.0960816667,-87.9258033333
43.051255,-87.9379883333
43.086805,-87.9491733333
43.0604116667,-87.97231
43.1041283333,-87.9511283333
43.0552283333,-87.96137
43.088505,-87.96354
43.1003383333,-87.95866
43.081653,-87.96152
43.089925,-87.9313966667
43.0652333333,-87.97303
43.0779033333,-87.9478133333
43.0948383333,-87.9376166667
43.0667233333,-87.9628183333
43.1041733333,-87.9644383333
43.0755383333,-87.9740233333
43.103825,-87.93358
43.0668616667,-87.9619683333
43.055475,-87.9332733333
43.0744866667,-87.955155
25.9558066667,-80.2473133333
25.93432,-80.25237
25.944575,-80.27652
25.9541683333,-80.2599216667
25.9363216667,-80.2693016667
25.952725,-80.2430483333
25.9345016667,-80.2445633333
25.9615616667,-80.232295
25.938405,-80.236575
25.93444,-80.2664883333
25.9623516667,-80.2366116667
25.9376633333,-80.2554833333
25.9422916667,-80.2346016667
25.9339383333,-80.2566766667
25.9491383333,-80.230215
25.949945,-80.2468283333
25.9644583333,-80.2336883333
25.9409216667,-80.2576483333
25.93313,-80.2616733333
25.9685783333,-80.2473416667
25.9466616667,-80.26722
25.9444316667,-80.26607
25.9371033333,-80.2605433333
25.941655,-80.2481133333
25.9372633333,-80.2488933333
25.94574,-80.2329666667
25.9370683333,-80.2411916667
25.956295,-80.239325
25.939105,-80.271865
25.9521883333,-80.23849
25.9577866667,-80.246995
25.950825,-80.25987
25.9539933333,-80.25211
25.9434116667,-80.2450883333
25.9486883333,-80.2566633333
25.9632783333,-80.2404883333
25.9507016667,-80.25013
25.9446083333,-80.258
25.951995,-80.2338616667
25.9669516667,-80.2422066667
25.949375,-80.236375
25.940535,-80.2412533333
25.9654266667,-80.2389266667
25.948475,-80.25235
25.9358883333,-80.2645133333
25.9350483333,-80.2711033333
25.9527833333,-80.2559
25.9371633333,-80.2744516667
25.938485,-80.24557
25.9443116667,-80.2529616667
25.942955,-80.273555
25.9588483333,-80.250925
25.9500333333,-80.269145
25.9640766667,-80.2486716667
25.95673,-80.2280166667
25.9622016667,-80.2429083333
25.9579716667,-80.23847
25.947975,-80.2415816667
25.9478416667,-80.2729116667
25.9674833333,-80.2416583333
25.9459216667,-80.26276
25.9456833333,-80.2496366667
25.9572983333,-80.2555433333
25.9410916667,-80.2619616667
25.9450333333,-80.2384433333
25.9417466667,-80.2385183333
25.9408216667,-80.2682483333
25.952935,-80.2648616667
25.9488533333,-80.26417
25.9446916667,-80.2704383333
25.9391816667,-80.2510966667
25.6020983333,-80.35551
25.5991666667,-80.36639
25.62009,-80.3630833333
25.595285,-80.36508
25.5943633333,-80.3619466667
25.5921316667,-80.3613183333
25.6170566667,-80.3666916667
25.590298,-80.358085
25.6053,-80.3766816667
25.59794,-80.36211
25.598915,-80.3544816667
25.6140383333,-80.3705166667
25.595765,-80.35611
25.61248,-80.3607766667
25.6219,-80.352378
25.6207816667,-80.367875
25.616,-80.377415
25.60604,-80.3728766667
25.6098833333,-80.360125
25.6114416667,-80.3500683333
25.61542,-80.345915
25.618477,-80.3466
25.620262,-80.347672
25.6015583333,-80.3767083333
25.6184116667,-80.3601816667
25.6066183333,-80.3532883333
25.60769,-80.357408
25.6141766667,-80.354885
25.619255,-80.3729383333
25.61389,-80.3645833333
25.5985783333,-80.372495
25.6021016667,-80.3642066667
25.5976283333,-80.3662783333
25.6029966667,-80.35411
25.617225,-80.3736766667
25.6026916667,-80.3605166667
25.6185433333,-80.3532266667
25.6105083333,-80.37555
25.620785,-80.3700966667
25.5990316667,-80.3566766667
25.612905,-80.350493
25.6209316667,-80.35601
25.62119,-80.366405
25.6167116667,-80.3560683333
25.6071466667,-80.3768233333
25.6107281667,-80.3708578333
25.6054566667,-80.3682333333
25.59758,-80.36432
25.83176,-80.2149166667
25.8136733333,-80.22382
25.8195866667,-80.22404
25.8354433333,-80.21031
25.8277033333,-80.219715
25.8356883333,-80.2232433333
25.8108016667,-80.1897233333
25.8319966667,-80.2110433333
25.8088516667,-80.2288516667
25.8532483333,-80.2063433333
25.8512416667,-80.204085
25.85301,-80.2026883333
25.8356483333,-80.2043083333
25.8450066667,-80.205445
25.8100016667,-80.1995633333
25.843275,-80.205225
25.8469433333,-80.2032933333
25.808675,-80.2257566667
25.8098916667,-80.2210083333
25.8110166667,-80.2273
25.8110633333,-80.2383566667
25.8105983333,-80.2249283333
25.80955,-80.2349933333
25.804175,-80.23966
25.8048466667,-80.22743
25.8113466667,-80.2293566667
25.8066683333,-80.23167
25.8068883333,-80.2235333333
25.8362583333,-80.2165316667
25.8468083333,-80.2067016667
25.8412716667,-80.2008183333
25.84764,-80.20048
25.83974,-80.2024116667
25.8168583333,-80.22451
25.8242583333,-80.2252333333
25.839915,-80.2174816667
25.8384083333,-80.2134483333
25.840095,-80.20706
25.8397183333,-80.2276583333
25.830152,-80.225843
25.8258766667,-80.23114
25.8161266667,-80.2298166667
25.8400083333,-80.2254533333
25.8315783333,-80.2223983333
25.8182083333,-80.2281633333
25.83977,-80.2476866667
25.83063,-80.247515
25.8326316667,-80.2427416667
25.8307033333,-80.2419633333
25.829905,-80.2366116667
25.8288233333,-80.23177
25.83177,-80.229833
25.83427,-80.22807
25.8309216667,-80.225225
25.8391333333,-80.2443983333
25.831035,-80.23248
25.8237633333,-80.23799
25.82727,-80.241425
25.8271383333,-80.2496116667
25.82366,-80.243135
25.8234116667,-80.2484916667
25.8164583333,-80.2477433333
25.837173,-80.239342
25.8162666667,-80.2455883333
25.813115,-80.2408883333
25.8158733333,-80.236685
25.8219133333,-80.2311816667
25.81792,-80.2334816667
25.8408116667,-80.24297
25.8163033333,-80.2380933333
25.8133766667,-80.232
25.813173,-80.238515
25.8143,-80.2437066667
25.813365,-80.2464416667
25.8380083333,-80.235815
25.8391216667,-80.2378366667
25.8403416667,-80.234265
25.8272666667,-80.2245616667
25.836225,-80.2349566667
25.8356533333,-80.241855
25.8359533333,-80.2492583333
25.8368566667,-80.2301116667
25.81999,-80.234995
25.8214666667,-80.2475066667
25.8441533333,-80.2292016667
25.8434816667,-80.2285816667
25.824379,-80.234999
25.8453766667,-80.21766
25.8492583333,-80.214235
25.84576,-80.2288166667
25.8491166667,-80.2439933333
25.8245466667,-80.233685
25.83975,-80.2199333333
25.8321033333,-80.2393683333
25.82911,-80.24088
25.838795,-80.2402333333
25.8188633333,-80.2403616667
25.8161066667,-80.2402116667
25.8198633333,-80.2463766667
25.819545,-80.23742
25.8290383333,-80.2498683333
25.8425533333,-80.24
25.8466283333,-80.2087316667
25.840365,-80.2098816667
25.8447083333,-80.2160166667
25.8463416667,-80.21954
25.8466183333,-80.2515983333
25.842975,-80.2454783333
25.842505,-80.2492666667
25.8450316667,-80.241465
25.841875,-80.2190533333
25.8459033333,-80.2382366667
25.8465966667,-80.2339316667
25.843707,-80.233308
25.8466683333,-80.2324366667
25.84372,-80.237845
25.8313416667,-80.2496816667
25.8339333333,-80.2497583333
25.8207366667,-80.2424566667
25.83801,-80.2493
25.8491116667,-80.2100183333
25.8455283333,-80.2250783333
25.8416333333,-80.2160333333
25.8440583333,-80.20944
25.8440083333,-80.248795
25.8685216667,-80.2416766667
25.8688083333,-80.2392783333
25.86957,-80.2356316667
25.8699916667,-80.2312716667
25.8680766667,-80.2288583333
25.8698066667,-80.218695
25.8698766667,-80.2156516667
25.8702183333,-80.2107616667
25.8675516667,-80.2095133333
25.8639533333,-80.2102016667
25.8576866667,-80.211355
25.8550466667,-80.2100333333
25.85324,-80.2101166667
25.852335,-80.2136766667
25.8512416667,-80.2191
25.84929,-80.2225683333
25.8486016667,-80.2256566667
25.849537,-80.232391
25.8496283333,-80.2361466667
25.8502533333,-80.2393333333
25.8528283333,-80.2425116667
25.8550383333,-80.2425733333
25.85888,-80.242665
25.86324,-80.243045
25.8665483333,-80.2428233333
25.8651133333,-80.238595
25.867105,-80.233885
25.8654733333,-80.2303866667
25.861865,-80.228333
25.866805,-80.2218266667
25.8657533333,-80.2187083333
25.86721,-80.2157116667
25.8640433333,-80.2146366667
25.8511583333,-80.2309483333
25.8619416667,-80.214135
25.8597166667,-80.2127433333
25.8558916667,-80.2130966667
25.8550533333,-80.2171733333
25.8588166667,-80.2156283333
25.8567433333,-80.2205716667
25.8577583333,-80.2261666667
25.85318,-80.2247533333
25.8529233333,-80.2308316667
25.853916,-80.234179
25.852155,-80.2376783333
25.8584016667,-80.2343383333
25.8558,-80.228855
25.86008,-80.2251633333
25.862895,-80.2234166667
25.86145,-80.209325
25.8608366667,-80.2314866667
25.863615,-80.2363683333
25.85773,-80.2386933333
25.8610383333,-80.2389366667
25.5174783333,-80.41207
25.517635,-80.4069433333
25.51566,-80.4081116667
25.5172033333,-80.40199
25.5156833333,-80.398625
25.5151016667,-80.4005533333
25.5116,-80.4044116667
25.51026,-80.40477
25.50721,-80.403878
25.5100683333,-80.4091516667
25.506765,-80.4090283333
25.5051316667,-80.4087333333
25.5034816667,-80.4129316667
25.5083616667,-80.4110633333
25.501007,-80.405063
25.501457,-80.403997
25.499855,-80.4091866667
25.4973016667,-80.4115283333
25.49661,-80.41052
25.4997133333,-80.3957433333
25.4996216667,-80.4002266667
25.4970683333,-80.4062916667
25.5036866667,-80.4004433333
25.5017083333,-80.4006
25.507595,-80.3967316667
25.5144983333,-80.3973616667
25.5124716667,-80.3958866667
25.519866,-80.41238
25.5077733333,-80.4003733333
25.5051016667,-80.4066433333
25.4970883333,-80.4055016667
25.5357333333,-80.4002083333
25.535485,-80.4017333333
25.53617,-80.41099
25.5370633333,-80.4010066667
25.5314866667,-80.4097083333
25.5347366667,-80.3982316667
25.5209716667,-80.395215
25.5295233333,-80.3949433333
25.523915,-80.3957016667
25.523735,-80.3987733333
25.5226833333,-80.40237
25.5221583333,-80.408965
25.5234316667,-80.41025
25.529765,-80.4049666667
25.5238816667,-80.404595
25.52062,-80.4045583333
25.5209566667,-80.399765
25.518755,-80.3966016667
25.5283083333,-80.3991016667
25.52699,-80.4069616667
25.5326166667,-80.3938233333
25.5338533333,-80.4009233333
25.5328983333,-80.4026216667
25.53572,-80.4036216667
25.538125,-80.4102166667
25.536255,-80.4086
25.514442,-80.40413
25.5135466667,-80.4117916667
25.5087883333,-80.395885
25.5022166667,-80.3952666667
25.502455,-80.4113266667
25.5270033333,-80.4041183333
25.53247,-80.398455
25.531325,-80.3987133333
25.5182133333,-80.4230483333
25.5207,-80.422925
25.5193116667,-80.4251166667
25.520105,-80.4211783333
25.52144,-80.426945
25.5252233333,-80.4207266667
25.52491,-80.423185
25.52278,-80.4216866667
25.5224216667,-80.4181333333
25.5218866667,-80.4140366667
25.506979,-80.424566
25.5085166667,-80.416695
25.508805,-80.4210683333
25.5148983333,-80.4205816667
25.5144,-80.4246616667
25.51499,-80.4170283333
25.5198383333,-80.41616
25.5146483333,-80.4143533333
25.5102116667,-80.4136733333
25.5160833333,-80.4263883333
25.5093666667,-80.4254766667
25.50384,-80.4212316667
25.5068416667,-80.41971
25.506905,-80.4172816667
25.503675,-80.414745
25.5065316667,-80.41364
25.4924216667,-80.4290683333
25.4921083333,-80.4267066667
25.4920333333,-80.42403
25.4924666667,-80.4207666667
25.49039,-80.4186166667
25.4940916667,-80.415285
25.498195,-80.42062
25.5005533333,-80.4133033333
25.5001466667,-80.421465
25.4953616667,-80.4202816667
25.4969033333,-80.42294
25.497265,-80.424265
25.498155,-80.4277666667
25.5019066667,-80.426555
25.4948066667,-80.428945
25.49424,-80.42588
25.5163933333,-80.42906
25.5181633333,-80.4273216667
25.537525,-80.4208766667
25.5270616667,-80.4213966667
25.5297816667,-80.4202366667
25.5290133333,-80.4166383333
25.5319833333,-80.41758
25.53259,-80.415415
25.5334533333,-80.42068
25.5328066667,-80.4255833333
25.5359533333,-80.428635
25.525155,-80.41694
25.5245033333,-80.4124716667
25.52925,-80.4124466667
25.51726,-80.44526
25.5140683333,-80.4402833333
25.51507,-80.4303166667
25.5113566667,-80.43295
25.5108566667,-80.4378066667
25.5102933333,-80.4412033333
25.51025,-80.4428966667
25.502765,-80.44758
25.4989366667,-80.4342783333
25.49775,-80.4325183333
25.4979416667,-80.4452366667
25.494105,-80.448055
25.4956366667,-80.4453333333
25.4927766667,-80.4452733333
25.4946083333,-80.44309
25.4951333333,-80.4398783333
25.4945466667,-80.4361133333
25.49435,-80.4336516667
25.49177,-80.4316116667
25.5065466667,-80.430645
25.5005666667,-80.4314233333
25.50226,-80.43743
25.5021783333,-80.4419183333
25.490915,-80.43986
25.5129083333,-80.426805
25.5004166667,-80.4528616667
25.5086066667,-80.457665
25.507328,-80.452915
25.4916083333,-80.456175
25.4960683333,-80.4589383333
25.4980083333,-80.4487066667
25.50065,-80.46083
25.5035216667,-80.46062
25.4909733333,-80.4593333333
25.4940383333,-80.4662066667
25.5099683333,-80.4624883333
25.5150316667,-80.4617566667
25.5135216667,-80.4585883333
25.5029683333,-80.4573
25.513659,-80.453698
25.527725,-80.41186
25.8397583333,-80.19627
25.840095,-80.20706
25.91706,-80.17539
25.921885,-80.1757116667
25.84041,-80.1926933333
25.8437183333,-80.191645
25.8450066667,-80.205445
25.84133,-80.1961316667
25.846505,-80.1928533333
25.844775,-80.1964666667
25.843275,-80.205225
25.84264,-80.1980816667
25.8474033333,-80.193795
25.8412716667,-80.2008183333
25.84764,-80.20048
25.83974,-80.2024116667
25.8486116667,-80.1903816667
25.847567,-80.200583
25.8468083333,-80.2067016667
25.8479333333,-80.196675
25.8469433333,-80.2032933333
25.8468816667,-80.1999833333
25.8492583333,-80.214235
25.8466283333,-80.2087316667
25.840365,-80.2098816667
25.8447083333,-80.2160166667
25.8491116667,-80.2100183333
25.8440583333,-80.20944
25.8576866667,-80.211355
25.8550466667,-80.2100333333
25.85324,-80.2101166667
25.852335,-80.2136766667
25.8597166667,-80.2127433333
25.8558916667,-80.2130966667
25.8550533333,-80.2171733333
25.8588166667,-80.2156283333
25.86145,-80.209325
25.9294783333,-80.1901416667
25.92941,-80.18501
25.9294733333,-80.1783383333
25.9269716667,-80.1784916667
25.923552,-80.180537
25.9202083333,-80.1807183333
25.9171433333,-80.1804233333
25.9143683333,-80.1809733333
25.913598,-80.18748
25.913466,-80.192193
25.91557,-80.2000116667
25.9180183333,-80.1954933333
25.916565,-80.1889
25.9210366667,-80.2034133333
25.9226283333,-80.1954516667
25.927469,-80.201407
25.9251366667,-80.1981166667
25.9294866667,-80.198105
25.9289216667,-80.192995
25.926443,-80.194407
25.9205633333,-80.1877783333
25.92383,-80.1918766667
25.9270383333,-80.1878
25.9243166667,-80.1837566667
25.9213033333,-80.1930266667
25.9173833333,-80.1880183333
25.9211516667,-80.1984816667
25.9161416667,-80.183835
25.9183816667,-80.2000833333
25.8532483333,-80.2063433333
25.850989,-80.206237
25.8509083333,-80.1998266667
25.85301,-80.2026883333
25.8541916667,-80.19952
25.8514233333,-80.1977983333
25.853775,-80.196375
25.8512416667,-80.204085
25.8491916667,-80.1986233333
25.8500216667,-80.1966716667
25.8475483333,-80.206485
25.5509633333,-80.3820583333
25.5630566667,-80.3813433333
25.56904,-80.3767366667
25.5684333333,-80.389465
25.5634016667,-80.3910066667
25.5636616667,-80.37681
25.5657366667,-80.3773033333
25.5583966667,-80.3885716667
25.5599816667,-80.3815016667
25.5575766667,-80.3772733333
25.5554566667,-80.3919016667
25.5561833333,-80.3713466667
25.5511933333,-80.3778083333
25.5611966667,-80.38509
25.5621216667,-80.3742833333
25.5591466667,-80.3726166667
25.559555,-80.392205
25.5506516667,-80.3905683333
25.5543333333,-80.3894866667
25.5525466667,-80.3864566667
25.5545766667,-80.3804016667
25.5547283333,-80.3732283333
25.5490616667,-80.3715666667
25.55445,-80.3676116667
25.5521266667,-80.366525
25.5548733333,-80.3648266667
25.5594816667,-80.364625
25.5574516667,-80.36424
25.564285,-80.37101
25.56599,-80.3711716667
25.563815,-80.3682383333
25.57152,-80.372785
25.5687066667,-80.3787383333
25.5684983333,-80.385445
25.5659233333,-80.3812366667
25.5659766667,-80.3919766667
25.5586716667,-80.3904416667
25.5699316667,-80.3916733333
25.5611933333,-80.3862183333
25.5659133333,-80.3868166667
25.5620583333,-80.3871933333
25.57105,-80.36653
25.7843716667,-80.2067483333
25.7887416667,-80.215895
25.7772316667,-80.2081983333
25.7701683333,-80.2000083333
25.772725,-80.20293
25.7729966667,-80.1996083333
25.7741233333,-80.203635
25.78098,-80.213805
25.78043,-80.2110966667
25.7872283333,-80.213175
25.78562,-80.21876
25.7901266667,-80.2141516667
25.78282,-80.2132033333
25.787205,-80.2191283333
25.78508,-80.21106
25.78839,-80.2098166667
25.79034,-80.2114433333
25.775915,-80.1936483333
25.776595,-80.1991533333
25.7830983333,-80.20494
25.78569,-80.2040633333
25.7790966667,-80.2007766667
25.7844933333,-80.20549
25.7775533333,-80.2040666667
25.780113,-80.207053
25.77608,-80.20137
25.78573,-80.2056766667
25.7893483333,-80.22175
25.7910233333,-80.2227566667
25.7899866667,-80.2271916667
25.7930083333,-80.2214883333
25.7867083333,-80.2203066667
25.7886016667,-80.22312
25.7876233333,-80.2266933333
25.7740683333,-80.20617
25.721525,-80.2637133333
25.72649,-80.2570133333
25.7222516667,-80.2580016667
25.7284883333,-80.25348
25.7306516667,-80.250505
25.7328333333,-80.2415116667
25.7376383333,-80.2416866667
25.7174433333,-80.261705
25.7301333333,-80.24115
25.7270166667,-80.2481
25.7362583333,-80.2393383333
25.7239183333,-80.2465616667
25.7259433333,-80.2541116667
25.7314783333,-80.2535783333
25.735465,-80.24427
25.71907,-80.2532316667
25.7256333333,-80.2500566667
25.733445,-80.250815
25.7225566667,-80.2534283333
25.720085,-80.2498783333
25.733605,-80.243915
25.7244866667,-80.2603566667
25.7330266667,-80.2370733333
25.7315533333,-80.24715
25.7263166667,-80.2456216667
25.7201716667,-80.2561983333
25.7241783333,-80.2511366667
25.733565,-80.2478566667
25.780505,-80.2133383333
25.7792033333,-80.2165566667
25.7798066667,-80.2234883333
25.7782166667,-80.2232166667
25.77613,-80.22441
25.77283,-80.22182
25.774425,-80.2203266667
25.7713733333,-80.2210083333
25.7731216667,-80.2180866667
25.771515,-80.216545
25.7692233333,-80.217925
25.769515,-80.220255
25.7684466667,-80.2224716667
25.76591,-80.2246683333
25.7667511667,-80.219428
25.7740633333,-80.2093433333
25.7746383333,-80.2123966667
25.7660066667,-80.202315
25.7655816667,-80.2057366667
25.7681933333,-80.204045
25.7679116667,-80.2077866667
25.7654416667,-80.2126966667
25.7668083333,-80.210425
25.766175,-80.2177066667
25.76623,-80.21631
25.7716933333,-80.2091783333
25.7668583333,-80.200905
25.7698333333,-80.2004883333
25.7677166667,-80.2137983333
25.76888,-80.2112083333
25.7698183333,-80.20572
25.7695016667,-80.2141083333
25.7765433333,-80.2149283333
25.776315,-80.2101483333
25.7712883333,-80.2139716667
25.73541,-80.23756
25.84764,-80.20048
25.8118183333,-80.21524
25.8115283333,-80.2096983333
25.8243516667,-80.2157583333
25.82997,-80.191145
25.8257416667,-80.1942916667
25.8315466667,-80.20014
25.82495,-80.201431
25.83974,-80.2024116667
25.833015,-80.194545
25.8364666667,-80.1970383333
25.8397583333,-80.19627
25.8317633333,-80.2045916667
25.8359233333,-80.191665
25.82458,-80.2136116667
25.8194933333,-80.2106316667
25.8205466667,-80.2185266667
25.8136733333,-80.22382
25.8168583333,-80.22451
25.8195866667,-80.22404
25.8242583333,-80.2252333333
25.8245766667,-80.207795
25.817555,-80.2193666667
25.8153216667,-80.216575
25.8141783333,-80.20807
25.8277033333,-80.219715
25.83176,-80.2149166667
25.839915,-80.2174816667
25.8356483333,-80.2043083333
25.8294583333,-80.19391
25.8354433333,-80.21031
25.8362583333,-80.2165316667
25.8384083333,-80.2134483333
25.840095,-80.20706
25.8139416667,-80.2038733333
25.8397183333,-80.2276583333
25.830152,-80.225843
25.8258766667,-80.23114
25.8161266667,-80.2298166667
25.8400083333,-80.2254533333
25.8315783333,-80.2223983333
25.8319966667,-80.2110433333
25.8228566667,-80.2083766667
25.8182083333,-80.2281633333
25.828965,-80.1955866667
25.83085,-80.20265
25.8356883333,-80.2232433333
25.8210166667,-80.1980983333
25.816415,-80.2036283333
25.8233383333,-80.2037566667
25.8412716667,-80.2008183333
25.8152333333,-80.1902583333
25.817043,-80.199423
25.8179683333,-80.191975
25.8191766667,-80.1891883333
25.847567,-80.200583
25.841723,-80.20867
25.8486116667,-80.1903816667
25.843275,-80.205225
25.8468083333,-80.2067016667
25.8437183333,-80.191645
25.8474033333,-80.193795
25.8479333333,-80.196675
25.8465533333,-80.1881483333
25.84264,-80.1980816667
25.8469433333,-80.2032933333
25.8450066667,-80.205445
25.8198,-80.2037966667
25.8381366667,-80.186775
25.8209216667,-80.1996166667
25.8175216667,-80.1961016667
25.8225333333,-80.1965583333
25.829715,-80.1859066667
25.8468816667,-80.1999833333
25.817065,-80.189765
25.8418433333,-80.188005
25.8451716667,-80.18825
25.846915,-80.184735
25.844903,-80.184679
25.84041,-80.1926933333
25.846505,-80.1928533333
25.8296016667,-80.1885383333
25.82339,-80.1912583333
25.840236,-80.184179
25.8440766667,-80.1864783333
25.8334266667,-80.184125
25.8318,-80.184565
25.8351016667,-80.18349
25.8322616667,-80.1873683333
25.84133,-80.1961316667
25.832995,-80.1901716667
25.83941,-80.18803
25.827845,-80.189935
25.8249833333,-80.1874683333
25.8256616667,-80.1902033333
25.8256966667,-80.1871716667
25.8211483333,-80.1885066667
25.820015,-80.1961083333
25.8360816667,-80.1873633333
25.813995,-80.1953866667
25.8144316667,-80.19471
25.812465,-80.1898783333
25.814605,-80.1998533333
25.80643,-80.20767
25.8042716667,-80.1891333333
25.8084633333,-80.1953383333
25.8100016667,-80.1995633333
25.8097516667,-80.21121
25.8099266667,-80.215025
25.8057466667,-80.219635
25.8095966667,-80.2196933333
25.804835,-80.213285
25.805795,-80.2037216667
25.8086216667,-80.1979933333
25.80326,-80.1906766667
25.8057683333,-80.1994816667
25.8039316667,-80.19529
25.8089766667,-80.1887633333
25.8108016667,-80.1897233333
25.8092233333,-80.2013816667
25.8084383333,-80.2035183333
25.807065,-80.19085
25.8048466667,-80.22743
25.808675,-80.2257566667
25.8105983333,-80.2249283333
25.8110166667,-80.2273
25.8113466667,-80.2293566667
25.8066683333,-80.23167
25.80955,-80.2349933333
25.8068883333,-80.2235333333
25.8088516667,-80.2288516667
25.8080733333,-80.21924
25.8098916667,-80.2210083333
25.8044916667,-80.2225216667
25.829905,-80.2366116667
25.8288233333,-80.23177
25.83427,-80.22807
25.8309216667,-80.225225
25.831035,-80.23248
25.8158733333,-80.236685
25.8219133333,-80.2311816667
25.81792,-80.2334816667
25.8133766667,-80.232
25.8272666667,-80.2245616667
25.8368566667,-80.2301116667
25.81999,-80.234995
25.8441533333,-80.2292016667
25.8434816667,-80.2285816667
25.8453766667,-80.21766
25.8492583333,-80.214235
25.8245466667,-80.233685
25.83975,-80.2199333333
25.8466283333,-80.2087316667
25.840365,-80.2098816667
25.8447083333,-80.2160166667
25.8463416667,-80.21954
25.841875,-80.2190533333
25.8491116667,-80.2100183333
25.8455283333,-80.2250783333
25.8416333333,-80.2160333333
25.8440583333,-80.20944
25.8550466667,-80.2100333333
25.85324,-80.2101166667
25.852335,-80.2136766667
25.8532483333,-80.2063433333
25.8509083333,-80.1998266667
25.85301,-80.2026883333
25.8541916667,-80.19952
25.8514233333,-80.1977983333
25.853775,-80.196375
25.8512416667,-80.204085
25.8491916667,-80.1986233333
25.8500216667,-80.1966716667
25.8475483333,-80.206485
25.8118183333,-80.21524
25.8115283333,-80.2096983333
25.8194933333,-80.2106316667
25.8205466667,-80.2185266667
25.8136733333,-80.22382
25.8195866667,-80.22404
25.817555,-80.2193666667
25.8153216667,-80.216575
25.8141783333,-80.20807
25.8139416667,-80.2038733333
25.8161266667,-80.2298166667
25.8182083333,-80.2281633333
25.816415,-80.2036283333
25.8152333333,-80.1902583333
25.8179683333,-80.191975
25.8191766667,-80.1891883333
25.8198,-80.2037966667
25.8175216667,-80.1961016667
25.817065,-80.189765
25.820015,-80.1961083333
25.813995,-80.1953866667
25.8144316667,-80.19471
25.812465,-80.1898783333
25.814605,-80.1998533333
25.7841933333,-80.1926133333
25.80643,-80.20767
25.7843716667,-80.2067483333
25.8035133333,-80.2196133333
25.794265,-80.1901183333
25.8014866667,-80.1912666667
25.8042716667,-80.1891333333
25.8084633333,-80.1953383333
25.8100016667,-80.1995633333
25.8097516667,-80.21121
25.8099266667,-80.215025
25.7887416667,-80.215895
25.8037483333,-80.2066483333
25.8057466667,-80.219635
25.7772316667,-80.2081983333
25.7701683333,-80.2000083333
25.772725,-80.20293
25.7729966667,-80.1996083333
25.7741233333,-80.203635
25.78098,-80.213805
25.78043,-80.2110966667
25.8095966667,-80.2196933333
25.7946666667,-80.2149216667
25.7872283333,-80.213175
25.78562,-80.21876
25.7962466667,-80.2082533333
25.798228,-80.201193
25.7977833333,-80.19921
25.804835,-80.213285
25.7831283333,-80.1953716667
25.789425,-80.1977516667
25.78834,-80.1910833333
25.794255,-80.1944633333
25.805795,-80.2037216667
25.8086216667,-80.1979933333
25.80326,-80.1906766667
25.8057683333,-80.1994816667
25.8045916667,-80.2117116667
25.7983283333,-80.2195266667
25.7901266667,-80.2141516667
25.7945616667,-80.2176016667
25.78282,-80.2132033333
25.787205,-80.2191283333
25.78508,-80.21106
25.78839,-80.2098166667
25.79034,-80.2114433333
25.798646,-80.212342
25.799825,-80.2078016667
25.8024633333,-80.2110883333
25.8041333333,-80.203
25.7999866667,-80.201615
25.80265,-80.2157116667
25.7914433333,-80.1863116667
25.7904233333,-80.1948433333
25.7973166667,-80.1885233333
25.79947,-80.1911866667
25.8039316667,-80.19529
25.8007966667,-80.195415
25.8089766667,-80.1887633333
25.8108016667,-80.1897233333
25.8092233333,-80.2013816667
25.803427,-80.199093
25.7970783333,-80.2150266667
25.788185,-80.19304
25.7961266667,-80.19735
25.8011683333,-80.2031216667
25.8084383333,-80.2035183333
25.807065,-80.19085
25.789585,-80.1910166667
25.7972766667,-80.206895
25.775915,-80.1936483333
25.776595,-80.1991533333
25.7853633333,-80.1979083333
25.7787916667,-80.1913666667
25.787684,-80.200984
25.7830983333,-80.20494
25.7911733333,-80.2022066667
25.7959416667,-80.2035216667
25.78569,-80.2040633333
25.7790966667,-80.2007766667
25.7938033333,-80.1982033333
25.7925966667,-80.20262
25.7844933333,-80.20549
25.779566,-80.192626
25.7775533333,-80.2040666667
25.780113,-80.207053
25.775015,-80.192154
25.77608,-80.20137
25.792685,-80.1964
25.78573,-80.2056766667
25.79191,-80.2092516667
25.7848733333,-80.1928883333
25.8016733333,-80.2243266667
25.799975,-80.2258466667
25.8048466667,-80.22743
25.808675,-80.2257566667
25.8105983333,-80.2249283333
25.8110166667,-80.2273
25.8113466667,-80.2293566667
25.80715,-80.240905
25.805554,-80.236163
25.80972,-80.238147
25.8110633333,-80.2383566667
25.8010516667,-80.2420366667
25.804175,-80.23966
25.801195,-80.235925
25.802046,-80.231543
25.8066683333,-80.23167
25.80955,-80.2349933333
25.7980616667,-80.2316966667
25.8068883333,-80.2235333333
25.7893483333,-80.22175
25.7941266667,-80.2304933333
25.7910233333,-80.2227566667
25.7899866667,-80.2271916667
25.79541,-80.234305
25.7934533333,-80.2273316667
25.79431,-80.22335
25.8088516667,-80.2288516667
25.7964333333,-80.2269583333
25.8080733333,-80.21924
25.7963816667,-80.2391533333
25.7945483333,-80.237915
25.798015,-80.2348983333
25.7930083333,-80.2214883333
25.7867083333,-80.2203066667
25.7961166667,-80.2334916667
25.7996616667,-80.2398316667
25.7991783333,-80.2231633333
25.7886016667,-80.22312
25.7876233333,-80.2266933333
25.8038983333,-80.23165
25.8098916667,-80.2210083333
25.796645,-80.22344
25.80115,-80.2296216667
25.795075,-80.241545
25.78988,-80.23071
25.8044916667,-80.2225216667
25.7999433333,-80.216455
25.79131,-80.2329683333
25.7740683333,-80.20617
25.780505,-80.2133383333
25.7792033333,-80.2165566667
25.7798066667,-80.2234883333
25.7782166667,-80.2232166667
25.7740633333,-80.2093433333
25.7745866667,-80.212415
25.7660066667,-80.202315
25.7681933333,-80.204045
25.7716933333,-80.2091783333
25.7668583333,-80.200905
25.7698333333,-80.2004883333
25.7698183333,-80.20572
25.7765433333,-80.2149283333
25.776315,-80.2101483333
25.8164583333,-80.2477433333
25.8162666667,-80.2455883333
25.813115,-80.2408883333
25.8158733333,-80.236685
25.81792,-80.2334816667
25.8163033333,-80.2380933333
25.8133766667,-80.232
25.813173,-80.238515
25.8143,-80.2437066667
25.813365,-80.2464416667
25.81999,-80.234995
25.8188633333,-80.2403616667
25.8161066667,-80.2402116667
25.819545,-80.23742
25.8207366667,-80.2424566667
35.1057333333,-89.9674916667
35.1075316667,-89.985845
35.1137616667,-89.9851316667
35.114,-89.9808683333
35.1164266667,-89.9755116667
35.1159933333,-89.97134
35.1144716667,-89.9671066667
35.1144266667,-89.96147
35.116085,-89.95588
35.115625,-89.946385
35.0946816667,-89.9734683333
35.09494,-89.978695
35.095189,-89.983612
35.099245,-89.9867333333
35.1043916667,-89.9854283333
35.096624,-89.949549
35.0940283333,-89.9523983333
35.0961216667,-89.9560116667
35.09426,-89.9602366667
35.0978433333,-89.9739016667
35.1006183333,-89.97712
35.10467,-89.9838666667
35.1086916667,-89.9820216667
35.1112583333,-89.9801066667
35.1054333333,-89.9795316667
35.1037683333,-89.9735766667
35.106815,-89.975435
35.1097716667,-89.9768216667
35.113675,-89.97662
35.1121483333,-89.9695766667
35.10811,-89.9623616667
35.111792,-89.963558
35.10956,-89.958945
35.09953,-89.9570483333
35.1046216667,-89.9536733333
35.10728,-89.958124
35.1129333333,-89.9554266667
35.1098716667,-89.9540716667
35.1113016667,-89.9494683333
35.1081733333,-89.9486516667
35.1059,-89.951605
35.1029883333,-89.9492816667
35.1010616667,-89.9527316667
35.0988516667,-89.9496116667
35.09734,-89.9769666667
35.110375,-89.9455633333
35.0993683333,-89.9813916667
35.1030133333,-89.9667833333
35.0978033333,-89.984795
35.1106266667,-89.9726283333
35.102285,-89.9818166667
40.3504016667,-79.8685383333
40.3516583333,-79.8665083333
40.34694,-79.86623
40.347008,-79.862277
40.351615,-79.860375
40.35044,-79.8589216667
40.3519233333,-79.8547516667
40.3492466667,-79.8526733333
40.3516733333,-79.85006
40.3475366667,-79.8497516667
40.3520933333,-79.8437716667
40.3492916667,-79.84307
40.350765,-79.8392383333
40.3473,-79.8369
40.3505133333,-79.8339783333
40.3466233333,-79.8328283333
40.344864,-79.841883
40.3416233333,-79.8399016667
40.3441583333,-79.831465
40.33968,-79.83152
40.3354283333,-79.8347283333
40.3354,-79.8306
40.3371783333,-79.83965
40.3346416667,-79.8387866667
40.33403,-79.843395
40.3307083333,-79.8436966667
40.3342933333,-79.8483866667
40.3408483333,-79.8435733333
40.335335,-79.8525816667
40.3380083333,-79.85093
40.3407816667,-79.8562383333
40.34458,-79.859405
40.3418133333,-79.8635666667
40.34538,-79.8639133333
40.34678,-79.8545983333
40.3454666667,-79.848285
40.34876,-79.8648433333
40.34808,-79.858225
40.3427533333,-79.8452283333
40.333975,-79.836235
40.3403383333,-79.8274716667
40.34881,-79.838775
40.3403066667,-79.852875
40.3447133333,-79.8661833333
40.3417933333,-79.8498233333
40.34559,-79.8434183333
40.3450666667,-79.837345
40.342455,-79.8535183333
40.3379733333,-79.8479316667
40.342474,-79.865802
40.3439183333,-79.8640366667
40.76865,-82.5186983333
40.7590616667,-82.5128216667
40.7511916667,-82.5081466667
40.75257,-82.5159533333
40.748,-82.5127616667
40.74712,-82.5274233333
40.743655,-82.519053
40.7550216667,-82.5334583333
40.759055,-82.537815
40.766755,-82.538055
40.7633433333,-82.5331766667
40.7649916667,-82.5335316667
40.7633383333,-82.5228833333
40.7610316667,-82.5284233333
40.758572,-82.529656
40.7517516667,-82.5261516667
40.7589733333,-82.5232733333
40.7561566667,-82.5182916667
40.75431,-82.5240983333
40.7662283333,-82.5243783333
40.7531433333,-82.52947
40.745665,-82.52016
40.7592133333,-82.5093733333
40.7504916667,-82.5187133333
40.748815,-82.5088816667
40.7396283333,-82.52738
40.7470516667,-82.5300516667
40.759315,-82.540445
40.765925,-82.54673
40.7698316667,-82.54981
40.7733566667,-82.5498333333
40.7758966667,-82.5478816667
40.7769033333,-82.54148
40.775145,-82.5290033333
40.773845,-82.5311733333
40.7770383333,-82.5225283333
40.7732433333,-82.5219033333
40.7659033333,-82.5068566667
40.760415,-82.50263
40.7593783333,-82.5170366667
40.7656783333,-82.5186583333
40.7709316667,-82.5265333333
40.76974,-82.5228433333
40.767985,-82.5298233333
40.7584116667,-82.5335433333
40.7456583333,-82.5225166667
40.7487466667,-82.52055
40.7720733333,-82.5161433333
40.7693433333,-82.5408683333
40.7769316667,-82.5272683333
40.757863,-82.506489
40.762701,-82.514241
40.753593,-82.535222
40.8511533333,-73.9233566667
40.8098566667,-73.9276066667
40.807675,-73.9244333333
40.8178566667,-73.9274533333
40.8216616667,-73.9276983333
40.8157616667,-73.9303016667
40.8355633333,-73.9303116667
40.83798,-73.9286866667
40.8324766667,-73.9311966667
40.8122683333,-73.9304966667
40.7993383333,-73.9484066667
40.8065166667,-73.9555033333
40.7970883333,-73.9485016667
40.820195,-73.9567383333
40.8004916667,-73.9333416667
40.8126283333,-73.946305
40.8099683333,-73.9360466667
40.8042016667,-73.9531333333
40.8023066667,-73.9392633333
40.7953366667,-73.9467466667
40.809325,-73.9473066667
40.79184,-73.937945
40.793605,-73.9500466667
40.79119,-73.952305
40.81045,-73.9431233333
40.7959966667,-73.9337566667
40.8046166667,-73.963095
40.8142883333,-73.940055
40.8148316667,-73.9431266667
40.8096166667,-73.9390016667
40.8208433333,-73.95312
40.8046233333,-73.9330833333
40.801435,-73.9552783333
40.8085483333,-73.9520416667
40.80767,-73.9397383333
40.8091733333,-73.95523
40.8266433333,-73.95189
40.80678,-73.9365166667
40.8093483333,-73.9601483333
40.803715,-73.9665866667
40.8066466667,-73.9640516667
40.8101116667,-73.961885
40.8076,-73.95962
40.81898,-73.9492
40.8146633333,-73.950825
40.82629,-73.9352466667
40.8300333333,-73.9374183333
40.8342033333,-73.9360633333
40.83231,-73.93583
40.839265,-73.9447716667
40.8568816667,-73.9332183333
40.8537533333,-73.9399516667
40.846255,-73.9427883333
40.8428416667,-73.9434016667
40.8528716667,-73.927855
40.8372733333,-73.9474883333
40.855812,-73.926482
40.8456183333,-73.9333483333
40.84228,-73.935105
40.83937,-73.9355933333
40.8368966667,-73.937175
40.84964,-73.9292616667
40.8299666667,-73.94433
40.8517333333,-73.931535
40.8506116667,-73.9339933333
40.8418083333,-73.9422316667
40.8541816667,-73.9345
40.8331716667,-73.937505
40.82687,-73.9387116667
40.8449616667,-73.9361166667
40.832415,-73.9419866667
40.8388633333,-73.94079
40.8288133333,-73.9453916667
40.8033916667,-73.9382033333
40.799705,-73.9409783333
40.808365,-73.9408383333
40.810145,-73.9394333333
40.8014333333,-73.945855
40.79324,-73.9404866667
40.7964916667,-73.9382
40.8047183333,-73.9553933333
40.8733883333,-73.9129916667
40.8716433333,-73.9117316667
40.8686,-73.9119533333
40.8686566667,-73.9164666667
40.85957,-73.9202266667
40.8613933333,-73.92336
40.8603166667,-73.9227133333
40.8618316667,-73.9216516667
40.8655766667,-73.92141
40.8656,-73.924685
40.86117,-73.9299433333
40.8579166667,-73.9357583333
40.8691566667,-73.9210066667
40.8589216667,-73.9222933333
40.8601766667,-73.9275933333
40.8626733333,-73.91657
40.7879966667,-73.9434083333
40.7882933333,-73.95032
40.7913083333,-73.947745
40.80102,-73.9586016667
40.787185,-73.9744133333
40.7852133333,-73.96996
40.7877566667,-73.9679016667
40.7890616667,-73.967005
40.7943,-73.9640266667
40.79706,-73.961316
40.7942116667,-73.96759
40.7983466667,-73.9676466667
40.79713,-73.96675
40.79824,-73.9656216667
40.7967333333,-73.96375
40.7961033333,-73.9661283333
40.8001316667,-73.9634366667
40.7989833333,-73.9608916667
40.790765,-73.9751516667
40.7892316667,-73.9735283333
40.7896816667,-73.9712266667
40.791546,-73.970937
40.7926733333,-73.973625
40.7880016667,-73.9706866667
40.789865,-73.9691866667
40.795165,-73.97418
40.7925616667,-73.97218
40.79207,-73.969765
40.798235,-73.9698816667
40.7999566667,-73.96778
40.794475,-73.970535
40.802085,-73.965965
40.794535,-73.932925
40.796775,-73.931925
40.7995433333,-73.93419
40.8001133333,-73.9378216667
40.7966366667,-73.9353966667
40.8004833333,-73.9409333333
40.7256016667,-73.9730183333
40.7255316667,-73.97419
40.7245433333,-73.9736183333
40.72391,-73.97538
40.7229866667,-73.97472
40.72294,-73.9759133333
40.7204383333,-73.9764916667
40.7215116667,-73.977095
40.719835,-73.9753033333
40.7215383333,-73.9756383333
40.7201633333,-73.9781733333
40.7174033333,-73.9883983333
40.7179916667,-73.9822683333
40.7221666667,-73.9812183333
40.7230666667,-73.9870066667
40.73444,-73.99025
40.72734,-73.9956116667
40.7251016667,-73.9968283333
40.72169,-73.9991183333
40.7190316667,-73.990555
40.7282233333,-73.9766866667
40.7304816667,-73.9820283333
40.731625,-73.98817
40.7277683333,-73.9887683333
40.7230366667,-73.9920583333
40.7245666667,-73.9823033333
40.72784,-73.9733833333
40.728245,-73.9825266667
40.7184466667,-73.98122
40.7333083333,-73.9877783333
40.723281,-73.998421
40.729831,-73.988224
40.7265333333,-73.9877433333
40.7261266667,-73.9839616667
40.7304266667,-73.984275
40.7251966667,-73.9914216667
40.7320633333,-73.9890566667
40.7245516667,-73.9904483333
38.1723216667,-85.6788616667
38.1803616667,-85.6683833333
38.1768666667,-85.6661866667
38.1655316667,-85.66916
38.1695016667,-85.6794333333
38.1738866667,-85.678815
38.1797316667,-85.6573033333
38.1713733333,-85.6596683333
38.1683683333,-85.6643033333
38.16611,-85.663875
38.16266,-85.6601783333
38.16107,-85.6717716667
38.160335,-85.6758616667
38.1632483333,-85.6795383333
38.16394,-85.6774033333
38.1670483333,-85.6770466667
38.166495,-85.6729716667
38.1707416667,-85.6769133333
38.1676583333,-85.6597916667
38.1757033333,-85.6581633333
38.1793083333,-85.6736
38.178225,-85.6781
38.16413,-85.6644783333
38.2275283333,-85.7803116667
38.2286616667,-85.7765383333
38.2281,-85.77179
38.22444,-85.7715583333
38.220235,-85.774325
38.2216966667,-85.7761616667
38.2239033333,-85.78233
38.2200783333,-85.7817066667
38.2209333333,-85.78439
38.2262483333,-85.7833316667
38.2258066667,-85.7814966667
38.24494,-85.75792
38.24642,-85.755375
38.2380333333,-85.7552883333
38.2372816667,-85.7600133333
38.2349283333,-85.7581083333
38.2344733333,-85.7619816667
38.2298833333,-85.75752
38.22845,-85.76483
38.226975,-85.7580083333
38.2245716667,-85.7626083333
38.2276133333,-85.7530716667
38.2226233333,-85.7547866667
38.234155,-85.75187
38.2372533333,-85.749225
38.2400433333,-85.7510566667
38.2460616667,-85.74657
38.2417033333,-85.746905
38.2388916667,-85.7459283333
38.232675,-85.744733
38.23007,-85.7506566667
38.2266516667,-85.74642
38.2457033333,-85.7414966667
38.240485,-85.743625
38.2435216667,-85.7377
38.23992,-85.7386933333
38.2351766667,-85.7412566667
38.2360416667,-85.73725
38.2300783333,-85.7400133333
38.226645,-85.7416366667
38.2247433333,-85.74288
38.2452533333,-85.75433
38.2304383333,-85.7455666667
38.2434333333,-85.75623
38.2430383333,-85.7492866667
38.2365383333,-85.753065
38.2346683333,-85.7488533333
38.2321133333,-85.7613
38.230465,-85.7544916667
38.2250216667,-85.7556883333
38.2379066667,-85.7394466667
38.24361,-85.7427666667
38.2134783333,-85.7829383333
38.214695,-85.7788666667
38.2109316667,-85.781175
38.2120516667,-85.7769283333
38.213675,-85.77416
38.2121366667,-85.769365
38.2154733333,-85.7688716667
38.21342,-85.762575
38.2103766667,-85.7630516667
38.2081883333,-85.7648933333
38.2095116667,-85.7686016667
38.20821,-85.7729016667
38.2100783333,-85.7753733333
38.208535,-85.7803433333
38.2088833333,-85.7853266667
38.2108316667,-85.7868233333
38.2072866667,-85.7878366667
38.2052933333,-85.78183
38.2066333333,-85.7765663333
38.2064016667,-85.76878
38.206685,-85.7628316667
38.2047383333,-85.7655966667
38.2018083333,-85.7768666667
38.2033416667,-85.7801783333
38.2,-85.78944
38.200045,-85.7810183333
38.1991633333,-85.7787333333
38.1984566667,-85.7740566667
38.1951833333,-85.7723466667
38.1948366667,-85.77968
38.1962266667,-85.7804016667
38.195725,-85.7863033333
38.1972416667,-85.79151
38.196645,-85.7960666667
38.1992533333,-85.7976483333
38.19499,-85.7984283333
38.19583,-85.80251
38.19178,-85.801045
38.1919566667,-85.7951233333
38.1936233333,-85.7936433333
38.1929433333,-85.7880266667
38.19253,-85.7837266667
38.1910483333,-85.7773216667
38.191575,-85.77315
38.1875316667,-85.7742766667
38.1893133333,-85.78062
38.18652,-85.7862383333
38.18991,-85.7919116667
38.19041,-85.7955366667
38.189135,-85.8011316667
38.1869666667,-85.8011116667
38.2181283333,-85.77791
38.2140716667,-85.7845666667
38.2158733333,-85.7846933333
38.191165,-85.7797833333
38.2043333333,-85.7919816667
38.2465766667,-85.765685
38.2467033333,-85.7710316667
38.24969,-85.7705416667
38.25541,-85.7695766667
38.2493916667,-85.7794583333
38.2561683333,-85.780355
38.25142,-85.786045
38.2474783333,-85.7907233333
38.2527916667,-85.7926233333
38.2556116667,-85.78984
38.2551933333,-85.7947383333
38.2533533333,-85.79582
38.2488071667,-85.7985238333
38.2485133333,-85.8046483333
38.25261,-85.80062
38.25415,-85.8038066667
38.25832,-85.7992783333
38.259545,-85.7967483333
38.2651616667,-85.798335
38.2638483333,-85.8009533333
38.26846,-85.79731
38.2527016667,-85.76875
38.261212,-85.804372
38.2613916667,-85.7989033333
38.2579833333,-85.8044283333
38.252302,-85.772625
38.25512,-85.784635
38.2499583333,-85.7952
38.252726,-85.764629
38.2426416667,-85.80678
38.26906,-85.809635
38.2624666667,-85.8082983333
38.2589166667,-85.8063933333
38.253866,-85.806976
38.24573,-85.8062666667
38.2476633333,-85.8127766667
38.249904,-85.81011
38.25637,-85.8105566667
38.2595883333,-85.8123383333
38.2649398333,-85.8115668333
38.2705866667,-85.8118516667
38.2677016667,-85.8188933333
38.2667516667,-85.8120816667
38.2617633333,-85.8148483333
38.2554666667,-85.815765
38.2547216667,-85.8140366667
38.2498533333,-85.8171816667
38.2431183333,-85.8197033333
38.236685,-85.82023
38.2496533333,-85.8221816667
38.2536633333,-85.82219
38.257775,-85.8234283333
38.2628016667,-85.82026
38.271805,-85.8175283333
38.2681016667,-85.823185
38.2651066667,-85.82463
38.2617433333,-85.8273023333
38.2577566667,-85.8273633333
38.26075,-85.8234516667
38.25463,-85.8256266667
38.25147,-85.82755
38.258005,-85.8186466667
38.24573,-85.82909
38.2402133333,-85.8233683333
38.2603583333,-85.8185833333
38.2658866667,-85.8157166667
38.241841,-85.8267445
38.247427,-85.819242
38.2451383333,-85.8170983333
38.24151,-85.8210016667
38.2389783333,-85.8146666667
38.2422333333,-85.81653
38.240925,-85.8130833333
38.2472066667,-85.80877
38.2558133333,-85.8192166667
38.2509183333,-85.8242616667
38.25877,-85.8171283333
38.2618583333,-85.81207
38.2651233333,-85.8093583333
38.24898,-85.7853766667
38.243795,-85.7840366667
38.2431616667,-85.777425
38.242795,-85.780545
38.2403016667,-85.7778866667
38.23984,-85.7829533333
38.2383283333,-85.77816
38.2348366667,-85.7816066667
38.2344833333,-85.778165
38.230915,-85.7792333333
38.2275283333,-85.7803116667
38.231295,-85.7745883333
38.2286616667,-85.7765383333
38.2281,-85.77179
38.22444,-85.7715583333
38.2222433333,-85.7696033333
38.220235,-85.774325
38.2216966667,-85.7761616667
38.2239033333,-85.78233
38.2200783333,-85.7817066667
38.2209333333,-85.78439
38.223955,-85.7879633333
38.2262483333,-85.7833316667
38.22064,-85.7907016667
38.227325,-85.7868183333
38.22937,-85.7846066667
38.222105,-85.7934716667
38.2198883333,-85.795865
38.2225566667,-85.7983533333
38.2252016667,-85.7968583333
38.2279766667,-85.7934383333
38.232325,-85.7890233333
38.2380816667,-85.7866083333
38.2414533333,-85.78781
38.2449083333,-85.7871566667
38.243615,-85.79381
38.24003,-85.7920816667
38.2362566667,-85.7885466667
38.2349966667,-85.7911216667
38.23139,-85.79501
38.229995,-85.79758
38.2290716667,-85.7999966667
38.2248433333,-85.8020683333
38.2229733333,-85.8039316667
38.225965,-85.806015
38.229145,-85.8054266667
38.2317733333,-85.802045
38.2345,-85.798125
38.2361683333,-85.7953666667
38.2443466667,-85.8004833333
38.2406633333,-85.798685
38.2374416667,-85.7974616667
38.2357683333,-85.8024916667
38.2351516667,-85.8075533333
38.235685,-85.81195
38.237475,-85.807275
38.2386233333,-85.8052433333
38.2412883333,-85.8043683333
38.245985,-85.80393
38.2402533333,-85.808525
38.2432816667,-85.8104983333
38.2453133333,-85.78054
38.2395216667,-85.78093
38.2280166667,-85.8007733333
38.2258066667,-85.7814966667
38.2457783333,-85.7957416667
38.2134783333,-85.7829383333
38.214695,-85.7788666667
38.2120516667,-85.7769283333
38.213675,-85.77416
38.2154733333,-85.7688716667
38.2181283333,-85.77791
38.2140716667,-85.7845666667
38.2158733333,-85.7846933333
38.2465766667,-85.765685
38.2467033333,-85.7710316667
38.24969,-85.7705416667
38.25541,-85.7695766667
38.258855,-85.7682916667
38.247743,-85.776152
38.2493916667,-85.7794583333
38.260855,-85.7745733333
38.26505,-85.7805416667
38.2620733333,-85.7826283333
38.2561683333,-85.780355
38.25142,-85.786045
38.248752,-85.782195
38.2474783333,-85.7907233333
38.2527916667,-85.7926233333
38.2556116667,-85.78984
38.25752,-85.7870516667
38.260567,-85.786698
38.263555,-85.7882716667
38.2696466667,-85.7873083333
38.2658816667,-85.7903816667
38.2588516667,-85.7898266667
38.2551933333,-85.7947383333
38.2533533333,-85.79582
38.2488071667,-85.7985238333
38.2485133333,-85.8046483333
38.25261,-85.80062
38.25415,-85.8038066667
38.25832,-85.7992783333
38.259545,-85.7967483333
38.2651616667,-85.798335
38.2638483333,-85.8009533333
38.26846,-85.79731
38.2527016667,-85.76875
38.2677966667,-85.7918083333
38.271205,-85.79104
38.271895,-85.79831
38.2731816667,-85.804505
38.2648183333,-85.8041066667
38.261212,-85.804372
38.2613916667,-85.7989033333
38.2579833333,-85.8044283333
38.252302,-85.772625
38.25512,-85.784635
38.2499583333,-85.7952
38.252726,-85.764629
38.2623016667,-85.794855
38.258979,-85.781888
38.2426416667,-85.80678
38.26906,-85.809635
38.2624666667,-85.8082983333
38.2589166667,-85.8063933333
38.253866,-85.806976
38.24573,-85.8062666667
38.2476633333,-85.8127766667
38.249904,-85.81011
38.25637,-85.8105566667
38.2595883333,-85.8123383333
38.2649398333,-85.8115668333
38.2705866667,-85.8118516667
38.2667516667,-85.8120816667
38.2617633333,-85.8148483333
38.2554666667,-85.815765
38.2498533333,-85.8171816667
38.2658866667,-85.8157166667
38.2472066667,-85.80877
38.25877,-85.8171283333
38.2618583333,-85.81207
38.2651233333,-85.8093583333
38.24898,-85.7853766667
38.243795,-85.7840366667
38.2431616667,-85.777425
38.242795,-85.780545
38.2403016667,-85.7778866667
38.2414533333,-85.78781
38.2449083333,-85.7871566667
38.243615,-85.79381
38.2443466667,-85.8004833333
38.2412883333,-85.8043683333
38.245985,-85.80393
38.2432816667,-85.8104983333
38.2453133333,-85.78054
38.2457783333,-85.7957416667
38.24494,-85.75792
38.24642,-85.755375
40.584655,-73.7016066667
40.58427,-73.6960283333
40.5846066667,-73.67003
40.5846266667,-73.6889466667
40.5885883333,-73.6839483333
40.59125,-73.6754516667
40.58489,-73.6390766667
40.58403,-73.6436866667
40.5862533333,-73.6583233333
40.592835,-73.6426516667
40.5929483333,-73.6387483333
40.5839416667,-73.6555033333
40.5839783333,-73.6498
40.5863083333,-73.6523016667
40.5871233333,-73.646555
40.59143,-73.6523466667
40.5846766667,-73.66395
40.585495,-73.6756833333
40.5938983333,-73.649835
40.5861083333,-73.6980783333
40.5883716667,-73.690875
40.5887066667,-73.6580983333
40.5845316667,-73.6838766667
40.5892,-73.6797783333
40.5884383333,-73.6752966667
40.5933416667,-73.6445383333
40.5857966667,-73.69175
40.588541,-73.696932
40.59111,-73.6818066667
40.5888733333,-73.66768
40.5885366667,-73.6384
40.5844633333,-73.6664166667
40.5928833333,-73.6692433333
40.5935283333,-73.6605333333
40.5918766667,-73.6575883333
40.5947,-73.6348683333
40.5901633333,-73.64634
40.58883,-73.6707733333
40.5868133333,-73.6379716667
40.5944933333,-73.6561516667
40.58459,-73.678635
40.5925983333,-73.665755
40.5895916667,-73.666665
40.59248,-73.6639166667
40.58975,-73.66104
34.7433533333,-92.3336
34.741115,-92.3376283333
34.7391833333,-92.334655
34.7364683333,-92.3336633333
34.7339233333,-92.3371816667
34.7323016667,-92.3348366667
34.727792,-92.337162
34.7246766667,-92.33531
34.7227916667,-92.3348783333
34.7301633333,-92.330045
34.7204766667,-92.3306933333
34.7444566667,-92.3306516667
34.74016,-92.3299283333
34.7369716667,-92.3267
34.7369766667,-92.3301783333
34.7329133333,-92.331505
34.729595,-92.3342133333
34.7263466667,-92.3307383333
34.724639,-92.329223
34.722085,-92.3278333333
34.726165,-92.3247516667
34.7278716667,-92.3276166667
34.740425,-92.3245716667
34.743235,-92.3274466667
34.7433466667,-92.32234
34.7395366667,-92.3202883333
34.7377183333,-92.322745
34.736808,-92.318006
34.7348916667,-92.3205533333
34.731285,-92.32269
34.728765,-92.3227816667
34.72296,-92.3230566667
34.7254,-92.3175966667
34.7278666667,-92.31965
34.7322866667,-92.3172583333
34.73532,-92.3146133333
34.740105,-92.3177216667
34.7429616667,-92.31824
34.7424833333,-92.314325
34.73995,-92.31309
34.7325616667,-92.312795
34.72883,-92.3144016667
34.7277833333,-92.31252
34.732625,-92.308725
34.7363016667,-92.3097283333
34.7399133333,-92.3082233333
34.7394733333,-92.3053616667
34.7370866667,-92.3053633333
34.7332316667,-92.3054483333
36.1886316667,-115.072926667
36.18942,-115.07663
36.1879716667,-115.080591667
36.18122,-115.080796667
36.17694,-115.081115
36.1731666667,-115.080028333
36.158585,-115.079613333
36.1594333333,-115.074595
36.1599333333,-115.069566667
36.159525,-115.064123333
36.1598066667,-115.053905
36.164035,-115.054061667
36.1679333333,-115.054028333
36.1721216667,-115.053225
36.1742283333,-115.054446667
36.1747816667,-115.063731667
36.1626316667,-115.077158333
36.1629633333,-115.072478333
36.1635133333,-115.067821667
36.163215,-115.06375
36.1706216667,-115.060756667
36.1709816667,-115.057528333
36.168285,-115.076876667
36.167035,-115.071108333
36.16778,-115.066016667
36.1744116667,-115.067053333
36.1791416667,-115.069398333
36.1784416667,-115.065413333
36.17514,-115.07622
36.17898,-115.076928333
36.1809583333,-115.072831667
36.1835866667,-115.077681667
36.18558,-115.072157
36.18211,-115.067
36.187515,-115.065933333
36.18335,-115.070953333
36.1658,-115.07591
36.1746766667,-115.070893333
36.16127,-115.080721667
36.1736533333,-115.059693333
36.166055,-115.081218333
36.182665,-115.061763333
36.186375,-115.06327
36.170805,-115.069663333
36.1711583333,-115.076231667
36.186668737179,-115.07137019131
36.188918336724,-115.0632846981
36.219425,-115.08134
36.2221,-115.080466667
36.2269466667,-115.0809
36.2345116667,-115.081155
36.2386083333,-115.079435
36.2419216667,-115.081051667
36.2463166667,-115.07794
36.247255,-115.074945
36.2478866667,-115.070293333
36.24714,-115.064995
36.2468316667,-115.060436667
36.2465666667,-115.055736667
36.246115,-115.049563333
36.2499166667,-115.04198
36.2436633333,-115.052066667
36.24224,-115.054498333
36.237952,-115.05701
36.2328533333,-115.063153333
36.2297433333,-115.062495
36.2254733333,-115.062771667
36.2192166667,-115.062446667
36.217105,-115.067873333
36.2189433333,-115.073013333
36.21815,-115.077353333
36.24475,-115.062945
36.2398383333,-115.062883333
36.2375766667,-115.067356667
36.241435,-115.067018333
36.24623,-115.066798333
36.2438433333,-115.071448333
36.2425033333,-115.075765
36.23311,-115.076816667
36.2284333333,-115.07626
36.22113,-115.077136
36.2204616667,-115.066333333
36.231395,-115.067903333
36.241785,-115.085885
36.229425,-115.066256667
36.229145,-115.070448333
36.2460616667,-115.083631667
36.2300533333,-115.073545
36.2398083333,-115.070655
36.2341116667,-115.065963333
36.2329566667,-115.085363333
36.24069,-115.089976667
36.2383333333,-115.094243333
36.2149883333,-115.09001
36.23585,-115.093201667
36.2350483333,-115.098568333
36.2292883333,-115.094645
36.23068,-115.099173333
36.2261633333,-115.099116667
36.2199866667,-115.088645
36.2219283333,-115.091491667
36.2194216667,-115.095996667
36.21151,-115.08988
36.22379,-115.096148333
36.1452816667,-115.211228333
36.1372533333,-115.212216667
36.1335516667,-115.211851667
36.1293983333,-115.212398333
36.1257,-115.211863333
36.1218733333,-115.212155
36.1181116667,-115.212056667
36.1147766667,-115.211843333
36.11329,-115.225661667
36.0929716667,-115.224801667
36.093505,-115.214918333
36.1260733333,-115.190593333
36.09693,-115.208351667
36.117565,-115.208528333
36.10125,-115.207143333
36.1095816667,-115.208395
36.121885,-115.191465
36.1182366667,-115.188868333
36.105175,-115.208306667
36.13091,-115.190763
36.1345566667,-115.190693333
36.142265,-115.190806667
36.1437883333,-115.191525
36.1439733333,-115.195913333
36.1449333333,-115.201596667
36.1433616667,-115.206418333
36.1368466667,-115.206538333
36.132635,-115.206843333
36.1280533333,-115.207465
36.125825,-115.207511667
36.1203333333,-115.20783
36.1405583333,-115.201721667
36.1405633333,-115.192096667
36.140335,-115.197271667
36.1372933333,-115.194866667
36.1326716667,-115.1938
36.1282733333,-115.19652
36.1237866667,-115.196288333
36.1320566667,-115.202405
36.12786,-115.202476667
36.1192766667,-115.201828333
36.1106766667,-115.213193333
36.1062466667,-115.21276
36.104385,-115.214346667
36.10005,-115.212346667
36.09725,-115.212816667
36.0969633333,-115.227565
36.0995533333,-115.230278333
36.10388,-115.230035
36.1081433333,-115.228536667
36.11147,-115.221681667
36.109872,-115.224663
36.1107966667,-115.21845
36.0995333333,-115.218265
36.0990033333,-115.22245
36.10192,-115.22555
36.107395,-115.216421667
36.105295,-115.225448333
36.1036883333,-115.220405
36.1129866667,-115.208368333
36.13886,-115.199308333
36.0981683333,-115.225696667
36.1145716667,-115.216083333
36.1327366667,-115.196726667
36.0958083333,-115.220306667
36.09659,-115.22426
36.210595,-115.221756667
36.2117333333,-115.213775
36.2104683333,-115.216971667
36.20799,-115.214721667
36.209855,-115.21043
36.2062516667,-115.219668333
36.2079666667,-115.224623333
36.202915,-115.238028333
36.198715,-115.237973333
36.1808633333,-115.235406667
36.18025,-115.227158333
36.1895366667,-115.215543333
36.1936966667,-115.214853333
36.18346,-115.232435
36.19803,-115.215035
36.202615,-115.215321667
36.2035316667,-115.224321667
36.20346,-115.22914
36.2037283333,-115.23388
36.200065,-115.217731667
36.2000066667,-115.222373333
36.1968416667,-115.223573333
36.2007433333,-115.236866667
36.1942733333,-115.23242
36.18707,-115.231991667
36.1837916667,-115.229193333
36.1876066667,-115.22767
36.1973816667,-115.229776667
36.19382,-115.226963333
36.2252466667,-115.208196667
36.2245116667,-115.212871667
36.2208783333,-115.223788333
36.2243083333,-115.223915
36.2122866667,-115.225295
36.21721,-115.223528333
36.2087933333,-115.205246667
36.20799,-115.214721667
36.2201133333,-115.206328333
36.2079666667,-115.224623333
36.2173816667,-115.208038333
36.2062516667,-115.219668333
36.2211366667,-115.220028333
36.2246016667,-115.217886667
36.2177283333,-115.211843333
36.215225,-115.207598333
36.2201116667,-115.212225
36.210595,-115.221756667
36.2128733333,-115.219491667
36.2146716667,-115.214228333
36.209855,-115.21043
36.2104683333,-115.216971667
36.217455,-115.22038
36.21449,-115.218173333
36.2117333333,-115.213775
36.2162,-115.227551667
36.215395,-115.223381667
36.2119266667,-115.207091667
36.22207,-115.216056667
36.202615,-115.215321667
36.2035316667,-115.224321667
36.200065,-115.217731667
36.2000066667,-115.222373333
36.1799466667,-115.160175
36.194835,-115.156831667
36.17748,-115.170038333
36.1770716667,-115.164826667
36.1772516667,-115.159181667
36.1772366667,-115.153991667
36.178675,-115.150495
36.1820416667,-115.145745
36.1855766667,-115.14462
36.197019,-115.160965
36.19695,-115.15064
36.19621,-115.143611667
36.1971066667,-115.146781667
36.1923333333,-115.143691667
36.18857,-115.147156
36.1975966667,-115.155558333
36.1973616667,-115.166373333
36.1967433333,-115.170263333
36.1904466667,-115.166468333
36.1933583333,-115.146708333
36.18097,-115.165136667
36.194835,-115.156832
36.1901066667,-115.149928333
36.1924466667,-115.171
36.1849933333,-115.170988333
36.182377,-115.169343
36.1930533333,-115.16148
36.193675,-115.166596667
36.18002,-115.154633333
36.17999,-115.16016
36.18378,-115.149658333
36.1836566667,-115.159731667
36.1889016667,-115.162988333
36.185775,-115.15916
36.1825533333,-115.155446667
36.1863483333,-115.149748333
36.190185,-115.158441667
36.1883733333,-115.144215
36.14092,-115.152475
36.143311,-115.148764
36.140805,-115.143213333
36.1414783333,-115.138353333
36.143605,-115.14064
36.1433966667,-115.135088333
36.1432833333,-115.124915
36.1436383333,-115.120361667
36.1384566667,-115.122163333
36.1320316667,-115.118875
36.1301316667,-115.119115
36.13028,-115.127778333
36.12561,-115.130796667
36.1334333333,-115.136401667
36.1293766667,-115.135201667
36.1410716667,-115.13241
36.1339483333,-115.12868
36.1325583333,-115.133375
36.1139566667,-115.148705
36.1196666667,-115.154356667
36.1239683333,-115.153825
36.1275616667,-115.154403333
36.1274383333,-115.146925
36.1303,-115.144575
36.11422,-115.134795
36.1080783333,-115.136778333
36.116305,-115.12871
36.1211616667,-115.132536667
36.1237933333,-115.147991667
36.11881,-115.145865
36.1231166667,-115.140943333
36.1213383333,-115.14572
36.1255116667,-115.135583333
36.1209066667,-115.136905
36.1178883333,-115.138325
36.1302366667,-115.13061
36.11333,-115.12886
36.115205,-115.132676667
36.1168016667,-115.141308333
36.1214416667,-115.150143333
36.1123,-115.137083333
36.116955,-115.146911667
36.1449683333,-115.146468333
36.10525,-115.137648333
36.1015633333,-115.137453333
36.09859,-115.119703333
36.0939,-115.118216667
36.0966183333,-115.1248
36.0990583333,-115.124855
36.099595,-115.12939
36.1001866667,-115.133751667
36.0937783333,-115.136603333
36.0960583333,-115.129138333
36.0966233333,-115.12139
36.092833,-115.131562
36.1393066667,-115.117868333
36.0956716667,-115.138231667
36.1234533333,-115.144231667
36.12999,-115.155451667
36.1336066667,-115.154443333
36.1703633333,-115.106165
36.1657983333,-115.106041667
36.1611683333,-115.104918333
36.15842,-115.106368
36.1575183333,-115.11432
36.1520016667,-115.118635
36.1518183333,-115.123263333
36.1589566667,-115.123071667
36.16348,-115.135191667
36.1670866667,-115.131768333
36.1716666667,-115.136333333
36.174725,-115.134526667
36.1737916667,-115.13093
36.17112,-115.13038
36.1741233333,-115.126253333
36.1636266667,-115.110813333
36.1742,-115.120133333
36.1735433333,-115.115826667
36.154845,-115.119186667
36.1605533333,-115.11591
36.1698216667,-115.11562
36.1666066667,-115.11988
36.1639483333,-115.124708333
36.1669333333,-115.125155
36.161945,-115.126678333
36.1604433333,-115.134395
36.159415,-115.118393333
36.16206,-115.120128333
36.1593383333,-115.133668333
36.1694216667,-115.137243333
36.1647316667,-115.115486667
36.169311551076,-115.11917037264
36.1399533333,-115.079335
36.1220583333,-115.061005
36.1448233333,-115.066073333
36.1365916667,-115.064833333
36.1320633333,-115.065045
36.1299433333,-115.065911667
36.1235833333,-115.064971667
36.1225333333,-115.06961
36.1212316667,-115.07278
36.1240433333,-115.077978333
36.127665,-115.080238333
36.1309066667,-115.083781667
36.1194266667,-115.072655
36.1374416667,-115.077251667
36.1342333333,-115.08539
36.112669,-115.072724
36.10938,-115.069081667
36.105765,-115.066423333
36.1412016667,-115.08243
36.1374766667,-115.069258333
36.1253833333,-115.067853333
36.1297483333,-115.069395
36.1320483333,-115.080903333
36.1295166667,-115.07876
36.1270983333,-115.074598333
36.1251633333,-115.071943333
36.1333216667,-115.074271667
36.1315083333,-115.076958333
36.1345116667,-115.07752
36.1016983333,-115.063435
36.0957833333,-115.064113333
36.09278,-115.06268
36.092335,-115.058491667
36.0929316667,-115.053171667
36.09337,-115.04771
36.0927366667,-115.0407
36.09493,-115.038608333
36.098685,-115.039261667
36.1005483333,-115.04176
36.1008383333,-115.04666
36.1035183333,-115.050383333
36.107155,-115.051671667
36.10973,-115.052828333
36.118335,-115.062423333
36.1133283333,-115.06227
36.1073583333,-115.056218333
36.1115733333,-115.059383333
36.1088033333,-115.06237
36.1186483333,-115.067976667
36.114625,-115.067331667
36.111555,-115.065646667
36.0963216667,-115.042425
36.09546,-115.052383333
36.0959566667,-115.061316667
36.1001716667,-115.051106667
36.1015,-115.054931667
36.1051916667,-115.056718333
36.10408,-115.06116
36.0998033333,-115.060728333
36.0986283333,-115.057095
36.1197083333,-115.064605
36.0951616667,-115.057545
36.1375033333,-115.082696667
36.11611997341,-115.0670900122
26.7863616667,-80.0787333333
26.78457,-80.0652483333
26.7931366667,-80.0806283333
26.7927033333,-80.0706183333
26.790815,-80.0696016667
26.7858066667,-80.0676533333
26.79307,-80.06687
26.792773,-80.062263
26.7884433333,-80.062655
26.7854416667,-80.0548966667
26.7932216667,-80.0763166667
26.8073066667,-80.0678616667
26.807829,-80.075512
26.8070133333,-80.0642633333
26.7964766667,-80.0721483333
26.8056133333,-80.071425
26.79544,-80.0567916667
26.795665,-80.0587683333
26.8025433333,-80.0664583333
26.7952433333,-80.0663616667
26.7982333333,-80.0739383333
26.8018716667,-80.068745
26.8005733333,-80.07289
26.79877,-80.068735
26.7965283333,-80.06268
26.805175,-80.0645066667
26.80111,-80.0769333333
32.8798583333,-117.232618333
32.8826066667,-117.234626667
32.88334,-117.229771667
32.8882033333,-117.23771
32.8897666667,-117.24397
32.8757983333,-117.233963333
32.87744,-117.220098333
32.8726,-117.235233333
32.8861583333,-117.242865
32.8776816667,-117.239196667
32.873527,-117.225108
32.8794233333,-117.242976667
32.87204,-117.218901667
32.8811033333,-117.237616667
32.8885816667,-117.242303333
32.8831366667,-117.242646667
32.8691566667,-117.243058333
32.8742733333,-117.24321
32.874408,-117.224117
32.8758916667,-117.240435
32.882577,-117.222607
32.8721566667,-117.241148333
32.8760833333,-117.23759
32.874702,-117.218787
32.87307,-117.220715
32.8720883333,-117.224261667
32.87633,-117.227546667
32.87802,-117.222688333
32.8846783333,-117.240511667
32.8903466667,-117.240571667
32.8844333333,-117.232531667
32.8698233333,-117.251883333
32.8691183333,-117.250835
32.867875,-117.249718333
32.86652,-117.25379
32.866125,-117.25074
32.86432,-117.25353
32.8655183333,-117.249373333
32.870805,-117.247386667
32.8703016667,-117.2468
32.870285,-117.250458333
32.86942,-117.24749
32.871118,-117.251923
39.0518316667,-94.565345
39.0555816667,-94.55628
39.0590416667,-94.5749016667
39.037105,-94.5698883333
39.034405,-94.5698633333
39.06024,-94.5476133333
39.0457533333,-94.548365
39.0335733333,-94.5652266667
39.0427466667,-94.55203
39.035345,-94.5604366667
39.0701116667,-94.5622083333
39.0567166667,-94.5512083333
39.0598216667,-94.5580816667
39.0398566667,-94.553945
39.046835,-94.5673516667
39.0642883333,-94.5680783333
39.0645933333,-94.5587533333
39.05084,-94.5526933333
39.0498266667,-94.5473033333
39.0595816667,-94.5510366667
39.0702983333,-94.5699883333
39.047495,-94.55496
39.034655,-94.5545416667
39.0359433333,-94.5634016667
39.0665233333,-94.5495366667
39.05434,-94.573075
39.0394366667,-94.5724833333
39.06398,-94.5714766667
39.0607533333,-94.566875
39.0631983333,-94.5474866667
39.0592633333,-94.5629866667
39.0439566667,-94.5689016667
39.0399266667,-94.5660016667
39.0480283333,-94.5724166667
39.0624483333,-94.552995
39.0392283333,-94.5603366667
39.069845,-94.55768
39.0581533333,-94.5712266667
39.0552516667,-94.5469483333
39.0370383333,-94.5568733333
39.0509883333,-94.5585933333
39.0504083333,-94.5703516667
39.0429683333,-94.5576283333
39.055965,-94.5662633333
39.0702616667,-94.5532466667
39.0668916667,-94.553555
39.0668466667,-94.5702816667
39.064577,-94.564258
39.03552,-94.574475
39.0449916667,-94.56334
39.061745,-94.5562433333
39.034884,-94.554272
41.117005,-87.865805
41.1200066667,-87.8574
41.1232866667,-87.8613433333
41.1249866667,-87.8633983333
41.127813,-87.862141
41.1299033333,-87.8596633333
41.1277116667,-87.8565416667
41.12528,-87.8492633333
41.1283233333,-87.8511466667
41.1289683333,-87.8445683333
41.1184966667,-87.8434133333
41.11669,-87.846835
41.118575,-87.85175
41.1137283333,-87.8546516667
41.1178983333,-87.8618883333
41.1245033333,-87.8464033333
41.11973,-87.8626783333
30.3445466667,-81.6670483333
30.346175,-81.66313
30.34855,-81.6556716667
30.34645,-81.6584483333
30.354078,-81.653598
30.3558216667,-81.6656266667
30.3556433333,-81.659375
30.352165,-81.6671033333
30.3481816667,-81.6644433333
30.3528383333,-81.65771
30.350655,-81.66094
30.3615166667,-81.6556783333
30.3632416667,-81.6649316667
30.3597966667,-81.66135
30.35739,-81.6530433333
30.3570766667,-81.6579816667
30.3640833333,-81.66015
30.359988,-81.658208
30.364755,-81.667255
30.3625233333,-81.667335
30.3587133333,-81.6671666667
30.356925,-81.6636466667
30.34679,-81.6701916667
30.3513983333,-81.6724033333
30.3534416667,-81.69175
30.3556116667,-81.701985
30.353625,-81.70867
30.351265,-81.7040933333
30.35534,-81.70696
30.3562766667,-81.68641
30.35006,-81.6955233333
30.351655,-81.6998283333
30.34776,-81.69503
0,0
30.3498966667,-81.6907233333
30.353315,-81.6989316667
30.35466,-81.6812333333
30.3540633333,-81.670875
30.3559483333,-81.6757666667
30.35007,-81.6695166667
30.3452366667,-81.67514
30.349015,-81.6728983333
30.3434316667,-81.6710816667
30.3650533333,-81.6960966667
30.3425866667,-81.6772866667
30.35103,-81.6831883333
30.34489,-81.6803933333
30.3750316667,-81.6986683333
30.3460083333,-81.6917433333
30.3512216667,-81.6797883333
30.34819,-81.6792583333
30.353795,-81.6862066667
30.3662433333,-81.6720133333
30.3711683333,-81.6912666667
30.377,-81.70212
30.37459,-81.7106733333
30.3697816667,-81.7117066667
30.3594066667,-81.7091233333
30.358675,-81.69619
30.362875,-81.700505
30.36524,-81.69355
30.35808,-81.7067666667
30.3579883333,-81.7015383333
30.3692483333,-81.7063466667
30.3768166667,-81.7084216667
30.3703183333,-81.69894
30.3740766667,-81.6928366667
30.3756866667,-81.7055533333
30.367345,-81.7012333333
30.37092,-81.6867933333
30.3672533333,-81.6803883333
30.3597116667,-81.67635
30.3624166667,-81.6696783333
30.3576216667,-81.6715983333
30.3637466667,-81.6758116667
30.3593033333,-81.690465
30.365585,-81.6844816667
30.3641233333,-81.6788833333
30.3607783333,-81.6833533333
30.35743,-81.6784783333
30.3638366667,-81.7103233333
30.3659683333,-81.7057566667
30.3724316667,-81.7043983333
30.3630983333,-81.6934483333
30.357995,-81.6835283333
30.368435,-81.68836
30.36074,-81.6880566667
30.37206,-81.7019333333
30.37261,-81.708955
30.373275,-81.6950533333
30.360925,-81.7042616667
30.3559583333,-81.6975816667
30.36542,-81.676175
30.3474916667,-81.6616633333
30.3497,-81.658005
30.3534783333,-81.6631633333
30.344695,-81.67105
30.3470766667,-81.6640083333
30.3634033333,-81.68731
30.3681833333,-81.6958366667
30.3620033333,-81.706705
30.346015,-81.6877533333
30.345315,-81.68427
30.3433033333,-81.6834766667
30.3428883333,-81.682085
30.3428616667,-81.6815366667
30.34817,-81.686605
30.34418,-81.6836166667
30.3472633333,-81.6843216667
30.345005,-81.6849766667
30.3439866667,-81.6845533333
30.3413716667,-81.6832
30.343145,-81.69001
30.3384166667,-81.6847033333
30.3385516667,-81.6815916667
30.3409783333,-81.67979
30.3407,-81.6876583333
30.34314,-81.68655
35.6132,-88.82514
35.6119983333,-88.8146516667
35.6139616667,-88.8096933333
35.6161516667,-88.81746
35.614325,-88.8143366667
35.6177933333,-88.8204783333
35.617365,-88.8099916667
35.6147766667,-88.8294616667
35.6156783333,-88.83304
35.618285,-88.8311066667
35.6394533333,-88.8228733333
35.6377983333,-88.824525
35.6397916667,-88.8187483333
35.6377733333,-88.8167683333
35.63684,-88.79665
35.635355,-88.803525
35.6360333333,-88.795235
35.626905,-88.80759
35.6320116667,-88.7916733333
35.6299916667,-88.7923833333
35.6278283333,-88.796375
35.6221616667,-88.8028916667
35.6185083333,-88.7958233333
35.62415,-88.79613
35.6204333333,-88.7965266667
35.6162683333,-88.798935
35.6146666667,-88.8015183333
35.6126333333,-88.8042683333
35.6116783333,-88.8072216667
35.6271583333,-88.8270483333
35.6244666667,-88.8286533333
35.6219466667,-88.83048
35.6312133333,-88.8263916667
35.6345983333,-88.826255
35.6363,-88.8119233333
35.636331,-88.80757
35.6345783333,-88.7921666667
35.6314033333,-88.7962333333
35.6341633333,-88.800325
35.6315583333,-88.79973
35.62698,-88.8007366667
35.6236233333,-88.799385
35.6194583333,-88.800045
35.616345,-88.80547
35.62045,-88.826695
35.6224166667,-88.8244466667
35.6157966667,-88.8261783333
35.6261833333,-88.8237833333
35.6295383333,-88.8232666667
35.636145,-88.8215333333
35.6327266667,-88.8216766667
35.6343433333,-88.8162433333
35.632455,-88.80582
35.6332233333,-88.8113666667
35.6288716667,-88.80349
35.6195566667,-88.8048766667
35.61853,-88.8143666667
35.620125,-88.8245466667
35.6250216667,-88.8048433333
35.6312166667,-88.8084116667
35.6317666667,-88.8145983333
35.631685,-88.818975
35.6270116667,-88.8191766667
35.620745,-88.8198333333
35.62253,-88.8129933333
35.6227483333,-88.80773
35.6287266667,-88.814675
35.62508,-88.8117683333
35.625235,-88.8158633333
35.6210716667,-88.8098483333
35.6238983333,-88.817655
35.628665,-88.8100566667
35.6381633333,-88.82976
35.641645,-88.8265216667
35.6402333333,-88.8328416667
35.643745,-88.8354533333
35.6384366667,-88.8352116667
35.636422,-88.832358
35.6346583333,-88.8329583333
35.6339333333,-88.836865
35.6371083333,-88.839505
35.6355566667,-88.8447733333
35.6305666667,-88.8387183333
35.6328166667,-88.8443083333
35.6273166667,-88.8397666667
35.6320466667,-88.8355933333
35.6315333333,-88.829505
35.62801,-88.8334666667
35.6237933333,-88.8373216667
35.6242516667,-88.83205
35.6223983333,-88.835505
35.6345033333,-88.8282233333
35.6338566667,-88.8394966667
39.7687883333,-86.1370383333
39.7773866667,-86.1368216667
39.7779466667,-86.1318766667
39.7803116667,-86.1333783333
39.775415,-86.12189
39.7870133333,-86.1128383333
39.7823016667,-86.1123133333
39.77305,-86.0922283333
39.7861566667,-86.1324883333
39.7891866667,-86.1269116667
39.7820866667,-86.1278733333
39.7910633333,-86.1233066667
39.788905,-86.1186816667
39.7967583333,-86.1138466667
39.79302,-86.1109116667
39.79737,-86.1091616667
39.7858466667,-86.105425
39.7865616667,-86.101835
39.784385,-86.1099116667
39.7794066667,-86.1101733333
39.7792016667,-86.116855
39.7815333333,-86.1236216667
39.7793316667,-86.123265
39.7741783333,-86.12387
39.7733216667,-86.103195
39.767499,-86.122025
39.7667933333,-86.12546
39.7722733333,-86.0975233333
39.7781033333,-86.0989483333
39.769055,-86.1266016667
39.78242,-86.106855
39.7668883333,-86.1330616667
39.7652983333,-86.1297683333
39.7788516667,-86.10732
39.78469,-86.1295
39.7825966667,-86.13622
39.7812783333,-86.1009016667
39.7714916667,-86.1082766667
39.7747133333,-86.118025
39.786135,-86.1147033333
39.77078,-86.1366133333
39.781545,-86.117905
39.7695566667,-86.1012966667
39.7845533333,-86.1194683333
39.7925183333,-86.1163566667
39.79022,-86.1142866667
39.7928066667,-86.1075083333
39.7954016667,-86.1189816667
39.7879116667,-86.1081433333
39.7981033333,-86.10383
39.7951383333,-86.10127
39.788625,-86.1011416667
39.775275,-86.10133
39.77533,-86.1133683333
39.7721933333,-86.1127416667
39.7789283333,-86.1260183333
39.7726016667,-86.1312683333
39.769355,-86.1292266667
39.7725966667,-86.1221016667
39.7673533333,-86.1092083333
39.7708933333,-86.1315583333
39.7728433333,-86.1357283333
39.785765,-86.123545
39.769935,-86.111495
39.7955065,-86.099432
39.7712566667,-86.1223283333
39.7716283333,-86.1167383333
39.7888166667,-86.1216
39.7744066667,-86.1057833333
29.7030133333,-95.3719416667
29.70464,-95.364445
29.7030916667,-95.3586366667
29.7000083333,-95.3579966667
29.6964183333,-95.3596016667
29.69131,-95.36074
29.69526,-95.3510383333
29.6938416667,-95.3539233333
29.6945033333,-95.3467033333
29.6923266667,-95.34301
29.6896416667,-95.3418533333
29.6859516667,-95.342515
29.685627,-95.345259
29.6822833333,-95.356645
29.6839716667,-95.3618916667
29.6828583333,-95.3748
29.6817283333,-95.369185
29.6822416667,-95.3779133333
29.688745,-95.376251
29.698335,-95.372865
29.691625,-95.35025
29.6913783333,-95.3474616667
29.6882216667,-95.3465
29.6887466667,-95.3496583333
29.689895,-95.35471
29.6858633333,-95.3593616667
29.6877266667,-95.355935
29.69059,-95.357075
29.6858516667,-95.3670783333
29.6910033333,-95.3664833333
29.689798,-95.374243
29.68839,-95.368005
29.684986,-95.369619
29.6839516667,-95.37357
29.6856666667,-95.3763216667
29.6871966667,-95.3717566667
29.694785,-95.3719683333
29.69976,-95.36974
29.6995883333,-95.3623716667
29.6941333333,-95.3662933333
29.6972933333,-95.36698
29.695995,-95.3637783333
29.6777666667,-95.3771166667
29.6698916667,-95.3762
29.6686716667,-95.3723816667
29.6585566667,-95.3715666667
29.6571633333,-95.3803383333
29.6551866667,-95.3827466667
29.6763216667,-95.3798516667
29.64313,-95.3757883333
29.6469116667,-95.354495
29.6565216667,-95.3564966667
29.65793,-95.3549416667
29.6604983333,-95.3552883333
29.6631333333,-95.35513
29.665403,-95.354669
29.6700883333,-95.3552066667
29.6744566667,-95.3550566667
29.6770633333,-95.3532033333
29.6799083333,-95.3589316667
29.677985,-95.3696466667
29.6553583333,-95.3595716667
29.6675933333,-95.3642616667
29.672435,-95.3582916667
29.6501116667,-95.3778516667
29.6452033333,-95.3717233333
29.6534066667,-95.3680216667
29.6579433333,-95.3769266667
29.66215,-95.3692633333
29.6620066667,-95.3642316667
29.6420283333,-95.3671483333
29.6589916667,-95.3649633333
29.680215,-95.375465
29.6755583333,-95.372465
29.67448,-95.3703583333
29.66487,-95.3679016667
29.6756933333,-95.3687633333
29.6652766667,-95.360205
29.64468,-95.3623066667
29.6602316667,-95.358585
29.679235,-95.3636416667
29.6763316667,-95.3638383333
29.6767966667,-95.3586016667
29.672185,-95.374395
29.6552433333,-95.3719733333
29.654265,-95.3770883333
29.6511266667,-95.3734533333
29.6534566667,-95.3736283333
29.6498983333,-95.379945
29.652805,-95.37837
29.647995,-95.380185
29.64434,-95.3797616667
29.6489283333,-95.374395
29.6470133333,-95.3775416667
29.64521,-95.37526
29.648305,-95.37053
29.6472283333,-95.3683166667
29.66066,-95.3667466667
29.6732133333,-95.3624433333
29.6723416667,-95.37783
29.6991533333,-95.3775016667
29.6940816667,-95.3793033333
29.688574,-95.380499
29.6639683333,-95.3646683333
29.654925,-95.36467
29.6820266667,-95.36093
29.6939666667,-95.3707766667
29.811065,-95.46143
29.8282983333,-95.4535966667
29.8377516667,-95.4616533333
29.8825466667,-95.4606416667
29.863405,-95.475595
29.82745,-95.4821483333
29.8830016667,-95.4740016667
29.8287383333,-95.4689966667
29.841665,-95.4828766667
29.8436116667,-95.4794783333
29.82757,-95.4583
29.812215,-95.464876
29.8232283333,-95.488795
29.817235,-95.4844583333
29.8170933333,-95.46784
29.8112133333,-95.4454566667
29.8176483333,-95.4441733333
29.8337366667,-95.4520133333
29.8513466667,-95.4738083333
29.849538,-95.476502
29.8465016667,-95.4911916667
29.83607,-95.4928766667
29.8869,-95.4740933333
29.8584633333,-95.47999
29.853055,-95.4873183333
29.8685983333,-95.4687883333
29.8149433333,-95.4559933333
29.81421,-95.44823
29.8121133333,-95.4592866667
29.81679,-95.45029
29.81769,-95.4575466667
29.8258083333,-95.4586133333
29.8181033333,-95.464045
29.8196716667,-95.4616583333
29.8242966667,-95.4719816667
29.8222116667,-95.4771683333
29.81991,-95.4881533333
29.8171083333,-95.4786216667
29.8302716667,-95.4938016667
29.8321816667,-95.4875133333
29.83785,-95.4855183333
29.8261316667,-95.489255
29.8209183333,-95.4825733333
29.8251783333,-95.4777
29.824205,-95.4845633333
29.81945,-95.47526
29.8195983333,-95.4705133333
29.830395,-95.48326
29.82814,-95.48522
29.8430783333,-95.4625083333
29.830635,-95.4894866667
29.85795,-95.4726633333
29.8258833333,-95.49506
29.8284,-95.4912216667
29.8242633333,-95.48123
29.81437,-95.4416983333
29.8113183333,-95.4500266667
29.811175,-95.45795
29.8171533333,-95.4550616667
29.820465,-95.454645
29.821055,-95.4491233333
29.8229533333,-95.4594733333
29.822095,-95.4671433333
29.82747,-95.4654166667
29.82429,-95.4673716667
29.8258916667,-95.4714583333
29.83167,-95.457005
29.834335,-95.4603616667
29.8316866667,-95.462985
29.82718,-95.474565
29.8293033333,-95.4766283333
29.83166,-95.479345
29.83573,-95.4837266667
29.8239966667,-95.463115
29.8240516667,-95.4526933333
29.8332166667,-95.4690933333
29.831295,-95.47357
29.815605,-95.4594216667
29.834785,-95.4644016667
29.833845,-95.475425
29.8364033333,-95.4672116667
29.8356066667,-95.47215
29.835255,-95.47879
29.837775,-95.4798816667
29.83676,-95.475395
29.8390766667,-95.4763333333
29.8391883333,-95.4649366667
29.8422166667,-95.4671683333
29.8436216667,-95.4730616667
29.836075,-95.4892566667
29.84466,-95.484425
29.8494616667,-95.4842266667
29.8466416667,-95.4810233333
29.846265,-95.476985
29.849974,-95.480282
29.84593,-95.46967
29.8482216667,-95.46561
29.8492266667,-95.462495
29.854825,-95.4770783333
29.8600083333,-95.4688816667
29.8670383333,-95.4757866667
29.8718633333,-95.4780483333
29.8753166667,-95.4703533333
29.8802066667,-95.4760833333
29.865375,-95.4707333333
29.8737033333,-95.4728866667
29.88332,-95.477125
29.8810783333,-95.48132
29.8866016667,-95.4798933333
29.8859816667,-95.4682783333
29.880425,-95.4629033333
29.8817766667,-95.4673033333
29.87923,-95.4702616667
29.859961,-95.473548
29.8704733333,-95.4732533333
29.8867983333,-95.4606116667
29.8563466667,-95.4661866667
29.8535083333,-95.4687966667
29.8835883333,-95.481735
29.8751516667,-95.4779566667
29.8430533333,-95.4890833333
29.8488116667,-95.48867
29.8633616667,-95.4718383333
29.8772433333,-95.4736533333
29.872325,-95.46735
29.8485716667,-95.4699316667
29.8394283333,-95.4886666667
29.813895,-95.45053
29.86338638,-95.46761818
29.8131583333,-95.44526
29.829585,-95.500425
29.8269083333,-95.5017066667
29.824475,-95.5003033333
34.5086566667,-93.05198
34.51061,-93.0555
34.5115583333,-93.0515
34.5131033333,-93.04603
34.51513,-93.0367616667
34.5054566667,-93.048125
34.5018933333,-93.0464683333
34.50056,-93.0431466667
34.5007883333,-93.0389166667
34.5012366667,-93.03214
34.5053033333,-93.031685
34.509245,-93.0313583333
34.5056133333,-93.0369383333
34.515935,-93.0322283333
34.50992,-93.0478266667
34.5080833333,-93.034665
34.5040716667,-93.0427333333
34.5092116667,-93.0416533333
34.5030283333,-93.039145
34.5026766667,-93.0361866667
34.5120866667,-93.03877
34.507045,-93.0453616667
34.5126833333,-93.035045
34.5091816667,-93.037215
34.49492,-93.0838166667
34.4966716667,-93.0826583333
34.5004116667,-93.080285
34.5010933333,-93.0707183333
34.5015933333,-93.06721
34.4944666667,-93.0744166667
34.4941083333,-93.07851
34.491055,-93.0684483333
34.4897683333,-93.0586333333
34.4979783333,-93.0748566667
34.4977466667,-93.0706266667
34.496975,-93.0788683333
34.499825,-93.0836833333
34.49704,-93.0860166667
34.4948766667,-93.0682416667
34.5004116667,-93.0755733333
34.4919183333,-93.07387
34.4903116667,-93.063885
34.493035,-93.063545
34.498375,-93.0661833333
34.49748,-93.0613066667
34.492325,-93.0544516667
34.4951216667,-93.0570083333
34.4989016667,-93.05707
34.5009916667,-93.0634183333
34.4957033333,-93.0529566667
34.5045433333,-93.060015
34.5017933333,-93.06114
34.5029116667,-93.05638
34.4999616667,-93.0539783333
34.50341,-93.051155
34.498485,-93.049855
34.4938583333,-93.0509516667
34.493495,-93.04655
34.4923283333,-93.0420066667
34.4937333333,-93.0356516667
34.497415,-93.0459066667
34.49551,-93.0317933333
34.4970116667,-93.0288833333
34.4986183333,-93.0352316667
34.4982566667,-93.0383683333
34.4960166667,-93.0374916667
34.4960333333,-93.0427266667
34.4823116667,-93.0594666667
34.4832866667,-93.06391
34.479794,-93.063983
34.482015,-93.0683983333
34.4835983333,-93.073295
34.4877233333,-93.0746366667
34.4878033333,-93.077035
34.4895166667,-93.081445
34.48075,-93.0712566667
34.47755,-93.0687433333
34.475725,-93.06965
34.4943133333,-93.0916766667
34.49212,-93.087925
34.4919916667,-93.0830583333
34.4905066667,-93.078685
34.4878633333,-93.0705033333
34.4845231667,-93.0684283333
34.48705,-93.0621816667
34.4780616667,-93.06416
34.48019,-93.068335
34.4939683333,-93.0417666667
34.4851483333,-93.0593733333
34.4913816667,-93.0858266667
34.4765983333,-93.06059
34.5060016667,-93.0546333333
34.4796283333,-93.0601
34.4803516667,-93.0615
25.4631666667,-80.501355
25.47537,-80.4775616667
25.4631816667,-80.4975533333
25.4652216667,-80.4978733333
25.46428,-80.4938683333
25.4628266667,-80.4910883333
25.4625783333,-80.4828733333
25.462835,-80.4749816667
25.4625716667,-80.470285
25.4722233333,-80.4832033333
25.4709866667,-80.4791133333
25.4773933333,-80.469395
25.4750566667,-80.4609366667
25.47694,-80.462565
25.4735816667,-80.4682716667
25.474115,-80.47171
25.4718083333,-80.4738716667
25.4775833333,-80.4502216667
25.4814845,-80.4630185
25.4782,-80.477335
25.4699733333,-80.4942216667
25.4661866667,-80.489585
25.4684833333,-80.4903316667
25.4852883333,-80.477655
25.479105,-80.4581533333
25.484765,-80.4946466667
25.482675,-80.48815
25.48211,-80.4916533333
25.4779566667,-80.49331
25.46838,-80.4607816667
25.48026,-80.4897683333
25.479815,-80.4863566667
25.47718,-80.4841566667
25.475745,-80.487805
25.471625,-80.4896233333
25.46923,-80.485625
25.4705716667,-80.501495
25.4654716667,-80.501535
25.4703666667,-80.4706933333
25.46809,-80.49803
25.48516,-80.4847733333
25.481805,-80.4823866667
25.47029,-80.4630533333
25.464755,-80.4852833333
25.466325,-80.4808166667
25.4670533333,-80.4736433333
25.4746816667,-80.45614
25.48241,-80.4691233333
25.46631,-80.4689816667
25.4703616667,-80.4668466667
25.47302,-80.4604166667
25.4701433333,-80.458355
25.47447,-80.4528483333
25.4776583333,-80.4730333333
25.4826733333,-80.453365
25.4644,-80.4783933333
25.46312,-80.4874533333
25.4771666667,-80.48936
25.4771216667,-80.479375
25.473935,-80.4811
40.69563,-73.600005
40.6942416667,-73.6043166667
40.6979233333,-73.6022566667
40.6902816667,-73.6006866667
40.6930633333,-73.595655
40.696035,-73.6042483333
40.69831,-73.5976983333
40.689135,-73.598555
40.702465,-73.5959616667
40.7208216667,-73.60898
40.7208416667,-73.6135733333
40.719835,-73.6177283333
40.7185416667,-73.6238533333
40.716957,-73.629187
40.714145,-73.6328783333
40.7134633333,-73.635345
40.70954,-73.6332033333
40.7068683333,-73.6332783333
40.7022566667,-73.6324616667
40.69993,-73.6284816667
40.69634,-73.63236
40.691965,-73.6313016667
40.689865,-73.6284616667
40.6883683333,-73.62251
40.689245,-73.6174183333
40.6910866667,-73.6095733333
40.6943516667,-73.6074883333
40.6972433333,-73.6026683333
40.70154,-73.6034116667
40.7050383333,-73.60263
40.7098916667,-73.6034033333
40.71343,-73.6053816667
40.7137833333,-73.6066016667
40.7180283333,-73.608535
40.6941166667,-73.62681
40.70079,-73.6244166667
40.6928066667,-73.624805
40.6966416667,-73.6221783333
40.6914066667,-73.620205
40.6914616667,-73.6133066667
40.6964883333,-73.60851
40.702208,-73.606889
40.717425,-73.61217
40.7166533333,-73.61663
40.7155266667,-73.6225933333
40.7138466667,-73.6271666667
40.6943133333,-73.617465
40.7013966667,-73.619135
40.7076483333,-73.6275783333
40.7111616667,-73.6262066667
40.7138183333,-73.6151816667
40.70619,-73.6125433333
40.7061733333,-73.6204866667
40.7100183333,-73.6165016667
40.70841,-73.6225816667
40.7136233333,-73.6201566667
40.704435,-73.6168533333
40.6976866667,-73.6164683333
40.69468,-73.61207
40.6989733333,-73.6068433333
40.7040866667,-73.62807
40.688585,-73.6118483333
40.7036166667,-73.62144
40.70026,-73.6039916667
40.6857566667,-73.6107583333
40.68646,-73.6084516667
41.7668533333,-72.6942566667
41.744845,-72.6905333333
41.7431683333,-72.6835766667
41.79011,-72.67266
41.7589416667,-72.6889
41.786935,-72.673636
41.7884816667,-72.6833016667
41.775895,-72.6808666667
41.7663066667,-72.6784016667
41.7481666667,-72.6822816667
41.7787716667,-72.675925
41.7763016667,-72.689555
41.7906383333,-72.68756
41.7859516667,-72.68392
41.7705433333,-72.6795433333
41.7472316667,-72.6769116667
41.782265,-72.6930383333
41.7627983333,-72.6776733333
41.7868633333,-72.6706733333
41.76996,-72.6960233333
41.79308,-72.6773783333
41.7929933333,-72.6826
41.752305,-72.67508
41.768145,-72.6862166667
41.7900316667,-72.6784366667
41.7607533333,-72.6836216667
41.7542633333,-72.679585
41.7705916667,-72.6901283333
41.750925,-72.6865366667
41.7549733333,-72.6873216667
41.7807483333,-72.680015
41.7838833333,-72.6768966667
41.7737,-72.675645
41.7534183333,-72.6936316667
41.7823366667,-72.6714133333
41.7790166667,-72.6931966667
41.7516816667,-72.6887533333
41.7751483333,-72.6949683333
41.786605,-72.6900166667
41.746355,-72.6850616667
41.7576833333,-72.6785216667
41.7551927,-72.6763554
41.7481633333,-72.6806433333
41.7514183333,-72.67932
41.754585,-72.682095
41.7573916667,-72.68327
41.7781433333,-72.6848966667
41.7688616667,-72.6916516667
41.7834983333,-72.68349
41.7621816667,-72.684565
41.799435,-72.6615433333
41.7908033333,-72.6627583333
41.7879166667,-72.666525
41.77268,-72.6714066667
41.7623733333,-72.6681016667
41.7582616667,-72.6659783333
41.7546383333,-72.66156
41.75268,-72.66033
41.7497833333,-72.664515
41.7499783333,-72.6708516667
41.74903,-72.67208
41.7443616667,-72.6697066667
41.7415966667,-72.6695816667
41.7381733333,-72.6676966667
41.73314,-72.6700866667
41.7282416667,-72.6723883333
41.73085,-72.6749033333
41.7342916667,-72.6798983333
41.7340916667,-72.686735
41.7301066667,-72.6895716667
41.728055,-72.6919483333
41.7325233333,-72.7079
41.7295883333,-72.70579
41.7395716667,-72.7065016667
41.745785,-72.7071016667
41.7457283333,-72.6988883333
41.7564933333,-72.7075733333
41.7842366667,-72.709675
41.7919416667,-72.7081066667
41.796655,-72.709715
41.804325,-72.70489
41.803965,-72.6953933333
41.8001116667,-72.6945983333
41.7963183333,-72.6872316667
41.7961666667,-72.7011166667
41.7964433333,-72.69449
41.784925,-72.7033966667
41.7822883333,-72.697315
41.7801133333,-72.69992
41.7823433333,-72.703005
41.7732083333,-72.70083
41.765035,-72.7010666667
41.767605,-72.7024416667
41.76992,-72.7078466667
41.760195,-72.7039583333
41.79528,-72.6826666667
41.79786,-72.6703716667
41.7595833333,-72.6725183333
41.75491,-72.67066
41.7685883333,-72.6746683333
41.762145,-72.6736933333
41.7388516667,-72.6755683333
41.7659266667,-72.6689616667
41.7303366667,-72.6795533333
41.7269983333,-72.6816366667
41.7278266667,-72.6769333333
41.7653683333,-72.6740233333
41.736905,-72.6853083333
41.7266066667,-72.6971166667
41.7259166667,-72.7037866667
41.7249083333,-72.7102866667
41.7283583333,-72.7138383333
41.7317066667,-72.7151666667
41.7355133333,-72.7106766667
41.7361016667,-72.70612
41.73065,-72.7020066667
41.7355966667,-72.6951533333
41.7341083333,-72.6999366667
41.73881,-72.698615
41.7404071667,-72.6940223333
41.7377233333,-72.690625
41.742955,-72.7000516667
41.7490366667,-72.7032283333
41.7494466667,-72.6983283333
41.7525033333,-72.6995116667
41.75383,-72.70428
41.752615,-72.7099416667
41.7480833333,-72.7152666667
41.7534416667,-72.7146516667
41.756785,-72.7134883333
41.7657466667,-72.7150266667
41.7682433333,-72.7124216667
41.769195,-72.715205
41.7943433333,-72.6977
41.7729783333,-72.7156516667
41.7760916667,-72.71433
41.774805,-72.7059133333
41.7871783333,-72.7148766667
41.7834633333,-72.7146833333
41.78118,-72.7092833333
41.7786666667,-72.7150783333
41.7756216667,-72.7106016667
41.7551783333,-72.6971116667
41.7919883333,-72.6955933333
41.79156,-72.7024733333
41.80066,-72.700295
41.80665,-72.691485
41.8071283333,-72.6953183333
41.801885,-72.6904733333
41.8051683333,-72.6996166667
41.8062333333,-72.7057366667
41.799045,-72.7052233333
41.79988,-72.66563
41.7970266667,-72.662985
41.7946816667,-72.66814
41.7916333333,-72.669855
41.7769716667,-72.6725016667
41.7548383333,-72.6659016667
41.7430533333,-72.7080816667
41.74529,-72.6941583333
41.7735433333,-72.6986666667
41.7883778333,-72.6987673333
41.75711,-72.70254
41.73089,-72.6958166667
41.7638083333,-72.6709766667
41.76856,-72.6724583333
41.798995,-72.68084
41.7593133333,-72.6854616667
41.771595,-72.7104283333
41.7484183333,-72.712505
41.7273633333,-72.7097883333
41.7286766667,-72.67973
41.7870783333,-72.6790416667
41.739725,-72.6798016667
41.7413133333,-72.7019533333
41.77522,-72.68276
41.7768783333,-72.7036883333
41.76379,-72.6868183333
41.7984616667,-72.7100416667
41.7400633333,-72.6848616667
41.741935,-72.67241
41.763965,-72.7069766667
41.80867,-72.7131
41.7855166667,-72.6984766667
41.7583533333,-72.694005
41.748715,-72.69339
41.7815266667,-72.68693
29.9029183333,-95.3394816667
29.90299,-95.33512
29.9000866667,-95.3320233333
29.8987383333,-95.3275533333
29.9035083333,-95.3248983333
29.8982083333,-95.32112
29.8932433333,-95.3231866667
29.8918533333,-95.3303866667
29.8952166667,-95.3318216667
29.897135,-95.3288983333
29.89028,-95.3269983333
29.8913733333,-95.3206933333
29.88664,-95.32243
29.8865116667,-95.3312133333
29.88877,-95.330912
29.8846116667,-95.332945
29.8814883333,-95.330375
29.879195,-95.3292333333
29.8853483333,-95.3409566667
29.88763,-95.3417983333
29.8843016667,-95.3484433333
29.8870266667,-95.3477033333
29.8852516667,-95.351575
29.8875566667,-95.355495
29.8792883333,-95.35605
29.8850866667,-95.3605666667
29.881875,-95.3631866667
29.8852416667,-95.3672666667
29.8828216667,-95.36925
29.8783333333,-95.3681866667
29.8771016667,-95.3619816667
29.8763483333,-95.35506
29.8791783333,-95.3508333333
29.8720183333,-95.3495033333
29.8817333333,-95.3456466667
29.8796866667,-95.33944
29.87661,-95.33524
29.876345,-95.3273383333
29.8780066667,-95.3264716667
29.87487,-95.32634
29.8724533333,-95.32992
29.8715716667,-95.3282166667
29.8701266667,-95.3310933333
29.87424,-95.3337783333
29.8732633333,-95.3367783333
29.8750083333,-95.339945
29.87422,-95.3430216667
29.8748016667,-95.3459716667
29.8725716667,-95.347725
29.870575,-95.3508983333
29.8706166667,-95.3453866667
29.87784,-95.3557133333
29.8848266667,-95.3273666667
29.8986566667,-95.3238
29.8760616667,-95.349145
29.8858616667,-95.3198516667
29.8906583333,-95.317365
29.8949916667,-95.3176966667
29.9001366667,-95.34341
29.9006333333,-95.328285
29.901567,-95.325073
29.8917733333,-95.3314783333
29.8853416667,-95.32206
29.9019,-95.3316866667
29.8736,-95.3536883333
29.8777966667,-95.3241966667
29.8866633333,-95.33589
29.8816216667,-95.3499983333
29.9047616667,-95.3322233333
29.8897416667,-95.32032
29.9074333333,-95.3235566667
29.9016733333,-95.34809
29.9133883333,-95.3465716667
29.8764,-95.3447683333
29.915255,-95.3434633333
29.91274,-95.3482333333
29.9102583333,-95.3477416667
29.9060266667,-95.3484633333
29.9074966667,-95.3397233333
29.9115083333,-95.340125
29.9193433333,-95.3071633333
29.9358533333,-95.316595
29.9377616667,-95.31512
29.9348766667,-95.3113883333
29.9225533333,-95.3112633333
29.938475,-95.312299
29.93679,-95.30463
29.9362216667,-95.3027366667
29.93016,-95.3037216667
29.927045,-95.3073883333
29.92181,-95.3216566667
29.9307833333,-95.3208783333
29.9249833333,-95.3148066667
29.92139,-95.3145933333
29.919695,-95.3095666667
29.921555,-95.3055583333
29.9205983333,-95.3031733333
29.924465,-95.304495
29.9255816667,-95.3031566667
29.9246083333,-95.3083566667
29.9291216667,-95.3207366667
29.93413,-95.31554
29.92524,-95.3099383333
37.01984,-76.33153
37.0219033333,-76.33095
37.0228983333,-76.3336566667
37.024503,-76.334065
37.0253983333,-76.3362266667
37.02207,-76.335437
37.022085,-76.3410466667
37.020245,-76.339775
37.018145,-76.338505
37.0179433333,-76.3349766667
37.0190433333,-76.33298
37.016245,-76.337365
37.0155066667,-76.3327616667
37.016245,-76.3300466667
37.02009,-76.3443583333
37.02586,-76.3410983333
37.0223766667,-76.3384633333
37.020365,-76.3367766667
25.9907166667,-80.1501166667
25.99577,-80.1582233333
25.99479,-80.1622683333
25.9891983333,-80.1567933333
25.9783666667,-80.147505
25.9939933333,-80.1599033333
25.994885,-80.1488566667
25.9923983333,-80.1551533333
25.9851866667,-80.1564933333
25.9964166667,-80.14886
25.995965,-80.164975
25.9915983333,-80.1651316667
25.988205,-80.1647983333
25.9840233333,-80.1582483333
25.99535,-80.152775
25.984005,-80.1519716667
25.9935616667,-80.14987
25.9879866667,-80.1547016667
25.9869316667,-80.1628016667
25.98034,-80.164045
25.980665,-80.1607083333
25.981585,-80.15401
25.98882,-80.149575
25.9941516667,-80.164265
25.978325,-80.1443316667
25.9804216667,-80.14339
25.9747916667,-80.1424316667
25.9760783333,-80.1543066667
25.976985,-80.1422683333
25.9957133333,-80.1427933333
25.9849066667,-80.163725
25.984865,-80.1609783333
25.9855516667,-80.1539933333
25.9853866667,-80.148545
25.9763966667,-80.1602033333
25.97587,-80.1636233333
25.97465,-80.1580666667
25.9745933333,-80.1520166667
25.9753883333,-80.1455483333
25.9839516667,-80.14649
25.9870783333,-80.1464533333
25.9799416667,-80.1476633333
25.9791316667,-80.1541166667
25.9784666667,-80.15812
25.990465,-80.1461883333
25.9895683333,-80.1423383333
25.986215,-80.1447233333
25.9878416667,-80.1572383333
25.9917683333,-80.157935
25.9938016667,-80.142775
25.9747033333,-80.1545783333
25.9833666667,-80.1425916667
25.9910416667,-80.153235
25.9826233333,-80.16451
25.97398,-80.1650116667
25.97402,-80.1624
25.9771766667,-80.1654316667
25.975232,-80.148737
35.5966316667,-77.395425
35.5914566667,-77.3850033333
35.594045,-77.3843266667
35.5925866667,-77.3888383333
35.593955,-77.395745
35.5872616667,-77.3956683333
35.58568,-77.3888516667
35.595065,-77.3880416667
35.591635,-77.3934583333
35.5914116667,-77.3778433333
35.59762,-77.3763316667
35.5898316667,-77.3957416667
35.59178,-77.38073
35.59565,-77.3624766667
35.599067,-77.360653
35.5987766667,-77.38446
35.5982616667,-77.3864333333
35.6013083333,-77.3595283333
35.6029816667,-77.3932816667
35.6023516667,-77.3951883333
35.6108366667,-77.387635
35.6091283333,-77.3848383333
35.6143416667,-77.3906516667
35.612895,-77.39409
35.61303,-77.3846666667
35.614758,-77.377768
35.6118233333,-77.3702333333
35.6097383333,-77.3737433333
35.589075,-77.3885466667
35.61226,-77.3659266667
35.6114483333,-77.3759416667
35.603415,-77.3792583333
35.601395,-77.373744
35.605665,-77.38788
35.6011116667,-77.382125
35.6137666667,-77.3858783333
35.6155316667,-77.3863266667
35.614615,-77.38097
35.6105666667,-77.3800283333
35.6088366667,-77.38058
35.6059666667,-77.395375
35.6075583333,-77.3843916667
35.5993116667,-77.391565
35.5976883333,-77.3908516667
35.6020733333,-77.3973166667
35.6100366667,-77.3942783333
35.5898216667,-77.3926766667
35.587335,-77.3914616667
35.59848,-77.3963716667
35.6172483333,-77.397635
35.6153016667,-77.3942016667
35.5901166667,-77.367735
35.6139766667,-77.39656
35.6086133333,-77.3909116667
35.6044,-77.383075
35.6031583333,-77.3868666667
35.59447,-77.37308
35.5987433333,-77.3794883333
35.6111383333,-77.359165
35.6087933333,-77.3587516667
35.6114333333,-77.3637566667
35.6042566667,-77.3647016667
35.6035633333,-77.3724266667
35.6158416667,-77.3900033333
35.5955116667,-77.3790033333
35.6073716667,-77.3985666667
35.610135,-77.39662
35.5892783333,-77.3745733333
35.5929133333,-77.3717316667
35.5918483333,-77.3687033333
35.5949566667,-77.3694083333
35.5981983333,-77.3626566667
35.5996283333,-77.3708216667
35.604515,-77.369212
35.6040183333,-77.3615616667
35.6046833333,-77.366635
35.6082333333,-77.3715683333
35.60578,-77.376475
35.6038866667,-77.3750216667
35.6066783333,-77.3601233333
35.6105616667,-77.368785
35.6147916667,-77.368435
35.6133833333,-77.3740133333
35.6085233333,-77.363975
35.6053133333,-77.3716916667
35.6005816667,-77.3706133333
35.612875,-77.3711066667
35.5997016667,-77.365105
35.6089866667,-77.3616433333
35.6090283333,-77.3954483333
35.58764,-77.37317
35.595095,-77.3774983333
35.6042416667,-77.3888833333
35.5948116667,-77.3652666667
35.3940333333,-78.00466
35.3944383333,-77.99948
35.3923033333,-77.9946466667
35.3914083333,-78.0064183333
35.3858683333,-78.0033483333
35.39043,-77.9943033333
35.3859416667,-77.998395
35.3870133333,-77.9910333333
35.393185,-77.9888066667
35.389335,-77.987035
35.38985,-77.981795
35.3903816667,-77.97733
35.3867816667,-77.9797466667
35.38921,-77.9712583333
35.3868966667,-77.9689183333
35.38744,-77.9628183333
35.3843483333,-77.9637883333
35.3831516667,-77.9700316667
35.3777366667,-77.9645916667
35.380175,-77.9753083333
35.3805366667,-77.9716566667
35.3816766667,-77.978385
35.3825583333,-77.98349
35.380572,-78.004247
35.378375,-78.002005
35.3786983333,-77.9931416667
35.380845,-77.996955
35.3797933333,-77.985425
35.39124,-78.0028983333
35.3737283333,-77.9831
35.3752466667,-77.992645
35.3729783333,-77.9999016667
35.36992,-78.0002983333
35.3691716667,-77.9864866667
35.3685866667,-77.9817066667
35.3648,-77.986841
35.361865,-77.9932916667
35.3677616667,-77.9930566667
35.35899,-77.9907083333
35.3559,-77.9905933333
35.35619,-77.98298
35.3549966667,-77.9871116667
35.3830933333,-77.9926633333
35.35385,-77.98481
35.3513366667,-77.983355
35.38831,-78.00754
35.3817766667,-78.00092
33.5243416667,-112.202676667
33.5165533333,-112.202288333
33.5204783333,-112.1887
33.5244333333,-112.211676667
33.5160983333,-112.191841667
33.5292616667,-112.207021667
33.515735,-112.199025
33.5328333333,-112.209056667
33.5166933333,-112.186466667
33.5336733333,-112.212778333
33.5271816667,-112.212988333
33.5216066667,-112.195736667
33.5344966667,-112.209205
33.5213883333,-112.210026667
33.51873,-112.207673333
33.5383633333,-112.208831667
33.537535,-112.202985
33.5204866667,-112.202983333
33.53024,-112.203235
33.520265,-112.186236667
33.528825,-112.189493333
33.5364383333,-112.198356667
33.5264466667,-112.194958333
33.536625,-112.185883333
33.5253016667,-112.199285
33.5241583333,-112.189211667
33.5348733333,-112.19065
33.5384116667,-112.189605
33.5310433333,-112.186198333
33.538335,-112.193821667
33.5311316667,-112.19304
33.5329683333,-112.198685
33.52608,-112.186225
33.5188383333,-112.211776667
33.5200733333,-112.19284
33.515795,-112.206578333
33.5387516667,-112.199276667
33.534095,-112.193876667
33.5261866667,-112.207525
33.5346333333,-112.203503333
36.718685,-119.798866667
36.7198916667,-119.804851667
36.7159466667,-119.808963333
36.7145916667,-119.804053333
36.7081466667,-119.789681667
36.7086316667,-119.79972
36.706985,-119.795478333
36.7201766667,-119.810058333
36.71779,-119.791298333
36.7123733333,-119.789621667
36.725955,-119.789206667
36.7272083333,-119.802118333
36.7236566667,-119.805561667
36.7243166667,-119.79825
36.722535,-119.801055
36.7140066667,-119.793701667
36.7254766667,-119.794731667
36.7179483333,-119.794141667
36.71266,-119.799055
36.71044,-119.795431667
36.704175,-119.799971667
36.7092716667,-119.785213333
36.712905,-119.785228333
36.715635,-119.785155
36.718025,-119.786356667
36.71962,-119.789535
36.7156466667,-119.787728333
36.7104433333,-119.78869
36.71429,-119.790243333
36.701105,-119.799246667
36.6999766667,-119.797908333
36.702285,-119.79533
36.7064016667,-119.788216667
36.70407,-119.786331667
36.7025533333,-119.789416667
36.704155,-119.793893333
36.7033033333,-119.797656667
36.7058633333,-119.797631667
36.721245,-119.815571667
36.7216216667,-119.820775
36.7213733333,-119.826813333
36.7248783333,-119.82662
36.728785,-119.824518333
36.7327083333,-119.812376667
36.72786,-119.820036667
36.7264016667,-119.818543333
36.727415,-119.814526667
36.7297683333,-119.812388333
36.7327833333,-119.815356667
36.7353983333,-119.81745
36.7369683333,-119.81304
36.7351983333,-119.808338333
36.73186,-119.80134
36.73227,-119.807313333
36.72927,-119.802205
36.7345333333,-119.804198333
36.729385,-119.807863333
36.7265316667,-119.80541
36.7250316667,-119.82213
36.7235816667,-119.818163333
36.725475,-119.81397
36.72269,-119.811078333
36.7251783333,-119.810348333
36.7223133333,-119.824516667
36.73902,-119.813096667
36.7383383333,-119.80853
36.7365616667,-119.80619
36.736965,-119.81061
36.7176516667,-119.818028333
36.7141666667,-119.817998333
36.714295,-119.81326
36.7103783333,-119.80924
36.7104116667,-119.80671
36.7069483333,-119.806753333
36.7068966667,-119.81232
36.70691,-119.817873333
36.710165,-119.817813333
36.7103583333,-119.813378333
36.7087066667,-119.81107
36.7186333333,-119.813523333
36.7087466667,-119.815581667
36.7387016667,-119.764475
36.7441833333,-119.7644
36.7568733333,-119.763398333
36.7523883333,-119.763473333
36.7487016667,-119.763698333
36.741995,-119.753983333
36.7424166667,-119.750398333
36.7400183333,-119.750128333
36.73806,-119.75342
36.7359416667,-119.756411667
36.7323783333,-119.757301667
36.7314866667,-119.749326667
36.7278183333,-119.758283333
36.7262166667,-119.755173333
36.723555,-119.757343333
36.7246566667,-119.751373333
36.7254983333,-119.746416667
36.73328,-119.743315
36.735965,-119.747915
36.73853,-119.7461
36.7412633333,-119.745588333
36.74002,-119.740621667
36.7355216667,-119.741768333
36.7310216667,-119.740103333
36.7263716667,-119.740775
36.72646,-119.73368
36.7298383333,-119.734773333
36.734255,-119.735458333
36.7382483333,-119.734931667
36.7343183333,-119.728318333
36.7278166667,-119.728835
36.7293716667,-119.725236667
36.7362066667,-119.72562
36.73616,-119.717675
36.7328283333,-119.724696667
36.7296333333,-119.719096667
36.7335016667,-119.717261667
36.73479,-119.711763333
36.7285633333,-119.751543333
36.7416366667,-119.761588333
36.7529833333,-119.750508333
36.7439,-119.740546667
36.7451316667,-119.73635
36.7523066667,-119.73694
36.748725,-119.736956667
36.754065,-119.738773333
36.7540366667,-119.744053333
36.7540716667,-119.748638333
36.7540733333,-119.755175
36.75398,-119.759506667
36.751425,-119.759585
36.747785,-119.759903333
36.7449983333,-119.760803333
36.7500666667,-119.753861667
36.74873,-119.756818333
36.7431066667,-119.75772
36.7498283333,-119.73762
36.74506,-119.756846667
36.7458683333,-119.752206667
36.748735,-119.752378333
36.7459233333,-119.7486
36.74394,-119.74502
36.7481416667,-119.745578333
36.7469233333,-119.740396667
36.7495516667,-119.748598333
36.7510083333,-119.745811667
36.7501083333,-119.7418
36.7668683333,-119.773908333
36.7662616667,-119.769901667
36.7657633333,-119.764413333
36.7652316667,-119.759086667
36.7595266667,-119.769648333
36.7652983333,-119.754026667
36.7644333333,-119.750478333
36.7603766667,-119.749975
36.7568433333,-119.750886667
36.760895,-119.75693
36.7634616667,-119.769361667
36.7633166667,-119.774701667
36.76006,-119.772621667
36.76128,-119.766335
36.7631333333,-119.753436667
36.75637,-119.756655
36.7628233333,-119.761181667
36.7587483333,-119.753948333
36.7595583333,-119.761121667
36.7560283333,-119.760836667
36.84463,-119.790736667
36.8366616667,-119.790433333
36.8370233333,-119.795265
36.836535,-119.799116667
36.83758,-119.80193
36.844955,-119.801961667
36.8446833333,-119.797458333
36.844535,-119.79373
36.8395883333,-119.799546667
36.8430283333,-119.799518333
36.839335,-119.793296667
36.8416833333,-119.79753
36.8391933333,-119.796756667
36.8427966667,-119.793268333
36.8405766667,-119.79027
36.84174,-119.80188
36.7940966667,-119.774493333
36.793545,-119.778603333
36.7950133333,-119.772043333
36.7985316667,-119.771838333
36.8026083333,-119.772146667
36.80643,-119.772183333
36.8086833333,-119.77318
36.8087366667,-119.776028333
36.8057916667,-119.78406
36.802145,-119.78481
36.7984366667,-119.784776667
36.7962466667,-119.784635
36.79636,-119.776753333
36.7978233333,-119.781246667
36.8050633333,-119.77589
36.8052816667,-119.781181667
36.801385,-119.780671667
36.7999616667,-119.77654
36.80218,-119.776085
36.8088383333,-119.778771667
36.7939483333,-119.781698333
36.8084083333,-119.78266
36.7394933333,-119.786241667
36.7403333333,-119.78088
36.741865,-119.769843333
36.7387016667,-119.764475
36.7441833333,-119.7644
36.7468583333,-119.768175
36.7450816667,-119.771811667
36.7442583333,-119.77881
36.7438883333,-119.785155
36.742255,-119.789333333
36.7424783333,-119.794503333
36.744645,-119.795921667
36.7473683333,-119.799266667
36.7399216667,-119.79234
36.7417283333,-119.797355
36.7445333333,-119.801721667
36.74634,-119.805735
36.74941,-119.809918333
36.7521683333,-119.81425
36.756435,-119.81418
36.7566416667,-119.80921
36.75404,-119.809626667
36.7539683333,-119.805068333
36.757415,-119.804006667
36.7530166667,-119.799658333
36.7576283333,-119.793813333
36.75339,-119.794438333
36.7534733333,-119.788221667
36.7571783333,-119.788303333
36.7573416667,-119.78341
36.7540583333,-119.783661667
36.7556266667,-119.778498333
36.7576583333,-119.779855
36.7578583333,-119.774101667
36.7568716667,-119.771866667
36.755995,-119.766373333
36.75761,-119.767833333
36.7568733333,-119.763398333
36.7523883333,-119.763473333
36.7510033333,-119.767931667
36.7515566667,-119.773168333
36.7487016667,-119.763698333
36.7487083333,-119.774858333
36.7478183333,-119.777395
36.7472533333,-119.783141667
36.75151,-119.786208333
36.7474383333,-119.786106667
36.7456333333,-119.791735
36.7493516667,-119.792053333
36.7378066667,-119.787631667
36.7526116667,-119.778626667
36.750585,-119.798201667
36.7416366667,-119.761588333
36.7540733333,-119.755175
36.75398,-119.759506667
36.751425,-119.759585
36.747785,-119.759903333
36.7449983333,-119.760803333
36.74873,-119.756818333
36.7431066667,-119.75772
36.74506,-119.756846667
36.7576283333,-119.793813333
36.7571783333,-119.788303333
36.7573416667,-119.78341
36.7556266667,-119.778498333
36.7576583333,-119.779855
36.7578583333,-119.774101667
36.7626616667,-119.781231667
36.7646066667,-119.777763333
36.76752,-119.79788
36.7690083333,-119.793825
36.7696483333,-119.799518333
36.7632333333,-119.799523333
36.7641466667,-119.79472
36.76079,-119.79446
36.7596466667,-119.78927
36.7641083333,-119.789525
36.7604566667,-119.784243333
36.761905,-119.787648333
36.7668266667,-119.791246667
36.7692783333,-119.787175
36.7647083333,-119.784065
36.766855,-119.780713333
36.768565,-119.7839
36.77132,-119.791206667
36.7779233333,-119.791026667
36.787645,-119.786398333
36.7822466667,-119.795843333
36.7730716667,-119.799683333
36.77683,-119.799511667
36.7802916667,-119.799765
36.7840116667,-119.798941667
36.7876083333,-119.799025
36.7908816667,-119.799515
36.79395,-119.799481667
36.793745,-119.794431667
36.7929083333,-119.789253333
36.791435,-119.785093333
36.7898983333,-119.790236667
36.7913166667,-119.795521667
36.7864266667,-119.795326667
36.780685,-119.789326667
36.7713016667,-119.795675
36.7750483333,-119.79569
36.77902,-119.795131667
36.7830083333,-119.792836667
36.7885716667,-119.79513
36.7745183333,-119.791358333
36.7763933333,-119.786108333
36.7721966667,-119.785991667
36.7746066667,-119.788383333
36.7826183333,-119.785661667
36.7667333333,-119.79452
36.79309,-119.786095
36.7848866667,-119.787815
36.7861266667,-119.791815
36.761339,-119.778526
36.7748433333,-119.807908333
36.7937133333,-119.833021667
36.79276,-119.818008333
36.7903683333,-119.818168333
36.7933583333,-119.821815
36.7671366667,-119.805213333
36.7648916667,-119.806421667
36.7712333333,-119.808103333
36.7713816667,-119.803496667
36.77138,-119.810923333
36.76481,-119.810323333
36.765115,-119.81859
36.7646466667,-119.823483333
36.768335,-119.824345
36.7715566667,-119.82626
36.7734716667,-119.835128333
36.775005,-119.83114
36.77691,-119.835615
36.7805,-119.835616667
36.779355,-119.840113333
36.785325,-119.844095
36.7884033333,-119.844161667
36.79154,-119.837993333
36.7910333333,-119.841255
36.7938016667,-119.83681
36.7937333333,-119.829388333
36.7929383333,-119.82629
36.78792,-119.817971667
36.7847733333,-119.808793333
36.7822416667,-119.808576667
36.7786266667,-119.80855
36.786315,-119.826046667
36.7676383333,-119.808508333
36.7672333333,-119.813123333
36.76919,-119.81759
36.7671166667,-119.821433333
36.7706883333,-119.822205
36.7718166667,-119.816016667
36.774935,-119.813088333
36.7791516667,-119.81152
36.7848116667,-119.820486667
36.7832133333,-119.813065
36.7883266667,-119.822598333
36.7798416667,-119.815433333
36.789395,-119.82748
36.7909983333,-119.831475
36.7893033333,-119.835313333
36.787955,-119.839328333
36.7843883333,-119.839891667
36.7819533333,-119.837366667
36.7845983333,-119.836041667
36.7782833333,-119.830951667
36.7875916667,-119.83088
36.784685,-119.831053333
36.7825383333,-119.833771667
36.776025,-119.826021667
36.7739333333,-119.8228
36.7728866667,-119.819955
36.7756783333,-119.817725
36.7766366667,-119.822191667
36.7785366667,-119.820988333
36.7806783333,-119.830946667
36.7819983333,-119.827465
36.7778883333,-119.827771667
36.7803533333,-119.824241667
36.784735,-119.815381667
36.7812666667,-119.819776667
36.78307,-119.824121667
36.789615,-119.818538333
36.76752,-119.79788
36.7696483333,-119.799518333
36.7632333333,-119.799523333
36.7730716667,-119.799683333
36.7713016667,-119.795675
36.807195,-119.835446667
36.807995,-119.840136667
36.79364,-119.842465
36.808435,-119.845336667
36.801425,-119.841386667
36.8057083333,-119.841675
36.80512,-119.836925
36.8021833333,-119.836235
36.796065,-119.835245
36.7994066667,-119.834455
36.7997283333,-119.838458333
36.7969466667,-119.839825
36.8007116667,-119.84443
36.8044533333,-119.84398
36.7937816667,-119.845405
36.80563,-119.845413333
36.80349,-119.834888333
36.7964266667,-119.845313333
42.29576,-89.6293583333
42.29599,-89.6190916667
42.2985916667,-89.618945
42.2986283333,-89.6149516667
42.2973983333,-89.61226
42.2937766667,-89.6135533333
42.2952266667,-89.6060666667
42.2928066667,-89.6034816667
42.2922,-89.5996316667
42.2891516667,-89.6001733333
42.286215,-89.6056966667
42.2851333333,-89.61522
42.28558,-89.6234966667
42.28596,-89.62855
42.288435,-89.6281833333
42.290465,-89.631605
42.2905366667,-89.6267283333
42.2926283333,-89.6215683333
42.29136,-89.6172683333
42.288495,-89.6207983333
42.28734,-89.6101866667
42.2891683333,-89.6076083333
42.29158,-89.607555
42.284351,-89.631168
42.2969433333,-89.6231883333
42.2937116667,-89.631795
26.6178616667,-81.8589466667
26.6187083333,-81.8625416667
26.6192416667,-81.864355
26.61945,-81.8658
26.622052,-81.864219
26.6222433333,-81.8592333333
26.622025,-81.8617183333
26.61891,-81.857115
26.6225166667,-81.8548283333
26.63317,-81.8640416667
26.63423,-81.8378416667
26.6278683333,-81.8650233333
26.633418,-81.861027
26.63307,-81.8593866667
26.6306933333,-81.8557316667
26.6305533333,-81.8517383333
26.63361,-81.85185
26.6332066667,-81.8543683333
26.6247466667,-81.8565516667
26.626245,-81.8578583333
26.6276533333,-81.85956
26.6506516667,-81.8479516667
26.6482766667,-81.8317633333
26.625125,-81.863535
26.6339216667,-81.856585
26.631065,-81.8629833333
26.6297933333,-81.8549633333
26.631375,-81.8394833333
26.630415,-81.8345083333
26.632185,-81.8343483333
26.6337133333,-81.8348733333
26.63511,-81.8468066667
26.63639,-81.8478166667
26.6373183333,-81.8563116667
26.6355183333,-81.8609733333
26.641112,-81.848262
26.6458766667,-81.8457516667
26.6424483333,-81.846755
26.6407016667,-81.8415716667
26.6378716667,-81.8363283333
26.6406966667,-81.8381483333
26.64169,-81.8323566667
26.633764,-81.830206
26.630774,-81.84839
26.639225,-81.829317
26.6367266667,-81.833035
26.640634,-81.831369
26.6448933333,-81.83176
26.641995,-81.82923
26.6428916667,-81.8346433333
26.64761,-81.8333066667
26.6460316667,-81.836605
26.64307,-81.8520016667
26.6462216667,-81.8444066667
26.6413033333,-81.8538766667
26.6417816667,-81.8613883333
26.64075,-81.8579116667
26.64024,-81.85996
26.637325,-81.84609
26.6384216667,-81.8396366667
26.633285,-81.8423016667
26.6336,-81.8483583333
26.63052,-81.84237
26.6659833333,-81.8299966667
26.66703,-81.8278816667
26.622011,-81.865898
26.628879,-81.868195
26.6328233333,-81.8667466667
26.6467033333,-81.8614283333
26.6447833333,-81.86078
26.629313,-81.861284
26.6431383333,-81.8582716667
26.644975,-81.8582983333
26.6480183333,-81.8502616667
26.647989,-81.84821
26.648005,-81.839745
26.6408183333,-81.8514466667
26.647095,-81.8561
26.6444333333,-81.8509
26.6451816667,-81.8485483333
26.655306,-81.844731
26.6541683333,-81.8425666667
26.657867,-81.842175
26.6607516667,-81.841175
26.6542933333,-81.836015
26.663485,-81.83723
26.661805,-81.8378383333
26.6634033333,-81.8353416667
26.659025,-81.8279183333
26.6475766667,-81.8290533333
26.6450866667,-81.8284733333
26.6552,-81.8321166667
26.65459,-81.8303933333
26.6544283333,-81.82762
26.6605833333,-81.8276816667
26.6676266667,-81.8202633333
26.66392,-81.82608
26.665263,-81.825237
26.6612833333,-81.8349283333
26.655715,-81.8276183333
26.6597583333,-81.83497
26.6577133333,-81.837185
26.6519233333,-81.8374883333
26.6546916667,-81.8406333333
26.6609516667,-81.8325266667
26.6440733333,-81.8411416667
26.6271533333,-81.8436966667
26.6661366667,-81.825085
26.1287783333,-80.1779633333
26.1334116667,-80.1819383333
26.1344716667,-80.1754866667
26.138485,-80.1815133333
26.1223633333,-80.1781
26.1366533333,-80.1807166667
26.12146,-80.15878
26.12362,-80.14918
26.1253666667,-80.1435283333
26.1289216667,-80.1736866667
26.1203483333,-80.1603033333
26.13624,-80.174695
26.1328366667,-80.1741816667
26.1507016667,-80.1823166667
26.1550816667,-80.1635716667
26.158443,-80.159502
26.15879,-80.16215
26.1213966667,-80.1462166667
26.13424,-80.163915
26.1308116667,-80.16684
26.1293433333,-80.1587116667
26.1518816667,-80.1633
26.1315666667,-80.14415
26.1403083333,-80.1715366667
26.1510883333,-80.174245
26.13605,-80.1611416667
26.148335,-80.1709116667
26.13791,-80.144155
26.1418233333,-80.1529366667
26.1361433333,-80.15337
26.1295683333,-80.1533716667
26.13375,-80.1442083333
26.1515133333,-80.1546283333
26.132925,-80.15069
26.1229683333,-80.1436133333
26.1289766667,-80.1702066667
26.1370866667,-80.1715033333
26.1311666667,-80.1722833333
26.1424733333,-80.1715383333
26.1525816667,-80.170425
26.1513316667,-80.1580066667
26.1508316667,-80.1460283333
26.1496733333,-80.1501116667
26.1481083333,-80.14481
26.14458,-80.1443466667
26.142149,-80.14871
26.1412016667,-80.1442616667
26.1298533333,-80.1472483333
26.1273816667,-80.15047
26.1282466667,-80.1437816667
26.1222133333,-80.1662916667
26.1290266667,-80.1677583333
26.134175,-80.1684583333
26.1562116667,-80.1572533333
26.12936,-80.1636316667
26.1212083333,-80.15034
26.1369883333,-80.14883
26.133095,-80.1554566667
26.1257933333,-80.1445083333
26.1207033333,-80.142925
26.155985,-80.170185
26.1581733333,-80.1701866667
26.15721,-80.1686316667
35.0260233333,-90.8005233333
35.0260133333,-90.7938366667
35.0240733333,-90.7946683333
35.028835,-90.78882
35.021885,-90.7895016667
35.02468,-90.7863766667
35.0202233333,-90.7947866667
35.0232466667,-90.79982
35.0184633333,-90.7970516667
35.01711,-90.79294
35.0185966667,-90.7886083333
35.01983,-90.786745
35.01495,-90.7856066667
35.0137416667,-90.7900916667
35.011475,-90.7958733333
35.0149683333,-90.7997733333
35.0140316667,-90.8026933333
35.0118783333,-90.798305
35.00834,-90.802465
35.00796,-90.799585
35.00885,-90.79612
35.0077816667,-90.7885466667
35.0121683333,-90.78494
35.012242,-90.788817
35.00425,-90.79128
35.0049533333,-90.7956483333
35.00541,-90.785405
35.0055916667,-90.7994266667
34.9993916667,-90.7950233333
34.99936,-90.7900716667
35.001185,-90.7889016667
34.9952566667,-90.7846316667
34.9924916667,-90.7856466667
34.98992,-90.7819883333
34.99098,-90.77761
34.98727,-90.7808883333
34.9865016667,-90.77714
34.9880666667,-90.782
34.9829833333,-90.779605
35.0010433333,-90.78307
38.741095,-90.2747416667
38.741609,-90.264291
38.732835,-90.2715366667
38.73604,-90.26454
38.7356466667,-90.268335
38.7382466667,-90.2659633333
38.73334,-90.275945
38.7375,-90.27651
38.74086,-90.2792866667
38.744355,-90.2826166667
38.74155,-90.2846133333
38.739605,-90.28219
38.735175,-90.27804
38.7370583333,-90.287175
38.7387466667,-90.2904983333
38.74195,-90.29269
38.7435583333,-90.289955
38.7463616667,-90.2867416667
38.7460983333,-90.2920016667
38.7475366667,-90.295575
38.7469333333,-90.2996383333
38.7430016667,-90.2973833333
38.7439716667,-90.30212
38.7467766667,-90.3038733333
38.7469233333,-90.3098933333
38.7465083333,-90.3151233333
38.7441583333,-90.3180266667
38.7449016667,-90.3197716667
38.7398933333,-90.3190233333
38.735985,-90.31913
38.7326666667,-90.31891
38.7339333333,-90.3156
38.7325666667,-90.3127766667
38.7347083333,-90.30861
38.7368883333,-90.3128566667
38.74273,-90.312045
38.7427516667,-90.3068183333
38.740175,-90.308085
38.7419016667,-90.3031066667
38.7381116667,-90.30422
38.73499,-90.3045883333
38.733745,-90.2984983333
38.7364966667,-90.3010833333
38.7406183333,-90.2990833333
38.73807,-90.2960816667
38.73641,-90.2960116667
38.7342716667,-90.2898433333
38.7406233333,-90.314245
38.7389916667,-90.2959783333
38.7441966667,-90.2785133333
35.0729783333,-89.9685666667
35.0708416667,-89.976255
35.0696083333,-89.9759166667
35.06732,-89.97509
35.0700283333,-89.9687983333
35.0717566667,-89.967385
35.071085,-89.9696366667
35.0680383333,-89.967915
35.0678333333,-89.97009
35.0694566667,-89.972665
35.0730166667,-89.9714083333
35.0711983333,-89.9726533333
42.4044383333,-71.0377583333
42.406262,-71.033141
42.39997,-71.0400283333
42.40311,-71.0619283333
42.4125966667,-71.04494
42.4156266667,-71.0400683333
42.4169433333,-71.0426166667
42.41049,-71.0538733333
42.406693,-71.063799
42.4108316667,-71.0624133333
42.4144,-71.0636166667
42.4035433333,-71.0471516667
42.4089283333,-71.044905
42.4039516667,-71.0577483333
42.407233,-71.037771
42.412815,-71.0497116667
42.408944,-71.059773
42.4081383333,-71.0510133333
42.4094216667,-71.0398283333
42.4147733333,-71.0344016667
42.405485,-71.052155
37.4744516667,-122.130236667
37.4773283333,-122.14509
37.4767166667,-122.134553333
37.4745033333,-122.13703
37.472255,-122.140056667
37.47218,-122.133118333
37.4778,-122.1391
37.473365,-122.145556667
37.4640633333,-122.139396667
37.4661883333,-122.135241667
37.4693016667,-122.136276667
37.4679766667,-122.127765
37.4765283333,-122.15214
37.4651233333,-122.126598333
37.472125,-122.152006667
37.463955,-122.131646
37.4620133333,-122.134245
37.4609583333,-122.126618333
37.454109,-122.129065
37.474385,-122.134475
37.4669783333,-122.151178333
37.4760466667,-122.141411667
37.471295,-122.130675
37.467818,-122.152466
37.452775,-122.125496667
37.466765,-122.147541667
37.4613716667,-122.130938333
37.471115,-122.143823333
37.4581833333,-122.130926667
37.46035,-122.141993
37.4585666667,-122.135178333
37.45327,-122.129865
37.4541066667,-122.130908333
37.4546433333,-122.133615
37.4540966667,-122.135708333
37.4587,-122.142773333
37.4635866667,-122.14717
37.4647816667,-122.149738333
37.458565,-122.144866667
40.7481,-74.2065566667
40.7517866667,-74.227175
40.7520083333,-74.19817
40.7494816667,-74.19844
40.752735,-74.211579
40.7617,-74.2101466667
40.7602516667,-74.2038466667
40.7523533333,-74.2068983333
40.753549,-74.221959
40.7687816667,-74.206495
40.7633283333,-74.2027133333
40.7564383333,-74.2045733333
40.75455,-74.2227316667
40.76483,-74.21529
40.7571266667,-74.20044
40.761395,-74.2158233333
40.75582,-74.19839
40.7633616667,-74.1931016667
40.7639033333,-74.19851
40.7591133333,-74.2204466667
40.7695066667,-74.21435
40.755035,-74.2145116667
40.759974,-74.200276
40.75975,-74.1940366667
40.7559033333,-74.2011283333
40.7711183333,-74.210415
40.76156,-74.195425
40.7525,-74.2358483333
40.7588083333,-74.211315
41.64014,-87.483685
41.6377166667,-87.4869916667
41.6345083333,-87.486295
41.6333866667,-87.4818266667
41.631165,-87.4842216667
41.6287516667,-87.4896433333
41.629624,-87.480008
41.6249066667,-87.4882633333
41.621162,-87.48924
41.6262733333,-87.4818183333
41.6361683333,-87.4533633333
41.618805,-87.4822566667
41.6221933333,-87.4848683333
41.6211766667,-87.4769366667
41.6283266667,-87.4555733333
41.6244483333,-87.4538633333
41.6330416667,-87.4530316667
41.625099,-87.458444
41.621145,-87.4630283333
41.62492,-87.4641316667
41.6272,-87.468706
41.6299616667,-87.4744333333
41.63472,-87.448765
41.6384066667,-87.4433916667
41.636825,-87.4395416667
41.6376633333,-87.4335583333
41.6409833333,-87.43433
41.6511583333,-87.4450083333
41.645683,-87.456642
41.642255,-87.4570033333
41.6384233333,-87.4568266667
41.6388483333,-87.4510466667
41.649405,-87.44952
41.646851,-87.443441
41.6460683333,-87.4372583333
41.6443416667,-87.4524283333
41.6467216667,-87.4477666667
41.640815,-87.4385433333
41.642335,-87.4486266667
41.637365,-87.4802366667
41.63805,-87.4762833333
41.6289766667,-87.4612233333
41.6291133333,-87.4655066667
41.6237366667,-87.466335
41.6242316667,-87.4761916667
35.9789966667,-78.878545
35.9802266667,-78.8817966667
35.9828316667,-78.8849866667
35.9875866667,-78.8945166667
35.992075,-78.897325
35.9960483333,-78.8986166667
36.004975,-78.89148
36.0014633333,-78.8948116667
35.9933433333,-78.895895
35.9906783333,-78.8937566667
35.988015,-78.8872016667
35.9846533333,-78.8811416667
35.992085,-78.8864483333
35.9962833333,-78.8892233333
35.995025,-78.8842083333
36.0005883333,-78.8890166667
35.99478,-78.8810516667
36.001945,-78.8832183333
36.0039316667,-78.8843116667
36.0031983333,-78.8791916667
35.998895,-78.8802533333
35.998815,-78.8698733333
35.99528,-78.8692983333
35.9910716667,-78.874395
35.9896583333,-78.878925
35.9942566667,-78.8782683333
35.9850166667,-78.8773
35.98714,-78.8726333333
35.99276,-78.8708966667
35.9765733333,-78.8829416667
35.979665,-78.8920916667
35.986424,-78.896908
35.9882083333,-78.9015366667
35.9730933333,-78.8853133333
35.97282,-78.8880816667
35.9747966667,-78.8875583333
35.9759433333,-78.8977333333
35.9719516667,-78.8956416667
35.9768533333,-78.9000966667
35.9801633333,-78.8962266667
35.9875866667,-78.9069666667
35.979908765352,-78.873589936771
35.9942183333,-78.86463
35.9750466667,-78.8904633333
35.9921283333,-78.90052
35.992154,-78.894702
35.9805283333,-78.9001833333
35.983805,-78.8902733333
35.997545,-78.8855833333
35.975685,-78.9031066667
35.985255,-78.8912
36.0044933333,-78.87623
35.9684816667,-78.8908233333
35.97602,-78.884372
35.975257,-78.880736
35.9999316667,-78.89826
35.994705,-78.897942
35.984312,-78.898556
35.982207,-78.90268
35.995523,-78.895736
35.987953,-78.893207
35.993304,-78.892363
35.970542,-78.894445
42.42308,-82.97823
42.44508,-82.9817316667
42.4392333333,-82.9519533333
42.4386,-82.98396
42.434005,-82.9862366667
42.44914,-82.9551566667
42.4485483333,-82.9843166667
42.4471116667,-82.9669083333
42.4492033333,-82.9647283333
42.419952,-82.969956
42.44514,-82.9745166667
42.4417816667,-82.95972
42.4322766667,-82.9666183333
42.4373533333,-82.956865
42.4448816667,-82.9472366667
42.43322,-82.9812933333
42.4340783333,-82.9618766667
42.4292183333,-82.96178
42.4264883333,-82.9614083333
42.432786,-82.974107
42.428115,-82.9688983333
42.4417433333,-82.970985
42.441385,-82.984215
42.4490716667,-82.959855
42.4391916667,-82.97384
42.4457333333,-82.954705
42.424565,-82.98122
42.4493083333,-82.9476916667
42.4315283333,-82.9567166667
42.4459983333,-82.97946
42.4361716667,-82.9676383333
42.4347733333,-82.9549066667
42.4439366667,-82.9548883333
42.426335,-82.9739133333
42.4216483333,-82.96632
42.4454783333,-82.96233
42.4270333333,-82.9859916667
42.4445116667,-82.9667366667
42.4232116667,-82.9638566667
42.4288866667,-82.9782666667
42.4247783333,-82.9664183333
42.44881,-82.97232
42.4406883333,-82.9817983333
42.430315,-82.9860816667
42.4381483333,-82.96419
42.4343433333,-82.9479783333
42.4306883333,-82.9507083333
42.4259616667,-82.9543266667
42.4212516667,-82.9578283333
42.419,-82.9608033333
42.4215283333,-82.950685
42.4271883333,-82.9449483333
42.4303616667,-82.9453266667
42.4293633333,-82.9380166667
42.4236483333,-82.9382316667
42.4204166667,-82.9431133333
42.41761,-82.9484366667
42.4154416667,-82.9545
42.4144,-82.9445666667
42.4171383333,-82.9399
42.42063,-82.9336616667
42.4269533333,-82.92993
42.4228733333,-82.92872
42.4174516667,-82.9338183333
42.4133883333,-82.9398916667
42.4496533333,-82.9537333333
42.4466883333,-82.9500416667
42.450085,-82.9429666667
42.4473316667,-82.9438783333
42.4420183333,-82.9498716667
42.4240166667,-82.9700083333
42.423085,-82.945175
42.4260716667,-82.93355
42.4258666667,-82.9418083333
42.448,-82.99052
42.44481,-82.98789
42.44616,-82.99302
42.44283,-82.99142
42.4431,-82.98671
42.43927,-82.98897
42.4393,-82.99504
42.43581,-82.98646
42.43576,-82.9923
42.43202,-82.99099
42.42878,-82.9921
42.42613,-82.98956
42.42379,-82.99148
42.42578,-82.99563
42.42806,-82.99832
42.43203,-82.99591
42.4352,-82.99842
42.43903,-82.99989
42.44263,-82.99648
42.4441,-83.00155
42.44643,-82.99792
42.44823,-82.99848
42.44785,-83.0003
42.44784,-83.00522
42.4442,-83.00396
42.44081,-83.00377
42.44066,-83.00805
42.43924,-83.01033
42.43789,-83.00594
42.43553,-83.00232
42.43179,-82.99956
42.43167,-83.00568
42.42819,-83.00307
42.42431,-83.0017
42.42338,-82.99938
42.42157,-82.99627
42.42014,-83.0005
42.42118,-83.00521
42.42473,-83.00679
42.42072,-83.0089
42.41775,-83.00716
42.42806,-83.00939
42.43144,-83.0117
42.42782,-83.01286
42.43317,-83.01301
42.43529,-83.00887
42.43509,-83.01339
42.41766,-83.01144
42.41477,-83.00841
42.4147,-83.00208
42.41755,-83.00266
42.41755,-82.99633
42.41833,-82.99161
42.42104,-82.99117
42.42452,-82.98638
42.4212,-82.98363
42.42104,-82.98767
42.41493,-82.98911
42.41482,-82.99382
42.41507,-82.99835
42.41193,-82.99912
42.4123,-83.00366
42.40925,-83.00213
42.41172,-82.99516
42.40787,-82.99823
42.40833,-82.99291
42.41146,-82.99038
42.41359,-82.98481
42.41639,-82.98056
42.41921,-82.97925
42.42154,-82.97594
42.4179,-82.97476
42.41754,-82.96606
42.41538,-82.97294
42.41652,-82.97664
42.41346,-82.97858
42.41319,-82.98218
42.4104,-82.98701
42.40968,-82.983
42.40709,-82.98739
42.4048833333,-82.9934883333
42.4052466667,-82.9959416667
42.4022016667,-82.9919283333
42.40427,-82.9888033333
42.40678,-82.98455
42.4088,-82.97931
42.41191,-82.97708
42.41188,-82.97365
42.41385,-82.96793
42.41661,-82.96576
42.41464,-82.96241
42.41756,-82.95696
42.4133,-82.95883
42.41173,-82.9548
42.41472,-82.95009
42.41003,-82.951
42.4125,-82.94756
42.40819,-82.9556
42.40957,-82.9596
42.41135,-82.96344
42.41129,-82.9671
42.40962,-82.96959
42.40797,-82.97184
42.40899,-82.97493
42.40516,-82.97662
42.40582,-82.98025
42.40432,-82.98243
42.4027916667,-82.9842316667
42.3998716667,-82.987115
42.3984133333,-82.9890466667
42.4006466667,-82.9812566667
42.40297,-82.97845
42.40237,-82.97529
42.40407,-82.9721
42.4066,-82.96776
42.40426,-82.96883
42.40577,-82.96422
42.40762,-82.96348
42.4075,-82.95809
42.41283,-83.00728
42.40139,-83.00237
42.41957,-82.01349
42.41895,-83.01005
42.40328,-82.99522
42.43805,-83.01578
42.4334,-83.01814
42.42328,-83.0138
42.41772,-82.98406
42.42209,-83.2037633333
42.4294866667,-83.198575
42.4231366667,-83.197275
42.4368633333,-83.2404583333
42.4351866667,-83.2313466667
42.4322916667,-83.2378
42.4293816667,-83.2296633333
42.4263516667,-83.2397233333
42.42244,-83.2318083333
42.4216733333,-83.239575
42.4256116667,-83.2242333333
42.4309283333,-83.22059
42.4345166667,-83.223305
42.4382783333,-83.22574
42.43832,-83.2147766667
42.4330716667,-83.21077
42.42754,-83.2114883333
42.4237166667,-83.2168283333
42.4223266667,-83.21856
42.42295,-83.209395
42.4266366667,-83.203975
42.4331033333,-83.203305
42.438285,-83.2042816667
42.4349616667,-83.1977466667
42.4257,-83.27653
42.429,-83.27892
42.42864,-83.28711
42.4256933333,-83.229595
42.428035,-83.23443
42.4347233333,-83.2162366667
42.4366183333,-83.2087866667
42.4293266667,-83.2063883333
42.432035,-83.2139266667
42.4279516667,-83.2180666667
42.4217533333,-83.2250883333
42.4210083333,-83.2134433333
42.4317483333,-83.2255283333
42.4324533333,-83.2323233333
42.4384,-83.1989083333
42.4351516667,-83.2357433333
42.4246266667,-83.2354383333
42.4207033333,-83.2283683333
42.42869,-83.2240366667
42.4379833333,-83.2210116667
42.42862,-83.24083
42.43026,-83.24511
42.42692,-83.24639
42.43028,-83.24992
42.42644,-83.25269
42.42181,-83.24688
42.42517,-83.24301
42.41956,-83.24374
42.41967,-83.25114
42.42513,-83.25575
42.42237,-83.25549
42.41647,-83.25394
42.41864,-83.26031
42.41477,-83.25883
42.41288,-83.25628
42.4129,-83.25086
42.41599,-83.24722
42.41341,-83.24325
42.41612,-83.24015
42.41821,-83.23618
42.41388,-83.23683
42.41224,-83.26217
42.41691,-83.26577
42.41247,-83.26795
42.40866,-83.26493
42.41027,-83.26104
42.40848,-83.25466
42.40637,-83.25953
42.40464,-83.26451
42.40801,-83.26837
42.40479,-83.27246
42.40302,-83.26905
42.40093,-83.26317
42.40269,-83.25817
42.405,-83.25577
42.40139,-83.25338
42.40422,-83.24736
42.40335,-83.24277
42.40161,-83.23632
42.3991,-83.23148
42.39446,-83.2362
42.39034,-83.23454
42.38695,-83.23587
42.38727,-83.22979
42.38744,-83.22111
42.38687,-83.21212
42.38786,-83.20028
42.39203,-83.19965
42.39751,-83.20141
42.40056,-83.20011
42.40661,-83.2013
42.40949,-83.20454
42.40756,-83.2077
42.41099,-83.21081
42.41283,-83.20663
42.41327,-83.20056
42.41681,-83.20216
42.41833,-83.20697
42.41495,-83.21011
42.41464,-83.20351
42.40756,-83.27539
42.41124,-83.27812
42.408044,-83.279379
42.408565,-83.286484
42.41128,-83.286492
42.41105,-83.28211
42.41504,-83.28118
42.414186,-83.285292
42.41828,-83.286831
42.41998,-83.28279
42.41912,-83.27768
42.42422,-83.28518
42.42187,-83.28006
42.42733,-83.28284
42.42634,-83.287154
42.4224,-83.286951
42.407202,-83.283787
42.39672,-83.23234
42.39445,-83.22985
42.39262,-83.23235
42.39034,-83.23087
39.69707,-105.052011667
39.69866,-105.053153333
39.6967866667,-105.047218333
39.6966666667,-105.042518333
39.696725,-105.03668
39.6976283333,-105.031885
39.697,-105.02602
39.7012783333,-105.030445
39.70176,-105.035565
39.705465,-105.025573333
39.70042,-105.040928333
39.70098,-105.04694
39.7048933333,-105.047188333
39.71059,-105.025465
39.7144166667,-105.025656667
39.7150016667,-105.031098333
39.740115,-105.051216667
39.7193466667,-105.052693333
39.7189516667,-105.02563
39.72317,-105.025411667
39.7243583333,-105.052626667
39.7279033333,-105.053033333
39.7271883333,-105.029565
39.730795,-105.025673333
39.7309833333,-105.053591667
39.73279,-105.052446667
39.7348233333,-105.029841667
39.7336016667,-105.025316667
39.7381566667,-105.025983333
39.7398533333,-105.035525
39.7401033333,-105.046615
39.7408516667,-105.040878333
39.70794,-105.045841667
39.7116883333,-105.046628333
39.7047716667,-105.037045
39.7048266667,-105.029753333
39.71156,-105.0304
39.7073866667,-105.031956667
39.7150333333,-105.036236667
39.7118883333,-105.040748333
39.7178183333,-105.029101667
39.721885,-105.030116667
39.724535,-105.031135
39.7304366667,-105.027921667
39.733085,-105.040643333
39.7310816667,-105.032215
39.7362683333,-105.033823333
39.7366683333,-105.038038333
39.7367916667,-105.042681667
39.719825,-105.034883333
39.7307266667,-105.045826667
39.7331483333,-105.048821667
39.7367266667,-105.047561667
39.733035,-105.035803333
39.7275683333,-105.0334
39.72902,-105.038288333
39.7283183333,-105.04258
39.7237283333,-105.0363
39.7157866667,-105.042066667
39.719645,-105.041048333
39.72514,-105.039991667
39.72184,-105.046323333
39.7169016667,-105.047018333
39.7090566667,-105.048448333
39.7239983333,-105.044113333
39.7240866667,-105.048738333
39.740195,-105.02367
39.73645,-105.01821
39.735125,-105.024645
39.7341816667,-105.020385
39.73189,-105.01831
39.7323483333,-105.02319
39.7296783333,-105.018508333
39.726362,-105.016532
39.726705,-105.019375
39.728785,-105.024366667
39.7349966667,-105.05314
39.727735,-105.021091667
39.72627,-105.023963333
39.7010266667,-105.054131667
39.7146933333,-105.053903333
39.701625,-105.050453333
39.7041216667,-105.051411667
39.708615,-105.05245
39.71505,-105.048828333
39.7212283333,-105.049853333
39.7094466667,-105.040823333
39.7121733333,-105.02379
39.708205,-105.022616667
39.7399533333,-105.019751667
39.7211733333,-105.022945
39.7166916667,-105.02286
39.7028016667,-105.023825
39.6977733333,-105.02269
39.6948933333,-105.031085
39.6940166667,-105.039125
39.695707,-105.046145
39.7763233333,-104.831931667
39.7807016667,-104.840958333
39.7828833333,-104.844208333
39.7827983333,-104.846478333
39.78567,-104.845965
39.7853516667,-104.842473333
39.78006,-104.838101667
39.7827533333,-104.828518333
39.7841083333,-104.832118333
39.7861,-104.827
39.7831216667,-104.82361
39.7870016667,-104.821326667
39.7918,-104.823098333
39.7909133333,-104.833331667
39.7888466667,-104.829106667
39.7893316667,-104.84357
39.78889,-104.84747
39.7930283333,-104.846981667
39.7935616667,-104.841751667
39.7939033333,-104.835776667
39.794205,-104.831166667
39.79456,-104.822185
39.7920383333,-104.82035
39.79283,-104.815715
39.7949733333,-104.80945
39.7949366667,-104.813441667
39.7982216667,-104.815843333
39.7980766667,-104.827015
39.79805,-104.83058
39.79804,-104.833951667
39.798075,-104.838576667
39.7981583333,-104.844991667
39.79637,-104.84703
39.747125,-104.895961667
39.745848,-104.89464
39.7462866667,-104.898273333
39.7473466667,-104.901746667
39.7510966667,-104.902775
39.7483516667,-104.904745
39.745237,-104.903809
39.7414966667,-104.90342
39.733415,-104.90295
39.7420455,-104.891829667
39.733345,-104.898015
39.7329233333,-104.889483333
39.73338,-104.884318333
39.74196,-104.884786667
39.7448383333,-104.884698333
39.7474166667,-104.885191667
39.747885,-104.889925
39.7430533333,-104.888231667
39.7365583333,-104.901068333
39.7398183333,-104.900681667
39.7400433333,-104.889986667
39.7356533333,-104.88815
39.73731,-104.89649
39.7372116667,-104.891213333
39.739435,-104.88434
39.7437533333,-104.900041667
39.74299,-104.895086667
39.7456033333,-104.889238333
39.740225,-104.895355
39.73764,-104.90339
39.73294,-104.892923333
39.7694183333,-104.963718333
39.7544083333,-104.980668333
39.7616316667,-104.975508333
39.7694433333,-104.971258333
39.772105,-104.95143
39.7689133333,-104.949413333
39.7686333333,-104.958646667
39.7579216667,-104.956581667
39.75673,-104.967888333
39.7529183333,-104.973025
39.749775,-104.98229
39.7580416667,-104.976356667
39.7630466667,-104.969118333
39.762435,-104.982371667
39.7505633333,-104.9694
39.7706683333,-104.944895
39.7633583333,-104.95268
39.7652866667,-104.95567
39.7642616667,-104.971831667
39.7530916667,-104.967348333
39.7478366667,-104.974565
39.75048,-104.984851667
39.7729766667,-104.955895
39.7592016667,-104.986081667
39.7581766667,-104.98225
39.7581433333,-104.952375
39.7613083333,-104.958551667
39.76217,-104.978941667
39.7631966667,-104.94893
39.765777,-104.977798
39.7637766667,-104.94185
39.7679916667,-104.942213333
39.7719333333,-104.940945
39.7657716667,-104.947605
39.7675566667,-104.95247
39.753455,-104.976246667
39.756235,-104.98479
39.7550533333,-104.954878333
39.7556683333,-104.94873
39.75959,-104.946733333
39.7556416667,-104.943033333
39.7601833333,-104.94262
39.75658,-104.939491667
39.7565666667,-104.93401
39.7609933333,-104.936103333
39.7656183333,-104.937423333
39.7683433333,-104.931643333
39.7653516667,-104.931591667
39.760225,-104.930456667
39.758455,-104.923551667
39.7629466667,-104.925043333
39.7682866667,-104.925915
39.7701066667,-104.928135
39.770885,-104.922946667
39.7645733333,-104.922023333
39.7597716667,-104.918295
39.7638583333,-104.917728333
39.76638,-104.918478333
39.7698683333,-104.916598333
39.7684416667,-104.913501667
39.7638983333,-104.912758333
39.758375,-104.913401667
39.7643233333,-104.927628333
39.7519083333,-104.960946667
39.755815,-104.96083
39.7565616667,-104.927193333
39.7560483333,-104.990493333
39.7374483333,-104.981465
39.7379666667,-104.977153333
39.74056,-104.973476667
39.741805,-104.972971667
39.745405,-104.971815
39.7421433333,-104.987968333
39.7445733333,-104.985211667
39.7480383333,-104.990696667
39.7458516667,-104.989293333
39.7472566667,-104.984048333
39.7495733333,-104.988731667
39.7474316667,-104.993893333
39.7502916667,-104.995313333
39.7437533333,-104.981105
39.7524266667,-104.990958333
39.75503,-104.986668333
39.7542316667,-104.994936667
39.7442533333,-104.976265
39.77246,-104.969053333
39.7411116667,-104.981438333
39.740625,-104.978081667
39.7402066667,-104.986256667
39.7374166667,-104.972978333
39.7461566667,-104.9915
39.7550883333,-104.993996667
39.7570266667,-104.993698333
39.7508666667,-104.99452
39.7404366667,-104.976013333
39.7559883333,-104.995726667
39.7512733333,-104.994388333
39.7404516667,-104.98525
39.752925,-104.99853
39.7512666667,-104.997201667
39.7381466667,-104.971798333
39.7406766667,-104.970998333
39.7436183333,-104.972175
39.74278,-104.988991667
39.7444566667,-104.987163333
39.7449533333,-104.98928
39.7444483333,-104.99115
39.747205,-104.987793333
39.747145,-104.989825
39.7468433333,-104.991993333
39.7494733333,-104.988188333
39.746662,-104.993914
39.74948,-104.990393333
39.7491366667,-104.992521667
39.7490016667,-104.994573333
39.7517766667,-104.990763333
39.751213,-104.992909
39.7510516667,-104.995148333
39.750935,-104.996891667
39.7536933333,-104.993263333
39.7535,-104.995683333
39.7529933333,-104.997548333
39.7397466667,-104.975761667
39.7544083333,-104.980668333
39.7529183333,-104.973025
39.749775,-104.98229
39.762435,-104.982371667
39.7505633333,-104.9694
39.7478366667,-104.974565
39.75048,-104.984851667
39.7592016667,-104.986081667
39.7581766667,-104.98225
39.753455,-104.976246667
39.756235,-104.98479
39.7560483333,-104.990493333
39.7589883333,-104.997538333
39.7556816667,-105.000195
39.74756,-105.00397
39.7441216667,-105.001048333
39.7416066667,-105.001226667
39.7381316667,-104.997586667
39.7378616667,-104.992665
39.73718,-104.986716667
39.7374483333,-104.981465
39.7379666667,-104.977153333
39.74056,-104.973476667
39.741805,-104.972971667
39.745405,-104.971815
39.7421433333,-104.987968333
39.7445733333,-104.985211667
39.7480383333,-104.990696667
39.7458516667,-104.989293333
39.7472566667,-104.984048333
39.7495733333,-104.988731667
39.7474316667,-104.993893333
39.7502916667,-104.995313333
39.74905,-104.99812
39.74352,-104.996995
39.7437533333,-104.981105
39.7462866667,-104.996763333
39.7524266667,-104.990958333
39.75503,-104.986668333
39.7542316667,-104.994936667
39.7506116667,-105.003176667
39.7442533333,-104.976265
39.7411116667,-104.981438333
39.740625,-104.978081667
39.7402066667,-104.986256667
39.7518233333,-104.998781667
39.7418783333,-104.996051667
39.73548,-104.99383
39.734585,-104.985773333
39.7348733333,-104.980428333
39.7374166667,-104.972978333
39.7461566667,-104.9915
39.7550883333,-104.993996667
39.7570266667,-104.993698333
39.7409983333,-104.990131667
39.7508666667,-104.99452
39.7404366667,-104.976013333
39.7389516667,-104.991116667
39.7559883333,-104.995726667
39.7512733333,-104.994388333
39.7404516667,-104.98525
39.7499783333,-104.999081667
39.752925,-104.99853
39.7512666667,-104.997201667
39.7381466667,-104.971798333
39.7406766667,-104.970998333
39.7436183333,-104.972175
39.7405033333,-104.991116667
39.74278,-104.988991667
39.742115,-104.990746667
39.7444566667,-104.987163333
39.7419883333,-104.992686667
39.7449533333,-104.98928
39.7444483333,-104.99115
39.747205,-104.987793333
39.744262,-104.993542
39.747145,-104.989825
39.7442016667,-104.99594
39.7468433333,-104.991993333
39.7494733333,-104.988188333
39.746662,-104.993914
39.74948,-104.990393333
39.746345,-104.995916667
39.7491366667,-104.992521667
39.746125,-104.998108333
39.7490016667,-104.994573333
39.7517766667,-104.990763333
39.748562,-104.996636
39.751213,-104.992909
39.7484216667,-104.99868
39.7510516667,-104.995148333
39.74815,-105.000721667
39.750935,-104.996891667
39.7536933333,-104.993263333
39.7503133333,-104.999103333
39.7535,-104.995683333
39.75014,-105.001361667
39.7529933333,-104.997548333
39.7521016667,-105.00103
39.75015,-105.003045
39.7397466667,-104.975761667
39.7468683333,-104.963445
39.74079,-105.007068333
39.742755,-104.965445
39.74453,-104.968491667
39.7407266667,-104.968805
39.739305,-104.999895
39.736695,-104.966553333
39.7386116667,-104.966308333
39.737805,-105.001633333
39.736345,-104.971821667
39.738344,-105.005366
39.73438,-105.001221667
39.7347016667,-104.976438333
39.7341516667,-104.983435
39.7304333333,-104.981036667
39.732,-104.97877
39.7296566667,-104.975365
39.732045,-104.974048333
39.733774,-104.97176
39.72814,-104.970696667
39.7346283333,-105.004348333
39.7265,-104.97521
39.727702,-104.977505
39.7307316667,-104.986588333
39.7286533333,-104.98603
39.725205,-104.982358333
39.728225,-104.990993333
39.7259516667,-104.98814
39.7321083333,-104.991635
39.7313316667,-104.995656667
39.73479,-104.990405
39.7304883333,-104.992996667
39.7364233333,-104.99744
39.7251383333,-104.994015
39.7281866667,-104.995763333
39.7266083333,-104.99848
39.7268266667,-105.002145
39.73088,-105.002788333
39.7290333333,-105.004191667
39.732675,-105.005521667
39.729175,-105.000613333
39.7314216667,-104.9986
39.7340733333,-104.996523333
39.7541116667,-105.00642
39.759113,-105.002833
39.760527,-104.997073
39.76185,-104.991198333
39.762955,-104.98813
39.766863,-104.983141
39.7689216667,-104.986615
39.76491,-104.996211667
39.760842,-104.991274
39.766813,-104.993307
39.7613233333,-104.987651667
39.764663,-104.98599
39.7649933333,-104.991043333
39.7691883333,-104.987786667
39.75243,-104.987943
39.7461216667,-104.98224
39.7470366667,-104.969681667
39.7999983333,-84.2180983333
39.7954633333,-84.2184066667
39.7926333333,-84.2145266667
39.793535,-84.2246283333
39.7907233333,-84.22527
39.7903266667,-84.228935
39.78347,-84.232985
39.782375,-84.2256166667
39.7762166667,-84.2272983333
39.7747666667,-84.2170116667
39.77167,-84.222655
39.7722783333,-84.229395
39.768555,-84.2264616667
39.76818,-84.2299216667
39.7653416667,-84.2232533333
39.7616083333,-84.2258533333
39.7611716667,-84.2185866667
39.7654933333,-84.2169516667
39.7655766667,-84.2109533333
39.764425,-84.2061366667
39.760355,-84.2092133333
39.7691083333,-84.2138616667
39.768285,-84.2185366667
39.771015,-84.2160633333
39.7729483333,-84.2102033333
39.7744966667,-84.2048333333
39.77709,-84.2076483333
39.7770883333,-84.2145616667
39.779815,-84.217006
39.7809166667,-84.2115116667
39.780302,-84.20694
39.7798566667,-84.202235
39.7845283333,-84.2104983333
39.7830466667,-84.2139516667
39.7832566667,-84.2211716667
39.7847216667,-84.2174216667
39.78602,-84.2134683333
39.78768,-84.2073716667
39.7905566667,-84.2120783333
39.7930483333,-84.2068033333
39.7950666667,-84.2112433333
39.7992383333,-84.211525
39.8000783333,-84.21375
39.77415,-84.2020366667
39.7772466667,-84.2031683333
39.7868166667,-84.21736
39.787475,-84.219775
39.7927383333,-84.2085966667
39.791735,-84.229325
39.789335,-84.233077
39.7903083333,-84.2072933333
39.758125,-84.2141916667
39.791075,-84.2207216667
39.7624466667,-84.2127016667
39.778655,-84.2203133333
39.789705,-84.2178216667
39.7857033333,-84.2279216667
39.7887616667,-84.2300833333
39.79774,-84.2153633333
39.7952116667,-84.21492
39.79773,-84.2078516667
39.79676,-84.211085
39.7958766667,-84.2072366667
39.7835283333,-84.2019616667
39.78344,-84.206205
39.774845,-84.2225466667
39.7653883333,-84.227605
41.7537116667,-87.6239133333
41.7761983333,-87.6356333333
41.7946533333,-87.6404666667
41.793975,-87.6377933333
41.7942683333,-87.62867
41.7908733333,-87.6301916667
41.7917783333,-87.63419
41.79092,-87.6422416667
41.7875316667,-87.64132
41.78732,-87.6299183333
41.7837566667,-87.6300233333
41.785275,-87.6354433333
41.7848233333,-87.6428033333
41.7815916667,-87.6376083333
41.780035,-87.6293866667
41.778372,-87.63535
41.7606483333,-87.624475
41.7747783333,-87.6315316667
41.7762083333,-87.6394466667
41.772505,-87.6408133333
41.7725866667,-87.6267016667
41.76789,-87.6272233333
41.7688,-87.6304366667
41.7656866667,-87.627225
41.7688783333,-87.6373216667
41.7650983333,-87.6379166667
41.76272,-87.6374516667
41.7610666667,-87.631455
41.7577983333,-87.6310033333
41.7598366667,-87.6387566667
41.7714166667,-87.6347916667
41.7731,-87.6370883333
41.7654466667,-87.641345
41.75977,-87.634475
41.7849416667,-87.6377833333
41.782825,-87.6427533333
41.7819816667,-87.6343566667
41.7968566667,-87.6342216667
41.7979283333,-87.6430316667
41.8013616667,-87.638735
41.80378,-87.63385
41.805425,-87.6368866667
41.8052366667,-87.6454083333
41.8074016667,-87.6407966667
41.8093416667,-87.6297516667
41.8012616667,-87.6299566667
41.8021633333,-87.6416633333
41.8282366667,-87.6418066667
41.8240216667,-87.6387583333
41.8243066667,-87.63353
41.830705,-87.6331216667
41.830915,-87.6386
41.83593,-87.6407883333
41.8347216667,-87.635145
41.83861,-87.6404433333
41.8397,-87.6360366667
41.8416933333,-87.641375
41.8449966667,-87.6304983333
41.8411316667,-87.6286166667
41.8377866667,-87.629085
41.8348383333,-87.629385
41.8314116667,-87.62752
41.8087883333,-87.6429916667
41.8086516667,-87.6352383333
41.8112583333,-87.6382333333
41.813535,-87.640975
41.8163766667,-87.6409483333
41.8205383333,-87.6315783333
41.8206733333,-87.6388283333
41.8190516667,-87.6433283333
41.823975,-87.6261
41.8133366667,-87.62826
41.837795,-87.6273383333
41.8350033333,-87.62761
41.8382383333,-87.6232683333
41.8400283333,-87.6182416667
41.835932,-87.618486
41.83223,-87.6176766667
41.8349633333,-87.6240133333
41.833228,-87.629302
41.830745,-87.6316583333
41.836975,-87.6239283333
41.83033,-87.6237633333
41.83102,-87.6192583333
41.8274983333,-87.6169666667
41.8274316667,-87.6224383333
41.8289483333,-87.6240733333
41.8249366667,-87.6235533333
41.824085,-87.6197016667
41.822435,-87.61822
41.8201766667,-87.624095
41.8184583333,-87.618955
41.8168266667,-87.6163
41.813125,-87.6220466667
41.8106816667,-87.6201533333
41.8195433333,-87.6270666667
41.809505,-87.6163816667
41.807825,-87.6159666667
41.80912,-87.6222433333
41.8069516667,-87.6177266667
41.8072533333,-87.6222483333
41.8051733333,-87.624825
41.7989733333,-87.6250916667
41.7943316667,-87.6207183333
41.789845,-87.6262633333
41.8059683333,-87.6191466667
41.8035883333,-87.6214383333
41.8049666667,-87.6173466667
41.8019616667,-87.6207516667
41.79833,-87.6201566667
41.7944133333,-87.6173166667
41.7871633333,-87.6263916667
41.7892183333,-87.6166516667
41.7939033333,-87.6248466667
41.797305,-87.6165033333
41.8009683333,-87.6204133333
41.78578,-87.6258533333
41.7848266667,-87.6297083333
41.7831416667,-87.6259716667
41.7798283333,-87.6300833333
41.7776166667,-87.6250783333
41.7748383333,-87.6161983333
41.77339,-87.61411
41.7842083333,-87.62135
41.7875383333,-87.6237316667
41.7804,-87.6240866667
41.7740083333,-87.62388
41.7724633333,-87.624415
41.7718983333,-87.6243466667
41.7727333333,-87.6207366667
41.7681916667,-87.6197516667
41.7675316667,-87.6236533333
41.7637833333,-87.6224566667
41.7652583333,-87.6264816667
41.7644483333,-87.61748
41.7653033333,-87.619445
41.7694066667,-87.61805
41.7710466667,-87.6185583333
41.7676633333,-87.61743
41.76028,-87.6121616667
41.7565906667,-87.6119346667
41.7565366667,-87.6175516667
41.7620866667,-87.6242516667
41.756595,-87.62254
41.762145,-87.616275
41.7787933333,-87.629875
41.7216916667,-87.6320233333
41.7213666667,-87.6353266667
41.719735,-87.6317083333
41.7188033333,-87.6345783333
41.7162716667,-87.6303933333
41.71611,-87.634475
41.71423,-87.629055
41.7149166667,-87.6260983333
41.71814,-87.6267933333
41.7218116667,-87.6275916667
41.7223533333,-87.625185
41.7174266667,-87.621705
41.7201516667,-87.6159933333
41.71644,-87.6182766667
41.71475,-87.6202616667
41.7145333333,-87.6158016667
41.718265,-87.6146416667
41.7584933333,-87.626925
41.7574166667,-87.6323083333
41.7357066667,-87.63257
41.7371066667,-87.6370483333
41.734355,-87.6318233333
41.72943,-87.6329766667
41.7254033333,-87.63295
41.7216966667,-87.632855
41.7289316667,-87.628995
41.72608,-87.6303666667
41.7227216667,-87.6301133333
41.7261016667,-87.6257183333
41.7543816667,-87.6398966667
41.7508233333,-87.6258616667
41.745705,-87.6345866667
41.748665,-87.6352733333
41.747085,-87.6391683333
41.7464816667,-87.6277216667
41.7440216667,-87.6286466667
41.7470633333,-87.6310166667
41.7522383333,-87.6302616667
41.7418816667,-87.6267333333
41.743465,-87.6316683333
41.7290566667,-87.6264316667
41.7506866667,-87.6339616667
41.7363866667,-87.62955
41.7386883333,-87.6265416667
41.7219266667,-87.6220466667
41.7215483333,-87.617475
41.72213,-87.6144933333
41.7254083333,-87.6143333333
41.72532,-87.6199033333
41.724245,-87.6233233333
41.7273333333,-87.6185916667
41.72933,-87.6149166667
41.73245,-87.6146066667
41.7367966667,-87.613365
41.73897,-87.62005
41.7345233333,-87.618605
41.7456766667,-87.62037
41.7302766667,-87.6112533333
41.7323666667,-87.6189183333
41.7364383333,-87.6240316667
41.741925,-87.6149816667
41.740195,-87.62344
41.7449,-87.6239666667
41.7582033333,-87.6206466667
41.7578033333,-87.62454
41.75198,-87.6174683333
41.753722,-87.62392
41.75349,-87.6130883333
41.7514733333,-87.613625
41.7546466667,-87.617495
41.7555766667,-87.6152033333
41.73908,-87.6240433333
41.7601883333,-87.6224483333
41.7587666667,-87.6166533333
41.7601883333,-87.61335
41.75817,-87.6142083333
39.9804033333,-82.9806133333
39.981735,-82.9790466667
39.982725,-82.9711883333
39.9816416667,-82.966615
39.9790066667,-82.9559033333
39.9755783333,-82.9560166667
39.9760266667,-82.9651716667
39.976235,-82.9687016667
39.9763633333,-82.9719166667
39.9751716667,-82.98012
39.9731416667,-82.9746666667
39.971645,-82.9701366667
39.96916,-82.968035
39.9738,-82.9614533333
39.9674783333,-82.961355
39.9659166667,-82.9639266667
39.9637133333,-82.9622633333
39.960885,-82.9631716667
39.959445,-82.9541883333
39.96202,-82.94762
39.9647,-82.95134
39.9699666667,-82.9564983333
39.9699766667,-82.9531733333
39.9693516667,-82.947025
39.9594266667,-82.9452383333
39.95663,-82.9463183333
39.954955,-82.9433866667
39.9489916667,-82.94652
39.946205,-82.9442
39.948515,-82.9400583333
39.9542466667,-82.9463316667
39.9572783333,-82.9643516667
39.9521316667,-82.9709
39.9546783333,-82.9719466667
39.95769,-82.968905
39.9650966667,-82.9709183333
39.9683666667,-82.9748783333
39.9653883333,-82.9761166667
39.964645,-82.9816233333
39.9595566667,-82.9805383333
39.9554833333,-82.976605
39.9592583333,-82.9747966667
39.9628183333,-82.97647
39.9568433333,-82.9848683333
39.972475,-82.9628766667
39.9576183333,-82.9491133333
39.9730183333,-82.9670566667
39.97862,-82.9603033333
39.9582066667,-82.9732
39.967955,-82.9539833333
39.9671783333,-82.9807516667
39.9641833333,-82.94461
39.9721733333,-82.95422
39.9524633333,-82.9830883333
39.95392,-82.979785
39.952215,-82.974035
39.9375716667,-82.9877716667
39.9527583333,-82.9598583333
39.9445633333,-82.95854
39.9519633333,-82.9526166667
39.9510983333,-82.9486633333
39.9489933333,-82.9497783333
39.9441116667,-82.9490866667
39.94028,-82.9535383333
39.94149,-82.9748883333
39.933085,-82.9649016667
39.9282166667,-82.97488
39.9254733333,-82.9824133333
39.9361,-82.9746466667
39.9236466667,-82.986065
39.9244533333,-82.9925916667
39.9298383333,-82.9939466667
39.93194,-82.9922333333
39.9408566667,-82.9871633333
39.9431966667,-82.9866683333
39.9460516667,-82.9844383333
39.9495783333,-82.98277
39.9495766667,-82.9760216667
39.9493666667,-82.9676366667
39.9490816667,-82.96216
39.948632,-82.954387
39.9462666667,-82.9517416667
39.9397083333,-82.9836333333
39.946425,-82.965075
39.94876,-82.9577633333
39.9470983333,-82.9712083333
39.9456283333,-82.9757533333
39.945773,-82.978908
39.944119,-82.97573
39.940311,-82.971055
39.938445,-82.9644533333
39.9415466667,-82.9593183333
39.9378833333,-82.9619816667
39.9368633333,-82.9670283333
39.93877,-82.9689766667
39.93807,-82.9733983333
39.9326683333,-82.9726033333
39.9401816667,-82.979915
39.94215,-82.982795
39.9322716667,-82.9871
39.93585,-82.9833666667
39.93305,-82.98214
39.931935,-82.976525
39.9334033333,-82.9688483333
39.9301916667,-82.9801333333
39.92765,-82.9810716667
39.9292183333,-82.9844833333
39.9262083333,-82.9881066667
39.9254133333,-82.9937716667
39.9529683333,-82.977
39.943155,-82.9638933333
40.009825,-82.9736616667
40.0063866667,-82.979985
39.9993283333,-82.9833716667
40.0128216667,-82.991325
40.01831,-82.97649
40.019349,-82.980812
40.02355,-82.9878666667
40.0231,-82.9777566667
40.0177,-82.973065
40.00889,-82.9607133333
40.01227,-82.96075
40.012265,-82.946585
40.0184466667,-82.9603883333
40.019094,-82.965279
40.021655,-82.963965
40.0128283333,-82.98061
40.01451,-82.9682083333
40.01382,-82.9610383333
40.0093183333,-82.9483383333
40.0045,-82.9497333333
40.0030783333,-82.9567183333
40.0031033333,-82.9639466667
40.0012966667,-82.9645516667
39.999715,-82.968055
39.9960133333,-82.971975
39.99307,-82.97447
39.99287,-82.979955
39.9939833333,-82.9829133333
39.99884,-82.9760816667
39.995325,-82.9739983333
39.9951166667,-82.9789433333
40.0038033333,-82.9834516667
40.017328,-82.991128
40.02017,-82.989265
40.023729,-82.981755
40.023395,-82.9728316667
40.022685,-82.96748
40.0208316667,-82.9848833333
40.0169133333,-82.985745
40.013417,-82.986047
40.0011933333,-82.9766133333
40.0003933333,-82.971355
40.0050416667,-82.9758266667
40.0026533333,-82.969115
40.003455,-82.9730516667
40.0071316667,-82.9660316667
40.0098133333,-82.978965
40.0141533333,-82.9736616667
40.0161766667,-82.9780616667
40.0209183333,-82.9747666667
40.01187,-82.9693666667
40.0114383333,-82.9572116667
40.010865,-82.9501933333
40.0078583333,-82.9516616667
40.0060733333,-82.9548466667
40.0172366667,-82.9649016667
40.006347,-82.958664
40.0069416667,-82.97119
39.9450816667,-83.0821
39.94747,-83.084025
39.950405,-83.083565
39.95301,-83.084338
39.9548566667,-83.08236
39.9568866667,-83.0824016667
39.9611916667,-83.0761383333
39.9625833333,-83.069705
39.96328,-83.06519
39.9602666667,-83.06299
39.9637333333,-83.061945
39.95795,-83.0539383333
39.957045,-83.0523983333
39.955265,-83.0502666667
39.9531483333,-83.04779
39.949135,-83.0466316667
39.946805,-83.0474816667
39.94401,-83.046595
39.9411916667,-83.0476583333
39.94067,-83.0514816667
39.9396316667,-83.0496416667
39.93642,-83.058135
39.9380183333,-83.059505
39.93716,-83.062775
39.933405,-83.0624483333
39.9361333333,-83.0667883333
39.935815,-83.0703933333
39.9328833333,-83.07328
39.9382333333,-83.0726866667
39.935395,-83.0770283333
39.944225,-83.067875
39.9423066667,-83.0556766667
39.93975,-83.08355
39.942823,-83.084199
39.9430716667,-83.0804
39.94509,-83.0772416667
39.941195,-83.076065
39.9441266667,-83.07406
39.9439666667,-83.05023
39.948015,-83.051165
39.9473216667,-83.05431
39.94365,-83.0596183333
39.946165,-83.0604733333
39.9469416667,-83.067745
39.9425016667,-83.063555
39.9488783333,-83.0647633333
39.94838,-83.0709133333
39.949123,-83.074995
39.9484133333,-83.0795633333
39.951705,-83.0808
39.9503316667,-83.07049
39.9517116667,-83.0585833333
39.9512966667,-83.06492
39.951955,-83.0755533333
39.9515516667,-83.0552266667
39.9581216667,-83.0719283333
39.95516,-83.0644983333
39.9590966667,-83.06736
39.9559583333,-83.06084
39.954785,-83.0687633333
39.9556066667,-83.0550766667
39.9552716667,-83.0734583333
39.9579416667,-83.0774966667
34.03383,-81.032165
34.0298683333,-81.035675
34.0356583333,-81.025065
34.0424633333,-81.0188116667
34.0436116667,-81.0172533333
34.0279183333,-81.0334616667
34.0257383333,-81.0315616667
34.0224533333,-81.0313433333
34.02794,-81.027015
34.03105,-81.027955
34.03463,-81.02318
34.030424,-81.02456
34.0336583333,-81.020625
34.0371516667,-81.02033
34.0353016667,-81.0148483333
34.0388083333,-81.0158916667
34.0371033333,-81.0126866667
34.040685,-81.0149716667
34.0409216667,-81.010335
34.0369366667,-81.0094666667
34.035765,-81.0020966667
34.0332183333,-81.0055216667
34.0361633333,-81.0101516667
34.033063,-81.011829
34.0309833333,-81.00737
34.0299166667,-81.0127716667
34.0304216667,-81.0204383333
34.02682,-81.023625
34.0254016667,-81.0251966667
34.024655,-81.0272833333
34.0207916667,-81.0247933333
34.024245,-81.0172616667
34.02013,-81.0186666667
34.0182916667,-81.02373
34.016965,-81.0211733333
34.0138166667,-81.0229533333
34.0119616667,-81.0181083333
34.00979,-81.026205
34.010895,-81.0215883333
34.0069283333,-81.0160633333
34.003475,-81.017835
34.0025083333,-81.0147333333
34.000515,-81.017065
34.00113,-81.01335
34.003215,-81.010155
34.0067383333,-81.0112566667
34.0093133333,-81.0135016667
34.012125,-81.0156683333
34.0162233333,-81.0143466667
34.0174283333,-81.0180533333
34.01988,-81.0154766667
34.0269533333,-81.0160533333
34.0263883333,-81.0130683333
34.0297,-81.0082016667
34.0256516667,-81.010755
34.022385,-81.0129666667
34.0209833333,-81.0092883333
34.0247083333,-81.0040633333
34.021815,-81.0065733333
34.0191683333,-81.007835
34.018155,-81.0114433333
34.0206416667,-81.0138583333
34.014435,-81.01281
34.0145183333,-81.007295
34.0154466667,-81.0054383333
34.0116416667,-81.0075333333
34.0072383333,-81.0060216667
34.0116883333,-81.0028333333
34.0067716667,-81.0035166667
34.0048316667,-81.00899
34.00419,-81.0046216667
34.0005516667,-81.0061083333
34.00316,-81.00278
34.0192516667,-81.00396
34.0344416667,-81.0028066667
34.0423216667,-81.007835
34.0014783333,-81.0098333333
34.031285,-81.031775
34.0105283333,-81.011935
34.01888,-81.0201116667
34.0096166667,-81.0105083333
34.0256533333,-81.0346866667
34.0300683333,-81.029435
34.0407216667,-81.006425
34.0422683333,-81.0595016667
34.0444666667,-81.0600383333
34.0422416667,-81.05723
34.04672,-81.0584
34.04432,-81.0532566667
34.0472883333,-81.05449
34.0458233333,-81.0499483333
34.04846,-81.0487933333
34.0477166667,-81.04577
34.0522216667,-81.04572
34.049765,-81.04507
34.0469116667,-81.0429616667
34.0503,-81.0415383333
34.0447833333,-81.04423
34.04378,-81.0474416667
34.0423,-81.0503433333
34.0410416667,-81.0557083333
34.0387116667,-81.0582983333
34.0368016667,-81.0524966667
34.04146,-81.046345
34.0408766667,-81.0432166667
34.0424383333,-81.03683
34.04542,-81.038795
34.0493216667,-81.0371233333
34.04719,-81.0348566667
34.0470233333,-81.032375
34.0403233333,-81.0391816667
34.0368916667,-81.039515
34.0390016667,-81.0416716667
34.0390116667,-81.048035
34.0361066667,-81.0447133333
34.0343016667,-81.0371266667
34.0362,-81.036828
34.039655,-81.03442
34.0411216667,-81.0324766667
34.04297,-81.0312233333
34.047205,-81.0293633333
34.05042,-81.0277416667
34.0484516667,-81.022255
34.0519383333,-81.0231083333
34.0545633333,-81.028105
34.0548533333,-81.02214
34.0565516667,-81.026785
34.059985,-81.0239383333
34.0643516667,-81.022365
34.0613583333,-81.0206783333
34.0560783333,-81.0192066667
34.0553116667,-81.0185916667
34.0552666667,-81.0130883333
34.0517916667,-81.0174683333
34.0491983333,-81.019105
34.0455633333,-81.0216383333
34.0450516667,-81.025965
34.0417183333,-81.0272616667
34.0391016667,-81.0283316667
34.0354733333,-81.03189
34.03383,-81.032165
34.0298683333,-81.035675
34.036035,-81.02934
34.0356583333,-81.025065
34.043695,-81.0221866667
34.0424633333,-81.0188116667
34.0436116667,-81.0172533333
34.046355,-81.0177916667
34.0504933333,-81.011485
34.05301,-81.01158
34.05286,-81.006425
34.05048,-81.0073583333
34.0557266667,-81.0090583333
34.057195,-81.0112983333
34.0584833333,-81.0038483333
34.054125,-81.0087433333
34.05459,-81.005055
34.0489116667,-81.0167883333
34.05252,-81.0023416667
34.0413866667,-81.0416366667
34.0332816667,-81.041845
34.0404383333,-81.022025
34.05671,-81.0314483333
34.06195,-81.03305
34.0641883333,-81.0268866667
34.0613266667,-81.0250883333
34.059875,-81.0170366667
34.059765,-81.0121416667
34.0629883333,-81.0127883333
34.0590216667,-81.0065616667
34.058635,-81.0004433333
34.0632466667,-81.00218
34.0577933333,-80.9959966667
34.0628516667,-80.99834
34.0672133333,-81.0001733333
34.0670016667,-80.99432
34.0712366667,-80.9960866667
34.0713533333,-80.9887566667
34.0703733333,-80.985615
34.0664066667,-80.9853283333
34.063935,-80.9905083333
34.0645683333,-80.9868533333
34.06163,-80.992955
34.0599933333,-80.9949666667
34.0566666667,-81.0016533333
34.069235,-81.0032883333
34.0683733333,-80.9903283333
34.0279183333,-81.0334616667
34.03105,-81.027955
34.03463,-81.02318
34.0371516667,-81.02033
34.0388083333,-81.0158916667
34.040685,-81.0149716667
34.031285,-81.031775
38.9858583333,-76.94518
38.9850683333,-76.9409383333
38.9886816667,-76.940135
38.988625,-76.94273
38.9879283333,-76.9449566667
38.9833266667,-76.9437433333
38.9831733333,-76.945135
38.982885,-76.93724
38.9869916667,-76.9357533333
38.9871283333,-76.9418333333
38.9860616667,-76.947775
38.9814833333,-76.9397216667
41.4803766667,-81.6042166667
41.48528,-81.6007883333
41.4780133333,-81.6026566667
41.4803366667,-81.5963366667
41.485535,-81.59432
41.4795683333,-81.58902
41.47757,-81.59194
41.4754633333,-81.5981683333
41.4780766667,-81.607725
41.4746233333,-81.6034166667
41.4717616667,-81.59706
41.4724733333,-81.5919033333
41.47468,-81.5891416667
41.470345,-81.58479
41.4675533333,-81.5906366667
41.4663,-81.5969433333
41.46775,-81.604975
41.4633633333,-81.6030116667
41.4606733333,-81.595975
41.4621983333,-81.5915783333
41.4666883333,-81.58468
41.470355,-81.5789116667
41.4646316667,-81.5772566667
41.4599866667,-81.5824366667
41.4623583333,-81.57438
41.457055,-81.5786533333
41.4583216667,-81.5882716667
41.4568133333,-81.593915
41.4594516667,-81.6040333333
41.4557266667,-81.5998216667
41.452225,-81.5996766667
41.4523466667,-81.5923483333
41.45433,-81.585685
41.4548166667,-81.58125
41.4561033333,-81.5718466667
41.452365,-81.5742966667
41.44967,-81.57867
41.44968,-81.5829333333
41.449435,-81.5875
41.4490883333,-81.5979783333
41.4449083333,-81.5950133333
41.4455983333,-81.58751
41.444855,-81.5819033333
41.4455766667,-81.5763216667
41.4512316667,-81.571675
41.4810283333,-81.59421
41.4810483333,-81.6018
41.4780466667,-81.5951266667
41.474415,-81.594765
41.4714866667,-81.600505
41.471245,-81.58866
41.4615383333,-81.6005833333
41.4573233333,-81.583305
41.4552716667,-81.5908533333
41.4526983333,-81.5882516667
41.449805,-81.5945833333
41.45163,-81.5822766667
41.4541733333,-81.5967066667
41.454825,-81.5756166667
41.4653066667,-81.5887466667
41.4675833333,-81.58089
41.4604466667,-81.5773116667
41.4480833333,-81.5908066667
41.468365,-81.5991783333
41.4586666667,-81.5982516667
41.4619216667,-81.5859966667
39.1313266667,-84.5626866667
39.1480933333,-84.5716666667
39.1380133333,-84.5794466667
39.1468433333,-84.591825
39.14778,-84.5985216667
39.1478566667,-84.58723
39.1536383333,-84.5646933333
39.14072,-84.55812
39.1389,-84.5860166667
39.1382,-84.5515016667
39.1473533333,-84.5517
39.15587,-84.546845
39.155225,-84.55082
39.152825,-84.550285
39.1475533333,-84.5484166667
39.1416966667,-84.5512516667
39.1462816667,-84.5416166667
39.1514316667,-84.5549366667
39.1404983333,-84.572585
39.1592866667,-84.5529833333
39.1428266667,-84.5938516667
39.14975,-84.562245
39.139365,-84.5611183333
39.130265,-84.5558383333
39.1356766667,-84.5583283333
39.1349566667,-84.5509616667
39.1335366667,-84.5756816667
39.1361933333,-84.5619783333
39.1388716667,-84.5660016667
39.13521,-84.5726083333
39.1505983333,-84.5942333333
39.147945,-84.5808233333
39.1410633333,-84.5819633333
39.1467566667,-84.574255
39.144405,-84.5652616667
39.1448766667,-84.5710433333
39.14278,-84.5722316667
39.1334416667,-84.5709333333
39.1305583333,-84.573405
39.1522466667,-84.54537
39.13058,-84.5603983333
39.134575,-84.5536133333
39.1377083333,-84.5553783333
39.1431833333,-84.552465
39.1501716667,-84.559295
39.14561,-84.59749
39.1400183333,-84.59032
39.1503533333,-84.5889566667
39.1493883333,-84.5680783333
39.1459333333,-84.5668833333
39.14317,-84.579225
39.1418983333,-84.5641066667
39.1483383333,-84.5433983333
39.15465,-84.5540066667
39.1391433333,-84.5428066667
39.1446316667,-84.5544216667
39.1364733333,-84.5595383333
39.1395183333,-84.5703533333
39.1464016667,-84.589245
39.1481283333,-84.550765
39.1328866667,-84.5656
39.1418716667,-84.5864883333
39.1472616667,-84.5628133333
39.10277,-84.55151
39.102455,-84.5539016667
39.1039916667,-84.5517433333
39.1067716667,-84.5492333333
39.1098766667,-84.5513716667
39.105045,-84.5461383333
39.1090816667,-84.547915
39.1070716667,-84.55247
39.11376,-84.5540833333
39.1060533333,-84.5564983333
39.11015,-84.5555883333
39.10024,-84.5575566667
39.0955383333,-84.5674816667
39.0965483333,-84.5621183333
39.1062233333,-84.577265
39.105915,-84.581587
39.111665,-84.602905
39.1161166667,-84.6000266667
39.1164683333,-84.59518
39.1173616667,-84.5898783333
39.1202666667,-84.58588
39.1144366667,-84.56222
39.1056516667,-84.56111
39.1096366667,-84.5631616667
39.1100316667,-84.5686683333
39.1123533333,-84.5735016667
39.1130583333,-84.57865
39.1132333333,-84.5855416667
39.1220716667,-84.577485
39.1206233333,-84.5756783333
39.1093816667,-84.600935
39.1059216667,-84.5663233333
39.098655,-84.5699616667
39.1007966667,-84.56973
39.09876,-84.5667183333
39.103295,-84.57014
39.1060766667,-84.5729216667
39.09869,-84.5619116667
39.1027933333,-84.5614083333
39.1007166667,-84.5648183333
39.1037866667,-84.5649133333
39.1179783333,-84.55615
39.1117366667,-84.5583266667
39.1179916667,-84.5732166667
39.1185483333,-84.5750316667
39.11568,-84.57297
39.1179416667,-84.5808866667
39.1121133333,-84.5903483333
39.110085,-84.577625
39.103645,-84.5893183333
39.1032266667,-84.5841383333
39.10863,-84.591765
39.1103766667,-84.58808
39.10531,-84.59605
39.1109216667,-84.5833883333
39.1103516667,-84.572645
39.1135766667,-84.56923
39.1155766667,-84.5645783333
39.1172133333,-84.577045
39.1149466667,-84.557605
39.106385,-84.5889316667
39.1096033333,-84.5948233333
39.1146966667,-84.5810666667
39.111575,-84.5652216667
39.1085733333,-84.58221
39.11594,-84.5873783333
39.120558,-84.57076
39.1144316667,-84.57729
39.1081416667,-84.5577366667
39.1200716667,-84.58104
39.1119816667,-84.597815
39.1066766667,-84.5991716667
39.1138816667,-84.5996816667
39.0951266667,-84.5660616667
39.1020433333,-84.5501183333
39.0994533333,-84.5644066667
39.12147,-84.5110333333
39.1244466667,-84.5090333333
39.1295616667,-84.509775
39.1323766667,-84.5087633333
39.122745,-84.508025
39.1260683333,-84.50881
39.120395,-84.51587
39.118292,-84.512425
39.11883,-84.52261
39.1208133333,-84.5273683333
39.12271,-84.530745
39.12245,-84.53435
39.1153233333,-84.5201283333
39.1251666667,-84.5262766667
39.12907,-84.5124233333
39.127329,-84.517441
39.1247383333,-84.51801
39.130135,-84.519355
39.128635,-84.523635
39.1291783333,-84.5279266667
39.1328,-84.5306483333
39.12907,-84.532295
39.1250233333,-84.5291166667
39.1264616667,-84.5253283333
39.1237583333,-84.5229183333
39.121934,-84.519454
39.12593,-84.5365216667
39.1299616667,-84.5259583333
39.1298433333,-84.4933983333
39.1499333333,-84.5106366667
39.1514883333,-84.5089966667
39.1527883333,-84.4961333333
39.156275,-84.491835
39.1544716667,-84.4876383333
39.1541766667,-84.4829216667
39.150246,-84.47793
39.14584,-84.477155
39.120315,-84.4866183333
39.1197466667,-84.4879916667
39.1185525,-84.4930598333
39.11727,-84.4987183333
39.11916,-84.499835
39.1192516667,-84.50698
39.12147,-84.5110333333
39.1244466667,-84.5090333333
39.1295616667,-84.509775
39.1323766667,-84.5087633333
39.136515,-84.5050533333
39.1376583333,-84.506525
39.1440033333,-84.5101766667
39.14955,-84.5050116667
39.15162,-84.4983166667
39.15203,-84.485965
39.1505633333,-84.48629
39.142909,-84.49145
39.1396433333,-84.4898783333
39.132775,-84.49219
39.1236133333,-84.4880316667
39.1238,-84.495027
39.122915,-84.5042933333
39.13281,-84.5024966667
39.138175,-84.4959633333
39.1433766667,-84.5056216667
39.146877,-84.50719
39.1487383333,-84.488015
39.1300266667,-84.4962
39.126713,-84.495938
39.149115,-84.49642
39.134126,-84.49722
39.1270983333,-84.4989916667
39.1301116667,-84.49242
39.142055,-84.4953883333
39.147686,-84.501188
39.1404083333,-84.50305
39.136905,-84.4926433333
39.12987,-84.49337
39.123465,-84.4919716667
39.123855,-84.5004666667
39.12097,-84.5010733333
39.122745,-84.508025
39.12087,-84.49259
39.1375216667,-84.501255
39.1493583333,-84.49156
39.1467466667,-84.5091483333
39.1397283333,-84.5081333333
39.1478916667,-84.4820716667
39.14304,-84.4999166667
39.13148,-84.5002633333
39.1277516667,-84.5042333333
39.1344566667,-84.5053633333
39.1260683333,-84.50881
39.120395,-84.51587
39.1183083333,-84.5123883333
39.1155266667,-84.5055783333
39.12763,-84.4855283333
39.135195,-84.4805466667
39.1419316667,-84.514345
39.11532,-84.51626
39.1099516667,-84.5104416667
39.115875,-84.51545
39.11409,-84.5128533333
39.1293716667,-84.47943
39.1404833333,-84.48013
39.1364083333,-84.47527
39.1331683333,-84.4760183333
39.121115,-84.4842716667
39.1255133333,-84.4821466667
39.14099,-84.5101383333
39.136345,-84.5112216667
39.12907,-84.5124233333
39.127329,-84.517441
39.1247383333,-84.51801
39.121934,-84.519454
39.150246,-84.47793
39.14584,-84.477155
39.120315,-84.4866183333
39.1236133333,-84.4880316667
39.1478916667,-84.4820716667
39.12763,-84.4855283333
39.135195,-84.4805466667
39.14692,-84.4606933333
39.147145,-84.4738583333
39.1294716667,-84.4756716667
39.13481,-84.4704883333
39.1361783333,-84.4674816667
39.1293716667,-84.47943
39.14479,-84.46888
39.1259283333,-84.4750016667
39.1404833333,-84.48013
39.141595,-84.4723633333
39.140107,-84.470131
39.131755,-84.4654133333
39.1399116667,-84.4645016667
39.1376283333,-84.4625283333
39.1364083333,-84.47527
39.1331683333,-84.4760183333
39.1299416667,-84.47045
39.130915,-84.46764
39.1267516667,-84.4789283333
39.1253883333,-84.4787883333
39.1215666667,-84.4813533333
39.1389583333,-84.4698566667
39.121115,-84.4842716667
39.1255133333,-84.4821466667
39.1402866667,-84.473885
39.14592,-84.4588566667
39.1463466667,-84.474755
39.120395,-84.51587
39.118292,-84.512425
39.11532,-84.51626
39.1103383333,-84.5188216667
39.108613,-84.5142
39.1096083333,-84.51491
39.1099516667,-84.5104416667
39.11883,-84.52261
39.1208133333,-84.5273683333
39.12271,-84.530745
39.1225316667,-84.5344366667
39.11855,-84.5310216667
39.1171816667,-84.5284966667
39.1169266667,-84.5244566667
39.1153233333,-84.5201283333
39.115875,-84.51545
39.1111466667,-84.5062433333
39.11409,-84.5128533333
39.1114083333,-84.5159933333
39.1130133333,-84.52211
39.11401,-84.5278283333
39.11535,-84.53434
39.1102116667,-84.52972
39.109355,-84.522755
39.1073466667,-84.516595
39.107615,-84.5253183333
39.1063933333,-84.5293816667
39.1045933333,-84.5256166667
39.10291,-84.5220583333
39.1087383333,-84.5332783333
39.112035,-84.5328266667
39.1179916667,-84.5358283333
39.1222533333,-84.5273516667
39.1110766667,-84.5251233333
39.1124316667,-84.512155
39.1117,-84.5175433333
39.1142783333,-84.5215966667
39.1131783333,-84.515685
39.118073,-84.519619
39.11127,-84.5126916667
39.11218,-84.5104566667
39.1086166667,-84.5193383333
39.1080533333,-84.5191966667
39.1088616667,-84.5092533333
39.1251666667,-84.5262766667
39.1250233333,-84.5291166667
39.1237583333,-84.5229183333
39.121934,-84.519454
39.12593,-84.5365216667
39.1060266667,-84.5078466667
39.1052983333,-84.516955
39.1050466667,-84.5086833333
39.1051783333,-84.5132216667
39.1035583333,-84.518345
39.0998766667,-84.5191416667
39.10789,-84.507335
39.108613,-84.5142
39.1099516667,-84.5104416667
39.1073466667,-84.516595
39.10291,-84.5220583333
39.1088616667,-84.5092533333
39.1060266667,-84.5078466667
39.1052983333,-84.516955
39.1056383333,-84.5112033333
39.1086233333,-84.5055
39.1029283333,-84.5110316667
39.1050466667,-84.5086833333
39.1051783333,-84.5132216667
39.099535,-84.513475
39.1035583333,-84.518345
39.1014783333,-84.5071616667
39.0998766667,-84.5191416667
39.0993366667,-84.5155716667
39.1003833333,-84.5082233333
39.1023914623,-84.5147078205
39.1059216667,-84.5125983333
39.1015615887,-84.5119219937
39.10789,-84.507335
39.106065,-84.5139266667
39.1069,-84.5117966667
39.1051,-84.5062416667
39.103964,-84.510434
39.101954,-84.507364
39.102147,-84.516744
41.8312616667,-87.6396233333
41.848992,-87.6321173333
41.7932033333,-87.67947
41.79063,-87.68106
41.7902116667,-87.6772
41.7861483333,-87.6807533333
41.7943066667,-87.6704733333
41.7907466667,-87.6728616667
41.7901066667,-87.66871
41.78651,-87.6659666667
41.79045,-87.664345
41.79451,-87.66004
41.787005,-87.65681
41.7906166667,-87.6546066667
41.7934566667,-87.65489
41.79456,-87.65004
41.79358,-87.6456483333
41.7946533333,-87.6404666667
41.793975,-87.6377933333
41.7942683333,-87.62867
41.7908733333,-87.6301916667
41.7917783333,-87.63419
41.79092,-87.6422416667
41.7875316667,-87.64132
41.793075,-87.6742783333
41.8048633333,-87.6703783333
41.8080933333,-87.6689466667
41.80352,-87.6496583333
41.79799,-87.65203
41.799485,-87.6671316667
41.7959266667,-87.654695
41.79624,-87.644565
41.808315,-87.6575483333
41.805025,-87.6629816667
41.7957566667,-87.66651
41.7962716667,-87.6827966667
41.796515,-87.67746
41.7967316667,-87.6726366667
41.7971333333,-87.6688216667
41.7993783333,-87.67031
41.7998333333,-87.6751583333
41.80069,-87.6817616667
41.80379,-87.683335
41.8031383333,-87.6774016667
41.8024266667,-87.6723816667
41.8013883333,-87.6671266667
41.8059683333,-87.668135
41.8069283333,-87.673175
41.8068383333,-87.6776333333
41.8073483333,-87.6610533333
41.8068533333,-87.6504366667
41.805305,-87.6549366667
41.802475,-87.6619983333
41.8015816667,-87.6457783333
41.80154,-87.655245
41.7996183333,-87.6628816667
41.7978466667,-87.66486
41.7973133333,-87.6602216667
41.8007383333,-87.6504616667
41.7973383333,-87.6475616667
41.7968566667,-87.6342216667
41.7979283333,-87.6430316667
41.8013616667,-87.638735
41.831025,-87.663135
41.80378,-87.63385
41.805425,-87.6368866667
41.8052366667,-87.6454083333
41.8074016667,-87.6407966667
41.8093416667,-87.6297516667
41.8012616667,-87.6299566667
41.798175,-87.6296533333
41.8249416667,-87.6991866667
41.826065,-87.6902616667
41.8246083333,-87.68692
41.8267183333,-87.683895
41.8382583333,-87.6886216667
41.836585,-87.692265
41.8358283333,-87.685445
41.8324166667,-87.6866316667
41.8304333333,-87.6901483333
41.8285466667,-87.6884666667
41.8288916667,-87.69269
41.8334333333,-87.6959983333
41.834315,-87.6996883333
41.8298683333,-87.6978166667
41.8276083333,-87.702445
41.8309583333,-87.70479
41.8296433333,-87.705745
41.8300066667,-87.71647
41.8254766667,-87.7046933333
41.8229216667,-87.71197
41.8246783333,-87.710855
41.8245416667,-87.66927
41.8269066667,-87.67461
41.8264316667,-87.6721833333
41.829115,-87.66755
41.8296266667,-87.6712233333
41.82818,-87.6802583333
41.8307266667,-87.6767466667
41.8315733333,-87.6811333333
41.832955,-87.6771466667
41.8318066667,-87.6726433333
41.832735,-87.6698683333
41.833585,-87.6664083333
41.83581,-87.6702633333
41.8360716667,-87.6733883333
41.8353466667,-87.67966
41.8437383333,-87.681035
41.839225,-87.6742116667
41.84123,-87.6660066667
41.837189,-87.665973
41.8410083333,-87.662545
41.8434783333,-87.6610333333
41.8452916667,-87.659515
41.8455483333,-87.656455
41.8468283333,-87.6532616667
41.8431733333,-87.6660116667
41.8495266667,-87.6584116667
41.8535416667,-87.6499516667
41.8445233333,-87.647985
41.8439566667,-87.6521733333
41.84151,-87.65886
41.839765,-87.660355
41.840365,-87.657225
41.8408416667,-87.6511833333
41.839705,-87.6478583333
41.8382716667,-87.654195
41.8369033333,-87.6467033333
41.83525,-87.65827
41.8328883333,-87.6528383333
41.8339516667,-87.6498183333
41.83309,-87.6540816667
41.8021633333,-87.6416633333
41.831305,-87.6568133333
41.8313083333,-87.6464583333
41.826889,-87.665642
41.8271416667,-87.654555
41.8274,-87.6491983333
41.8280433333,-87.6457866667
41.8282366667,-87.6418066667
41.8247116667,-87.65066
41.8235283333,-87.6545066667
41.8235433333,-87.6613383333
41.8237766667,-87.644175
41.8240216667,-87.6387583333
41.8243066667,-87.63353
41.830705,-87.6331216667
41.830915,-87.6386
41.830861,-87.643581
41.83455,-87.6407016667
41.83445,-87.64468
41.83593,-87.6407883333
41.8347216667,-87.635145
41.837575,-87.635889
41.83861,-87.6404433333
41.8397,-87.6360366667
41.8409,-87.6323083333
41.8416933333,-87.641375
41.8424416667,-87.6458016667
41.8433766667,-87.643315
41.8474016667,-87.6465
41.8451766667,-87.6401866667
41.846205,-87.634825
41.8484466667,-87.6346783333
41.8492033333,-87.631935
41.8531483333,-87.6411583333
41.853838,-87.63638
41.8592116667,-87.6326033333
41.856655,-87.6283683333
41.8512733333,-87.6289583333
41.8491566667,-87.6291016667
41.8449966667,-87.6304983333
41.8411316667,-87.6286166667
41.8377866667,-87.629085
41.8348266667,-87.6293616667
41.8314116667,-87.62752
41.819985,-87.6611816667
41.822315,-87.7068016667
41.8221766667,-87.7001366667
41.8226416667,-87.6949766667
41.820385,-87.699282
41.8183516667,-87.7038516667
41.817305,-87.6993283333
41.8192883333,-87.694875
41.8185466667,-87.6921233333
41.8193566667,-87.68655
41.8161833333,-87.6900733333
41.8156483333,-87.6945316667
41.8148516667,-87.6972233333
41.8153583333,-87.7043016667
41.8128066667,-87.699935
41.8134566667,-87.6934783333
41.81364,-87.68655
41.8100666667,-87.6887933333
41.8099483333,-87.6966366667
41.811315,-87.70449
41.8079366667,-87.7024483333
41.8083983333,-87.6940433333
41.8083366667,-87.6836966667
41.8064083333,-87.6898283333
41.8068083333,-87.6977033333
41.8055283333,-87.70416
41.802725,-87.69216
41.8021233333,-87.6860366667
41.8002133333,-87.6937033333
41.7978666667,-87.6896016667
41.7972316667,-87.694015
41.7991833333,-87.698225
41.7974433333,-87.7007533333
41.7990733333,-87.7043766667
41.7953166667,-87.7029416667
41.793465,-87.7045916667
41.7940966667,-87.6986366667
41.7941233333,-87.693585
41.794375,-87.6906333333
41.8091883333,-87.68196
41.8100216667,-87.669085
41.812075,-87.66528
41.8140583333,-87.66875
41.8132433333,-87.6728616667
41.8131,-87.681945
41.815405,-87.6835783333
41.8187233333,-87.68273
41.8162566667,-87.6784933333
41.81614,-87.6696166667
41.8186916667,-87.6671516667
41.8226683333,-87.68135
41.8229166667,-87.6649433333
41.82125,-87.6541783333
41.82031,-87.64847
41.8167566667,-87.64748
41.8183766667,-87.6511166667
41.8189133333,-87.6562366667
41.8162166667,-87.6637216667
41.8150583333,-87.6543433333
41.812965,-87.65009
41.81109,-87.659505
41.81088,-87.653175
41.8087883333,-87.6429916667
41.8086516667,-87.6352383333
41.8112583333,-87.6382333333
41.813535,-87.640975
41.8130116667,-87.6438083333
41.8163766667,-87.6409483333
41.8205383333,-87.6315783333
41.821599,-87.63553
41.8206733333,-87.6388283333
41.8190516667,-87.6433283333
41.823975,-87.6261
41.8133366667,-87.62826
41.8458483333,-87.6662633333
41.8440516667,-87.680115
41.840985,-87.6857816667
41.85035,-87.6706866667
41.8382483333,-87.695885
41.83979,-87.692215
41.832165,-87.7107716667
41.8309916667,-87.7171833333
41.8416566667,-87.6843633333
41.8514183333,-87.6709933333
41.8490066667,-87.6739333333
41.8478816667,-87.681385
41.8432,-87.6962133333
41.83509,-87.71562
41.8388783333,-87.70676
41.8376666667,-87.70023
41.8524583333,-87.6659916667
41.845585,-87.6884833333
41.84941,-87.6781533333
41.84402,-87.67574
41.8499733333,-87.6657983333
41.8372133333,-87.710425
41.837795,-87.6273383333
41.8350033333,-87.62761
41.8382383333,-87.6232683333
41.8360133333,-87.6185816667
41.8402466667,-87.6082683333
41.8349633333,-87.6240133333
41.8332966667,-87.6292533333
41.830745,-87.6316583333
41.836975,-87.6239283333
41.83033,-87.6237633333
41.8278633333,-87.6087733333
41.8274316667,-87.6224383333
41.8289483333,-87.6240733333
41.8249366667,-87.6235533333
41.8201766667,-87.624095
41.8195433333,-87.6270666667
41.80912,-87.6222433333
41.8072533333,-87.6222483333
41.8051733333,-87.624825
41.7989733333,-87.6250916667
41.789845,-87.6262633333
41.7939033333,-87.6248466667
41.7866883333,-87.7046316667
41.7867083333,-87.7009533333
41.78681,-87.6948566667
41.7882166667,-87.6856016667
41.7900483333,-87.6887316667
41.791965,-87.6842166667
41.792705,-87.688375
41.7918933333,-87.69244
41.7894383333,-87.6961833333
41.7897883333,-87.70289
41.7916833333,-87.70904
41.79539,-87.707925
41.7957966667,-87.7115516667
41.799025,-87.710465
41.8010733333,-87.7094216667
41.8062066667,-87.7114216667
41.8100166667,-87.7070683333
41.8103366667,-87.71119
41.8136433333,-87.70721
41.8135733333,-87.711845
41.8153016667,-87.709765
41.8245216667,-87.7155616667
41.7691183333,-87.683715
41.7740416667,-87.6752616667
41.75983,-87.67612
41.7715933333,-87.6666666667
41.767685,-87.6678633333
41.7613083333,-87.6661233333
41.762788,-87.682724
41.759385,-87.6799883333
41.7625566667,-87.6733966667
41.7816333333,-87.6755416667
41.75904,-87.6705383333
41.7758616667,-87.68292
41.7662133333,-87.6761116667
41.7720716667,-87.6800983333
41.7838066667,-87.6715833333
41.7617833333,-87.6697416667
41.75946,-87.6834383333
41.773035,-87.6833
41.7686316667,-87.6801783333
41.7545616667,-87.6712166667
41.75559,-87.676735
41.7573066667,-87.6702683333
41.7515133333,-87.6768733333
41.7488266667,-87.6747183333
41.74505,-87.676325
41.743025,-87.68328
41.735645,-87.6837883333
41.7424266667,-87.6768933333
41.7411083333,-87.67697
41.7498583333,-87.6725933333
41.7507,-87.66603
41.7503616667,-87.6730516667
41.7767016667,-87.7392033333
41.7766583333,-87.7348333333
41.7753916667,-87.7290966667
41.7751,-87.7232233333
41.7783033333,-87.72605
41.776866,-87.72204
41.778272,-87.717748
41.778279,-87.715303
41.7767216667,-87.7055966667
41.77714,-87.70131
41.77896,-87.6956966667
41.777475,-87.6884283333
41.73509,-87.739625
41.7336433333,-87.7395133333
41.7381716667,-87.7379966667
41.7365133333,-87.7354216667
41.7351816667,-87.7335133333
41.7366466667,-87.7305733333
41.735295,-87.7274066667
41.7366966667,-87.7258133333
41.7339333333,-87.7247016667
41.7366183333,-87.72089
41.7353916667,-87.7165183333
41.7381433333,-87.716535
41.736245,-87.7141066667
41.739205,-87.7094583333
41.7353816667,-87.71423
41.739265,-87.7068566667
41.7374883333,-87.7023566667
41.7333366667,-87.701535
41.7357566667,-87.697035
41.7398266667,-87.714165
41.7378183333,-87.69316
41.733765,-87.692168
41.736035,-87.6897816667
41.735605,-87.6875533333
41.7386316667,-87.6898216667
41.7406033333,-87.6899033333
41.7431516667,-87.6911316667
41.7435416667,-87.6882083333
41.739055,-87.696715
41.742126,-87.697238
41.7424233333,-87.7020983333
41.7429966667,-87.7053566667
41.7417983333,-87.7098866667
41.739405,-87.699165
41.7417266667,-87.7191416667
41.740425,-87.7222333333
41.7403216667,-87.7270783333
41.739415,-87.72931
41.7402366667,-87.733105
41.74163,-87.7383316667
41.73831,-87.74079
41.745573,-87.740225
41.74523,-87.7332
41.7432583333,-87.7333833333
41.7427683333,-87.7273633333
41.74398,-87.7211466667
41.7453766667,-87.7175266667
41.7437733333,-87.7143083333
41.7458133333,-87.70952
41.7462116667,-87.7029116667
41.7444833333,-87.69916
41.744895,-87.6937933333
41.7476316667,-87.687575
41.7465866667,-87.6834133333
41.7495516667,-87.6851516667
41.7495333333,-87.6798433333
41.7519066667,-87.680455
41.7537616667,-87.6860266667
41.7503816667,-87.6909366667
41.7481083333,-87.6920416667
41.7481283333,-87.698075
41.7492483333,-87.7010833333
41.7502016667,-87.70465
41.7502083333,-87.7084233333
41.7482916667,-87.7117366667
41.749443,-87.71686
41.7491566667,-87.7202883333
41.7456716667,-87.7220416667
41.747655,-87.7241266667
41.7466916667,-87.7327
41.7483666667,-87.7360116667
41.749678,-87.741583
41.7496966667,-87.73883
41.75082,-87.7415733333
41.7510966667,-87.7396283333
41.7503666667,-87.7310433333
41.7508083333,-87.7304233333
41.7496516667,-87.72422
41.751485,-87.7112883333
41.7537916667,-87.7091566667
41.7538433333,-87.706425
41.7530466667,-87.6999483333
41.7533383333,-87.6959516667
41.756395,-87.682885
41.7553266667,-87.6860883333
41.7592333333,-87.6923166667
41.7628033333,-87.6936166667
41.7609,-87.697255
41.7592333333,-87.699575
41.7640466667,-87.6978083333
41.7608416667,-87.7020616667
41.758655,-87.706225
41.759755,-87.7064216667
41.7644166667,-87.7027366667
41.7647116667,-87.70612
41.763825,-87.71019
41.7592166667,-87.712125
41.75643,-87.7100966667
41.7550633333,-87.7115183333
41.7534666667,-87.7164316667
41.7509183333,-87.720415
41.7532383333,-87.7204766667
41.7540183333,-87.726815
41.7347716667,-87.684965
41.7536916667,-87.7328083333
41.75513,-87.7364166667
41.7537233333,-87.7417066667
41.75673,-87.743175
41.7581016667,-87.73921
41.761299,-87.741992
41.7575966667,-87.7361683333
41.756215,-87.7320283333
41.760655,-87.7297483333
41.7558683333,-87.72453
41.757395,-87.7195733333
41.7606383333,-87.7155666667
41.7624716667,-87.714355
41.7636766667,-87.7174316667
41.764475,-87.7109733333
41.766548,-87.719139
41.764975,-87.721707
41.762385,-87.720525
41.760145,-87.732442
41.7640233333,-87.7421133333
41.7683983333,-87.7221433333
41.7660316667,-87.7276483333
41.7712283333,-87.7273383333
41.7713283333,-87.7300133333
41.7730083333,-87.7342016667
41.7749233333,-87.73785
41.7731433333,-87.737805
41.7705766667,-87.7398583333
41.7748766667,-87.7427733333
41.7708116667,-87.7424116667
41.7664366667,-87.7152616667
41.77193,-87.717602
41.772005,-87.7151683333
41.7708716667,-87.7117816667
41.7746983333,-87.7090216667
41.7721233333,-87.7079333333
41.7739283333,-87.7055
41.7735183333,-87.7023716667
41.7722283333,-87.6979983333
41.7750766667,-87.6972516667
41.7722866667,-87.694375
41.7756133333,-87.6924216667
41.7701116667,-87.690105
41.76631,-87.69181
41.768325,-87.6881383333
41.7641283333,-87.6904683333
41.7648133333,-87.684385
41.774607,-87.715348
41.7746033333,-87.72013
41.7721666667,-87.721955
41.7730583333,-87.7286783333
41.7736933333,-87.6872316667
41.7724216667,-87.6870833333
41.7592483333,-87.6874216667
41.761058,-87.68744
41.7784366667,-87.68149
41.7740416667,-87.6752616667
41.77408,-87.6634216667
41.75983,-87.67612
41.769805,-87.6741483333
41.7715933333,-87.6666666667
41.767685,-87.6678633333
41.7613083333,-87.6661233333
41.7786416667,-87.6737633333
41.7625566667,-87.6733966667
41.7816333333,-87.6755416667
41.75904,-87.6705383333
41.7758616667,-87.68292
41.7662133333,-87.6761116667
41.7932033333,-87.67947
41.79063,-87.68106
41.7902116667,-87.6772
41.7861483333,-87.6807533333
41.7841183333,-87.6768683333
41.78698,-87.6746333333
41.7907466667,-87.6728616667
41.7901066667,-87.66871
41.7838066667,-87.6715833333
41.78651,-87.6659666667
41.76574,-87.6640116667
41.7648183333,-87.6697533333
41.7617833333,-87.6697416667
41.7791765,-87.6850646667
41.793075,-87.6742783333
41.7962716667,-87.6827966667
41.8300066667,-87.71647
41.8246783333,-87.710855
41.822315,-87.7068016667
41.8221766667,-87.7001366667
41.820385,-87.699282
41.8183516667,-87.7038516667
41.817305,-87.6993283333
41.8153583333,-87.7043016667
41.8099483333,-87.6966366667
41.811315,-87.70449
41.8079366667,-87.7024483333
41.8068083333,-87.6977033333
41.8055283333,-87.70416
41.7991833333,-87.698225
41.7974433333,-87.7007533333
41.7990733333,-87.7043766667
41.7953166667,-87.7029416667
41.793465,-87.7045916667
41.7940966667,-87.6986366667
41.7941233333,-87.693585
41.794375,-87.6906333333
41.7596733333,-87.6642216667
41.8194416667,-87.7281416667
41.8164816667,-87.7260366667
41.811395,-87.7287966667
41.8082416667,-87.725265
41.8049333333,-87.7254133333
41.8023366667,-87.7237283333
41.7751,-87.7232233333
41.7783033333,-87.72605
41.7803116667,-87.7259066667
41.7840066667,-87.7277733333
41.7822266667,-87.7251683333
41.7872283333,-87.7252683333
41.78977,-87.7257316667
41.79141,-87.7237716667
41.7931333333,-87.724245
41.79725,-87.7282866667
41.79899,-87.7235083333
41.8013766667,-87.7282516667
41.776866,-87.72204
41.778272,-87.717748
41.778279,-87.715303
41.77918,-87.7085983333
41.7767216667,-87.7055966667
41.7804766667,-87.7030466667
41.77714,-87.70131
41.77896,-87.6956966667
41.7787033333,-87.6923783333
41.777475,-87.6884283333
41.7842633333,-87.6883416667
41.7826933333,-87.69413
41.782665,-87.69658
41.7809566667,-87.6994533333
41.7819016667,-87.70367
41.7810983333,-87.7081566667
41.7810416667,-87.715555
41.7797983333,-87.7183566667
41.78055,-87.72339
41.7837383333,-87.7181266667
41.7859733333,-87.7149416667
41.7838616667,-87.7104616667
41.7866883333,-87.7046316667
41.7867083333,-87.7009533333
41.7844233333,-87.699085
41.78681,-87.6948566667
41.7865983333,-87.6885883333
41.78482,-87.6839666667
41.7882166667,-87.6856016667
41.7900483333,-87.6887316667
41.791965,-87.6842166667
41.792705,-87.688375
41.7918933333,-87.69244
41.7894383333,-87.6961833333
41.7897883333,-87.70289
41.7878166667,-87.707775
41.7882616667,-87.7158316667
41.784605,-87.7206016667
41.788145,-87.7194066667
41.7916833333,-87.70904
41.792425,-87.7127883333
41.791095,-87.7158433333
41.796955,-87.7140766667
41.7910233333,-87.72054
41.7937333333,-87.719355
41.7951516667,-87.722615
41.7970016667,-87.7201716667
41.79888,-87.7178333333
41.8004916667,-87.7219883333
41.8002866667,-87.714855
41.8041783333,-87.72069
41.8067366667,-87.71575
41.80798,-87.7189283333
41.81169,-87.7198716667
41.8152,-87.7229933333
41.8233066667,-87.7242083333
41.79539,-87.707925
41.797375,-87.705867
41.7957966667,-87.7115516667
41.799025,-87.710465
41.8010733333,-87.7094216667
41.806873,-87.706811
41.8062066667,-87.7114216667
41.8100166667,-87.7070683333
41.8103366667,-87.71119
41.8136433333,-87.70721
41.8135733333,-87.711845
41.8153016667,-87.709765
41.8245216667,-87.7155616667
41.772005,-87.7151683333
41.7746983333,-87.7090216667
41.7739283333,-87.7055
41.7735183333,-87.7023716667
41.7722283333,-87.6979983333
41.7750766667,-87.6972516667
41.7722866667,-87.694375
41.7756133333,-87.6924216667
41.774607,-87.715348
41.7746033333,-87.72013
41.7721666667,-87.721955
41.7736933333,-87.6872316667
41.8092166667,-87.7524516667
41.81336,-87.7512783333
41.80929,-87.7498883333
41.8112716667,-87.7479983333
41.8081566667,-87.7462366667
41.8095516667,-87.743375
41.8095766667,-87.7413483333
41.8131966667,-87.7402733333
41.8148716667,-87.7426783333
41.81625,-87.7377666667
41.8135883333,-87.7326516667
41.8193583333,-87.7306966667
41.81637,-87.7306333333
41.8194416667,-87.7281416667
41.8164816667,-87.7260366667
41.8152666667,-87.7269283333
41.811395,-87.7287966667
41.808735,-87.7325266667
41.8072733333,-87.7376966667
41.8059316667,-87.7388066667
41.80586,-87.7437583333
41.8058433333,-87.748695
41.8070316667,-87.754175
41.8023733333,-87.74701
41.8022116667,-87.742435
41.80411,-87.7388366667
41.8059883333,-87.73522
41.8060533333,-87.7315516667
41.8093983333,-87.7307233333
41.8082416667,-87.725265
41.8041816667,-87.7277433333
41.8049333333,-87.7254133333
41.8023366667,-87.7237283333
41.8023233333,-87.7326616667
41.8005533333,-87.7367966667
41.79959,-87.7403816667
41.8004233333,-87.744815
41.7984533333,-87.7477233333
41.8003216667,-87.750905
41.7974816667,-87.753315
41.80012,-87.75466
41.7971816667,-87.7562616667
41.7997533333,-87.7596783333
41.8000166667,-87.7631466667
41.7982766667,-87.7643433333
41.7962666667,-87.7622633333
41.795705,-87.765925
41.7981933333,-87.7692233333
41.7999283333,-87.7673283333
41.7981416667,-87.7728616667
41.7949366667,-87.7708333333
41.796285,-87.7752483333
41.79402,-87.7769416667
41.7997316667,-87.7753716667
41.7979933333,-87.7789683333
41.799655,-87.780205
41.7961183333,-87.7800866667
41.79278,-87.780745
41.7942616667,-87.7849816667
41.79788,-87.78501
41.7995483333,-87.7863416667
41.79779,-87.789935
41.796045,-87.7874533333
41.7947566667,-87.7912833333
41.7993783333,-87.7925
41.7977166667,-87.7961033333
41.7941116667,-87.7959183333
41.795805,-87.8010016667
41.7975433333,-87.798535
41.7940333333,-87.8009333333
41.7914633333,-87.7988383333
41.78844,-87.8007166667
41.7885333333,-87.7957033333
41.7916233333,-87.7938766667
41.791645,-87.7890766667
41.7904266667,-87.7909266667
41.79056,-87.7848416667
41.790095,-87.7804733333
41.7907833333,-87.7738633333
41.7920566667,-87.7707733333
41.7922166667,-87.765905
41.7944666667,-87.7604916667
41.7945783333,-87.7556883333
41.7946483333,-87.7531916667
41.791065,-87.7624516667
41.7890983333,-87.7664633333
41.788975,-87.7632816667
41.7889883333,-87.7713466667
41.7870466667,-87.776205
41.78855,-87.7817666667
41.7849116667,-87.7809433333
41.786885,-87.7846233333
41.7848733333,-87.789475
41.784905,-87.794385
41.7848283333,-87.7980816667
41.7866233333,-87.8006633333
41.78239,-87.798475
41.7809316667,-87.7942833333
41.78127,-87.7904916667
41.7808433333,-87.7879466667
41.782625,-87.78623
41.7813983333,-87.7820466667
41.78149,-87.7783416667
41.784755,-87.7729383333
41.7871866667,-87.76885
41.7855616667,-87.7627983333
41.78159,-87.7734966667
41.7797533333,-87.7722016667
41.7811083333,-87.7773016667
41.7776166667,-87.7811383333
41.7781,-87.786135
41.7780483333,-87.79112
41.7787183333,-87.795865
41.77926,-87.8014866667
41.7760083333,-87.798255
41.7745933333,-87.8001433333
41.7732233333,-87.8004066667
41.7742533333,-87.7958033333
41.77474,-87.7885583333
41.7752,-87.7933116667
41.7753583333,-87.7835233333
41.7753766667,-87.7785716667
41.77736,-87.77623
41.77506,-87.772085
41.77834,-87.7726116667
41.7781733333,-87.7652183333
41.7756366667,-87.768875
41.7789633333,-87.76201
41.77717,-87.761035
41.7748216667,-87.76416
41.7761566667,-87.7609833333
41.7756333333,-87.7580683333
41.7777,-87.7555433333
41.7744883333,-87.756175
41.7759616667,-87.7524083333
41.7747716667,-87.7489583333
41.777915,-87.7470666667
41.7782533333,-87.743295
41.7768733333,-87.7455083333
41.7767016667,-87.7392033333
41.7802916667,-87.739305
41.7821683333,-87.7405733333
41.7839583333,-87.7393416667
41.7766583333,-87.7348333333
41.7789816667,-87.728865
41.7753916667,-87.7290966667
41.7751,-87.7232233333
41.7783033333,-87.72605
41.7803116667,-87.7259066667
41.7806216667,-87.7333833333
41.7840066667,-87.7277733333
41.7840566667,-87.7358883333
41.7822266667,-87.7251683333
41.7872283333,-87.7252683333
41.786665,-87.7324583333
41.7875583333,-87.7371766667
41.79123,-87.733553
41.78977,-87.7257316667
41.79141,-87.7237716667
41.7936816667,-87.7281683333
41.7931333333,-87.724245
41.79725,-87.7282866667
41.79501,-87.7323733333
41.7912183333,-87.7359866667
41.7935516667,-87.735305
41.79666,-87.7362083333
41.7985416667,-87.733715
41.798585,-87.72875
41.79899,-87.7235083333
41.8013766667,-87.7282516667
41.79666,-87.7422166667
41.7993383333,-87.7416766667
41.8007683333,-87.74171
41.782375,-87.7295966667
41.776866,-87.72204
41.7797983333,-87.7183566667
41.78055,-87.72339
41.784605,-87.7206016667
41.788145,-87.7194066667
41.7910233333,-87.72054
41.7937333333,-87.719355
41.7951516667,-87.722615
41.7970016667,-87.7201716667
41.8004916667,-87.7219883333
41.8041783333,-87.72069
41.80798,-87.7189283333
41.81169,-87.7198716667
41.8152,-87.7229933333
41.8233066667,-87.7242083333
41.7730083333,-87.7342016667
41.7749233333,-87.73785
41.7731433333,-87.737805
41.7748766667,-87.7427733333
41.7746033333,-87.72013
41.7721666667,-87.721955
41.7730583333,-87.7286783333
-9999,-9999
41.7503633333,-87.6472883333
41.7537116667,-87.6239133333
41.7784366667,-87.68149
41.7691183333,-87.683715
41.775515,-87.6697033333
41.7740416667,-87.6752616667
41.77408,-87.6634216667
41.75983,-87.67612
41.769805,-87.6741483333
41.7715933333,-87.6666666667
41.767685,-87.6678633333
41.7613083333,-87.6661233333
41.762788,-87.682724
41.7786416667,-87.6737633333
41.759385,-87.6799883333
41.7625566667,-87.6733966667
41.7816333333,-87.6755416667
41.75904,-87.6705383333
41.7793816667,-87.6689583333
41.7758616667,-87.68292
41.7662133333,-87.6761116667
41.7720716667,-87.6800983333
41.7932033333,-87.67947
41.79063,-87.68106
41.7902116667,-87.6772
41.7861483333,-87.6807533333
41.7841183333,-87.6768683333
41.78698,-87.6746333333
41.7943066667,-87.6704733333
41.7907466667,-87.6728616667
41.7901066667,-87.66871
41.7838066667,-87.6715833333
41.7851333333,-87.6638833333
41.78651,-87.6659666667
41.7904633333,-87.664395
41.79451,-87.66004
41.787005,-87.65681
41.7906166667,-87.6546066667
41.7934566667,-87.65489
41.79456,-87.65004
41.787788,-87.652177
41.7835566667,-87.65928
41.7828666667,-87.65496
41.7797016667,-87.6604516667
41.7759916667,-87.6593183333
41.774295,-87.6534733333
41.7720183333,-87.6550766667
41.7723,-87.6708883333
41.7690483333,-87.65436
41.7653966667,-87.6585216667
41.76574,-87.6640116667
41.7648183333,-87.6697533333
41.7617833333,-87.6697416667
41.7568983333,-87.67317
41.7570166667,-87.664515
41.759035,-87.659035
41.7641616667,-87.6589616667
41.7572266667,-87.6545316667
41.759385,-87.649408
41.7761983333,-87.6356333333
41.757795,-87.646507
41.768465,-87.6483266667
41.7706866667,-87.6457716667
41.77239,-87.64823
41.7763616667,-87.6469266667
41.77957,-87.6456166667
41.784865,-87.6477733333
41.79358,-87.6456483333
41.7946533333,-87.6404666667
41.793975,-87.6377933333
41.7942683333,-87.62867
41.7908733333,-87.6301916667
41.7917783333,-87.63419
41.79092,-87.6422416667
41.7875316667,-87.64132
41.78732,-87.6299183333
41.7837566667,-87.6300233333
41.785275,-87.6354433333
41.7848233333,-87.6428033333
41.7815916667,-87.6376083333
41.780035,-87.6293866667
41.778372,-87.63535
41.7606483333,-87.624475
41.7747783333,-87.6315316667
41.7762083333,-87.6394466667
41.772505,-87.6408133333
41.7725866667,-87.6267016667
41.76789,-87.6272233333
41.7688,-87.6304366667
41.7656866667,-87.627225
41.7688783333,-87.6373216667
41.7650983333,-87.6379166667
41.76272,-87.6374516667
41.7610666667,-87.631455
41.7577983333,-87.6310033333
41.7598366667,-87.6387566667
41.75946,-87.6834383333
41.773035,-87.6833
41.7791765,-87.6850646667
41.7615666667,-87.6490333333
41.7587866667,-87.6414633333
41.7714166667,-87.6347916667
41.789075,-87.637273
41.793075,-87.6742783333
41.7731,-87.6370883333
41.7654466667,-87.641345
41.7606166667,-87.641045
41.75977,-87.634475
41.7849416667,-87.6377833333
41.782825,-87.6427533333
41.7819816667,-87.6343566667
41.7686316667,-87.6801783333
41.79799,-87.65203
41.799485,-87.6671316667
41.7959266667,-87.654695
41.79624,-87.644565
41.7957566667,-87.66651
41.7962716667,-87.6827966667
41.796515,-87.67746
41.7967316667,-87.6726366667
41.7971333333,-87.6688216667
41.7993783333,-87.67031
41.7998333333,-87.6751583333
41.80069,-87.6817616667
41.8013883333,-87.6671266667
41.8015816667,-87.6457783333
41.80154,-87.655245
41.7996183333,-87.6628816667
41.7978466667,-87.66486
41.7973133333,-87.6602216667
41.8007383333,-87.6504616667
41.7973383333,-87.6475616667
41.7968566667,-87.6342216667
41.7979283333,-87.6430316667
41.8013616667,-87.638735
41.8012616667,-87.6299566667
41.8021633333,-87.6416633333
41.7989733333,-87.6250916667
41.789845,-87.6262633333
41.7871633333,-87.6263916667
41.7939033333,-87.6248466667
41.78578,-87.6258533333
41.7848266667,-87.6297083333
41.7831416667,-87.6259716667
41.7798283333,-87.6300833333
41.7776166667,-87.6250783333
41.7875383333,-87.6237316667
41.7804,-87.6240866667
41.7740083333,-87.62388
41.7724633333,-87.624415
41.7718983333,-87.6243466667
41.7727333333,-87.6207366667
41.7681916667,-87.6197516667
41.7675316667,-87.6236533333
41.7637833333,-87.6224566667
41.7652583333,-87.6264816667
41.7644483333,-87.61748
41.7653033333,-87.619445
41.7694066667,-87.61805
41.7710466667,-87.6185583333
41.7676633333,-87.61743
41.7565366667,-87.6175516667
41.7620866667,-87.6242516667
41.756595,-87.62254
41.7787933333,-87.629875
41.7545616667,-87.6712166667
41.75559,-87.676735
41.7596733333,-87.6642216667
41.7573066667,-87.6702683333
41.7515133333,-87.6768733333
41.75016,-87.6535183333
41.7498583333,-87.6725933333
41.7507,-87.66603
41.7584933333,-87.626925
41.7574166667,-87.6323083333
41.755733,-87.673874
41.75768,-87.6436016667
41.7548583333,-87.64556
41.7543816667,-87.6398966667
41.7508233333,-87.6258616667
41.7521766667,-87.644395
41.750336,-87.647299
41.7522383333,-87.6302616667
41.7503616667,-87.6730516667
41.7506866667,-87.6339616667
41.7582033333,-87.6206466667
41.7578033333,-87.62454
41.753722,-87.62392
41.7601883333,-87.6224483333
41.78482,-87.6839666667
41.7882166667,-87.6856016667
41.791965,-87.6842166667
41.7519066667,-87.680455
41.756395,-87.682885
41.7648133333,-87.684385
41.7503633333,-87.6472883333
41.7393016667,-87.6453166667
41.7537116667,-87.6239133333
41.7491916667,-87.6692933333
41.739655,-87.6623883333
41.75983,-87.67612
41.75904,-87.6705383333
41.7568983333,-87.67317
41.7570166667,-87.664515
41.759035,-87.659035
41.7572266667,-87.6545316667
41.759385,-87.649408
41.757795,-87.646507
41.7606483333,-87.624475
41.7577983333,-87.6310033333
41.7598366667,-87.6387566667
41.7587866667,-87.6414633333
41.75977,-87.634475
41.756595,-87.62254
41.7213666667,-87.6353266667
41.719735,-87.6317083333
41.7218116667,-87.6275916667
41.7223533333,-87.625185
41.721567,-87.623515
41.71475,-87.6202616667
41.7145333333,-87.6158016667
41.7545616667,-87.6712166667
41.75559,-87.676735
41.7596733333,-87.6642216667
41.7573066667,-87.6702683333
41.7515133333,-87.6768733333
41.7488266667,-87.6747183333
41.74505,-87.676325
41.743025,-87.68328
41.74317,-87.6834066667
41.735645,-87.6837883333
41.7352233333,-87.6710416667
41.7353466667,-87.6636483333
41.7363083333,-87.6585116667
41.73587,-87.6532
41.735703,-87.647605
41.7363683333,-87.64378
41.7392633333,-87.645245
41.74547,-87.65152
41.75016,-87.6535183333
41.7491983333,-87.669245
41.7424266667,-87.6768933333
41.7411083333,-87.67697
41.73842,-87.668505
41.739643,-87.662413
41.7427983333,-87.65388
41.73951,-87.6577133333
41.7378916667,-87.65363
41.7394916667,-87.6516716667
41.7432333333,-87.6438333333
41.7431033333,-87.6492466667
41.74326,-87.666335
41.7482416667,-87.669105
41.74683,-87.6724266667
41.7498583333,-87.6725933333
41.7507,-87.66603
41.7458133333,-87.660045
41.7460116667,-87.6468833333
41.74907,-87.65801
41.746755,-87.6632933333
41.7584933333,-87.626925
41.7574166667,-87.6323083333
41.755733,-87.673874
41.75768,-87.6436016667
41.7354083333,-87.6395266667
41.7357066667,-87.63257
41.7371066667,-87.6370483333
41.734355,-87.6318233333
41.72943,-87.6329766667
41.7254033333,-87.63295
41.7216966667,-87.632855
41.7289316667,-87.628995
41.72608,-87.6303666667
41.7227216667,-87.6301133333
41.7261016667,-87.6257183333
41.7548583333,-87.64556
41.7543816667,-87.6398966667
41.7508233333,-87.6258616667
41.745705,-87.6345866667
41.748665,-87.6352733333
41.747085,-87.6391683333
41.7464816667,-87.6277216667
41.7440216667,-87.6286466667
41.7521766667,-87.644395
41.7473433333,-87.64444
41.7503716667,-87.6472816667
41.7470633333,-87.6310166667
41.7522383333,-87.6302616667
41.7416016667,-87.6480133333
41.7395633333,-87.6486833333
41.73774,-87.6497133333
41.7378266667,-87.6461383333
41.7418816667,-87.6267333333
41.743465,-87.6316683333
41.7290566667,-87.6264316667
41.7503616667,-87.6730516667
41.7506866667,-87.6339616667
41.7363866667,-87.62955
41.7386883333,-87.6265416667
41.7219266667,-87.6220466667
41.72532,-87.6199033333
41.724245,-87.6233233333
41.7273333333,-87.6185916667
41.73897,-87.62005
41.7456766667,-87.62037
41.7364383333,-87.6240316667
41.740195,-87.62344
41.7449,-87.6239666667
41.7578033333,-87.62454
41.753722,-87.62392
41.7465866667,-87.6834133333
41.7495333333,-87.6798433333
41.7519066667,-87.680455
41.756395,-87.682885
41.7537116667,-87.6239133333
41.7589633333,-87.5936483333
41.7602383333,-87.5979616667
41.760525,-87.6036916667
41.7590016667,-87.6076766667
41.756635,-87.607315
41.756567,-87.6119058333
41.7565366667,-87.6175516667
41.756595,-87.62254
41.7542933333,-87.5950816667
41.7501233333,-87.596545
41.7472916667,-87.5968466667
41.736485,-87.5941783333
41.7290716667,-87.6038133333
41.725785,-87.5971533333
41.7286083333,-87.59656
41.753315,-87.5924566667
41.7513583333,-87.59382
41.7582,-87.5930733333
41.756645,-87.59209
41.721567,-87.623515
41.7201516667,-87.6159933333
41.7196883333,-87.6109283333
41.720119,-87.602896
41.7584933333,-87.626925
41.7261016667,-87.6257183333
41.7508233333,-87.6258616667
41.7464816667,-87.6277216667
41.7440216667,-87.6286466667
41.7418816667,-87.6267333333
41.7290566667,-87.6264316667
41.7223816667,-87.6050733333
41.7257866667,-87.6047033333
41.7356433333,-87.6017433333
41.740105,-87.6008183333
41.743675,-87.5996683333
41.7460716667,-87.60091
41.7219266667,-87.6220466667
41.7215483333,-87.617475
41.72213,-87.6144933333
41.722255,-87.6095733333
41.72884,-87.60732
41.726055,-87.6092283333
41.7254083333,-87.6143333333
41.72532,-87.6199033333
41.724245,-87.6233233333
41.7273333333,-87.6185916667
41.72933,-87.6149166667
41.7326066667,-87.606485
41.7370316667,-87.6038983333
41.7407866667,-87.6077583333
41.7431183333,-87.6102866667
41.7475983333,-87.6049916667
41.73245,-87.6146066667
41.7367966667,-87.613365
41.73897,-87.62005
41.7345233333,-87.618605
41.7458266667,-87.6093583333
41.7456766667,-87.62037
41.7361016667,-87.6097433333
41.732435,-87.6097066667
41.7302766667,-87.6112533333
41.7323666667,-87.6189183333
41.7364383333,-87.6240316667
41.741925,-87.6149816667
41.740195,-87.62344
41.7449,-87.6239666667
41.7516433333,-87.5975883333
41.7550766667,-87.5987216667
41.757608,-87.598723
41.7582833333,-87.6034416667
41.7582033333,-87.6206466667
41.7578033333,-87.62454
41.7538083333,-87.6025233333
41.7513316667,-87.60511
41.75198,-87.6174683333
41.753722,-87.62392
41.75349,-87.6130883333
41.7549416667,-87.6084066667
41.7514733333,-87.613625
41.7546466667,-87.617495
41.7555766667,-87.6152033333
41.73908,-87.6240433333
41.75858,-87.6100866667
41.7585033333,-87.6052616667
41.7601883333,-87.6224483333
41.7587666667,-87.6166533333
41.760215,-87.6097233333
41.7601883333,-87.61335
41.749557,-87.593493
41.7460266667,-87.59472
41.7366916667,-87.59875
41.7307233333,-87.5985416667
41.74959,-87.5984883333
41.7480266667,-87.6011466667
41.7446683333,-87.6041233333
41.75817,-87.6142083333
41.7290716667,-87.6038133333
41.722405,-87.5925333333
41.725785,-87.5971533333
41.724133,-87.594743
41.7254083333,-87.5923883333
41.724835,-87.5892666667
41.7241916667,-87.5871133333
41.7216916667,-87.6320233333
41.7213666667,-87.6353266667
41.719735,-87.6317083333
41.7188033333,-87.6345783333
41.7162716667,-87.6303933333
41.71611,-87.634475
41.71423,-87.629055
41.71149,-87.6344
41.7108416667,-87.6302466667
41.7090133333,-87.6301933333
41.7088816667,-87.6343416667
41.7058466667,-87.6286333333
41.70474,-87.6342166667
41.70165,-87.62878
41.7016333333,-87.6336183333
41.6979683333,-87.6335933333
41.6956983333,-87.63032
41.695438,-87.633265
41.6939033333,-87.6302916667
41.69222,-87.63316
41.6919733333,-87.6277566667
41.6949133333,-87.6255166667
41.6924716667,-87.6253833333
41.696525,-87.626625
41.699395,-87.6243883333
41.7007233333,-87.6264083333
41.70351,-87.62756
41.7076016667,-87.6246666667
41.7108,-87.62662
41.70983,-87.6229366667
41.7126566667,-87.626675
41.712565,-87.6229883333
41.7149166667,-87.6260983333
41.71814,-87.6267933333
41.7181016667,-87.629235
41.7218116667,-87.6275916667
41.7223533333,-87.625185
41.721567,-87.623515
41.7174266667,-87.621705
41.7201516667,-87.6159933333
41.71644,-87.6182766667
41.71475,-87.6202616667
41.7145333333,-87.6158016667
41.7126566667,-87.61942
41.7124783333,-87.6145233333
41.710829,-87.618656
41.707115,-87.6200283333
41.7052416667,-87.6235266667
41.70542,-87.6168016667
41.7034583333,-87.62057
41.703345,-87.62359
41.6999783333,-87.6207766667
41.696385,-87.621135
41.6924866667,-87.6211966667
41.69437,-87.6179883333
41.6924483333,-87.616415
41.6968733333,-87.6146366667
41.6995216667,-87.6146966667
41.701795,-87.6167166667
41.7037466667,-87.61305
41.707545,-87.61273
41.7102283333,-87.6170533333
41.712015,-87.6083933333
41.709295,-87.610795
41.7123933333,-87.6064066667
41.71669,-87.6088183333
41.718265,-87.6146416667
41.7196883333,-87.6109283333
41.720185,-87.6029566667
41.7166883333,-87.6036866667
41.6926683333,-87.6122433333
41.6944983333,-87.6047666667
41.6927483333,-87.6056683333
41.6981666667,-87.6104416667
41.70236,-87.6087133333
41.70731,-87.609095
41.702085,-87.6045533333
41.70475,-87.6064533333
41.7083666667,-87.605235
41.698355,-87.6062883333
41.695,-87.6063883333
41.6923266667,-87.603495
41.6974033333,-87.5962033333
41.7054716667,-87.601645
41.714575,-87.6003816667
41.7095316667,-87.6014183333
41.6986916667,-87.59755
41.7074683333,-87.59582
41.70668,-87.6026083333
41.70845,-87.59511
41.71497,-87.5940116667
41.717617,-87.59082
41.71729,-87.59658
41.694255,-87.59905
41.6972766667,-87.6017466667
41.7139166667,-87.6339066667
41.718525,-87.597635
41.69069,-87.63316
41.6888266667,-87.6280683333
41.688415,-87.6256116667
41.6902733333,-87.6216816667
41.687355,-87.6215916667
41.6852533333,-87.62544
41.6853133333,-87.6290133333
41.68634,-87.6329266667
41.6839083333,-87.6335533333
41.6856633333,-87.637175
41.681917,-87.637792
41.68476,-87.6427133333
41.6819366667,-87.64129
41.6854766667,-87.6471083333
41.6830466667,-87.6470733333
41.68546,-87.6494083333
41.68306,-87.6512483333
41.6853933333,-87.65542
41.6844266667,-87.6550583333
41.6851283333,-87.6589833333
41.6849433333,-87.66319
41.6809466667,-87.6552316667
41.679535,-87.65844
41.6782483333,-87.6523566667
41.68145,-87.65119
41.680898,-87.647378
41.679665,-87.64388
41.6798133333,-87.63773
41.6802483333,-87.6334516667
41.6793533333,-87.6286266667
41.68265,-87.6206016667
41.6779066667,-87.6225266667
41.6793433333,-87.6262516667
41.6779616667,-87.6297716667
41.6772883333,-87.6405833333
33.8582966667,-117.820405
41.6757633333,-87.649785
41.6757483333,-87.6542966667
41.6768916667,-87.657535
41.674332,-87.662741
41.6721633333,-87.654505
41.672725,-87.6506216667
41.6727466667,-87.644365
41.672469,-87.641087
41.6768433333,-87.632785
41.6762266667,-87.6255983333
41.676425,-87.6205766667
41.6726366667,-87.624295
41.670625,-87.6266533333
41.66978,-87.6232366667
41.672545,-87.631495
41.6700833333,-87.6320416667
41.6670166667,-87.6264783333
41.667665,-87.6229083333
41.6664066667,-87.6200783333
41.6653566667,-87.6300966667
41.6670016667,-87.6326183333
41.6725116667,-87.6363733333
41.67042,-87.641525
41.6700716667,-87.6478016667
41.6704383333,-87.6557133333
41.668785,-87.64107
41.6688633333,-87.6385533333
41.66481,-87.6382766667
41.6621783333,-87.6389633333
41.66418,-87.6345466667
41.66069,-87.6371916667
41.6605683333,-87.6420433333
41.66317,-87.6445633333
41.6627083333,-87.650595
41.6603683333,-87.6461266667
41.659005,-87.642435
41.6589533333,-87.6385866667
41.65865,-87.63638
41.6605283333,-87.6347766667
41.663446,-87.630013
41.6886983333,-87.6156416667
41.6892183333,-87.6126116667
41.6905516667,-87.60948
41.6873016667,-87.6064466667
41.6900783333,-87.6010833333
41.6856166667,-87.6069616667
41.6886716667,-87.608795
41.6858566667,-87.6094033333
41.685958,-87.611289
41.6859633333,-87.61503
41.68556,-87.6178333333
41.6840133333,-87.619845
41.6818283333,-87.6174083333
41.68294,-87.612976
41.6806433333,-87.6087866667
41.6794483333,-87.6022833333
41.6766816667,-87.6035933333
41.6804716667,-87.6146316667
41.679854,-87.61729
41.678245,-87.6154283333
41.6752666667,-87.6171066667
41.673571,-87.6197021667
41.672139,-87.61776
41.66902,-87.6181766667
41.66394,-87.6186033333
41.65949,-87.6169783333
41.659221,-87.611941
41.65775,-87.617398
41.6555833333,-87.60896
41.657269,-87.606538
41.6549383333,-87.604795
41.659285,-87.603633
41.655721,-87.601245
41.6585616667,-87.5972083333
41.6557066667,-87.5964916667
41.659073,-87.593681
41.6565483333,-87.5893133333
41.6538833333,-87.616385
41.65398,-87.6146216667
41.6517083333,-87.6171733333
41.6512466667,-87.6146183333
41.6521816667,-87.6100716667
41.6525483333,-87.6045533333
41.6532666667,-87.600745
41.65485,-87.5988566667
41.651935,-87.5991266667
41.6551716667,-87.5947883333
41.6789,-87.619955
41.6780066667,-87.6203616667
41.7216966667,-87.632855
41.72608,-87.6303666667
41.7227216667,-87.6301133333
41.7261016667,-87.6257183333
41.7290566667,-87.6264316667
41.7223816667,-87.6050733333
41.7257866667,-87.6047033333
41.7219266667,-87.6220466667
41.7215483333,-87.617475
41.72213,-87.6144933333
41.722352,-87.60956
41.726055,-87.6092283333
41.7254083333,-87.6143333333
41.72532,-87.6199033333
41.724245,-87.6233233333
41.7273333333,-87.6185916667
41.72933,-87.6149166667
41.7302766667,-87.6112533333
41.7307233333,-87.5985416667
41.6663616667,-87.5586683333
41.6642366667,-87.5543333333
41.6627833333,-87.5579716667
41.6610633333,-87.5562833333
41.6625783333,-87.5536466667
41.65973,-87.5579483333
41.657446,-87.555097
41.6587633333,-87.5531066667
41.655585,-87.5525916667
41.65676,-87.5506816667
41.6528133333,-87.5514433333
41.6555866667,-87.54656
41.6518916667,-87.5459616667
41.6502216667,-87.5478
41.64993,-87.5430133333
41.647695,-87.54273
41.6501183333,-87.5379833333
41.6488816667,-87.5398666667
41.6488666667,-87.5373383333
41.6518033333,-87.5343933333
41.6517766667,-87.5301416667
41.6535716667,-87.5380733333
41.6537583333,-87.5404583333
41.654645,-87.544025
41.657235,-87.5380683333
41.657295,-87.5429383333
41.6590466667,-87.539725
41.6589133333,-87.5446283333
41.6594716667,-87.5489966667
41.6609483333,-87.5502183333
41.6627616667,-87.5513833333
41.722795,-87.5826816667
41.724305,-87.5807966667
41.7241916667,-87.5871133333
41.7242966667,-87.5820716667
41.7244633333,-87.568595
41.72453,-87.5650133333
41.724585,-87.56008
41.7246683333,-87.5552233333
41.7285416667,-87.5416133333
41.7292383333,-87.5356283333
41.7298783333,-87.53112
41.7229266667,-87.535685
41.72591,-87.5385233333
41.7243033333,-87.527415
41.7094183333,-87.5804083333
41.721553,-87.579703
41.723055,-87.5765866667
41.722165,-87.5738566667
41.7219583333,-87.5705833333
41.722132,-87.566707
41.723135,-87.5534033333
41.7192166667,-87.5503383333
41.7196916667,-87.549585
41.72038,-87.5537383333
41.72165,-87.559988
41.7190666667,-87.5600916667
41.72025,-87.5617916667
41.7187716667,-87.57222
41.7203783333,-87.56681
41.7188733333,-87.5758666667
41.717405,-87.5753416667
41.71421,-87.5673983333
41.7157816667,-87.5682533333
41.71432,-87.5717516667
41.7133983333,-87.565515
41.7118266667,-87.5620383333
41.7135066667,-87.5617466667
41.71428,-87.5591
41.715885,-87.5532533333
41.717243,-87.55026
41.719575,-87.556515
41.7171916667,-87.557295
41.71554,-87.5558416667
41.7156016667,-87.5517283333
41.713665,-87.5505716667
41.7085883333,-87.5523433333
41.7117433333,-87.5516483333
41.713545,-87.553265
41.711857,-87.538807
41.7109466667,-87.5590516667
41.708261,-87.561597
41.709965,-87.5651133333
41.7099816667,-87.5530683333
41.706513,-87.555145
41.70604,-87.5591533333
41.702673,-87.560052
41.6991983333,-87.5607966667
41.697837,-87.561403
41.695395,-87.5596466667
41.700069,-87.562262
41.7029483333,-87.562625
41.7047116667,-87.561075
41.7055966667,-87.56562
41.707565,-87.5685816667
41.7082316667,-87.56567
41.7064316667,-87.5627033333
41.711767,-87.56682
41.71294,-87.5693416667
41.709785,-87.5695466667
41.7227133333,-87.544755
41.7230816667,-87.5403633333
41.7226683333,-87.5387466667
41.72139,-87.5364883333
41.7196566667,-87.5334316667
41.7195666667,-87.5388383333
41.7195666667,-87.53606
41.7178416667,-87.537555
41.7178066667,-87.535905
41.7178566667,-87.5333866667
41.7183283333,-87.5313366667
41.7154333333,-87.5334266667
41.7159183333,-87.5361866667
41.7137816667,-87.5395433333
41.7137666667,-87.5381966667
41.712475,-87.53512
41.7102166667,-87.5362366667
41.7085783333,-87.53997
41.7082966667,-87.5382633333
41.7062,-87.5419533333
41.7022883333,-87.5412283333
41.706435,-87.5371483333
41.7070633333,-87.535005
41.7092133333,-87.5319
41.7082566667,-87.5321683333
41.7075266667,-87.5303866667
41.70529,-87.52799
41.703727,-87.525775
41.706519,-87.532244
41.704615,-87.5310766667
41.7029216667,-87.53366
41.7025683333,-87.5287233333
41.704695,-87.53548
41.7028366667,-87.5411866667
41.70468,-87.5382983333
41.70283,-87.5312283333
41.7180016667,-87.5644216667
41.70284,-87.5436033333
41.7008766667,-87.54201
41.699675,-87.545747
41.695535,-87.53459
41.7008166667,-87.5298483333
41.69722,-87.537135
41.7008666667,-87.5382916667
41.6991533333,-87.5246033333
41.70085,-87.533565
41.698517,-87.533312
41.7008333333,-87.5251683333
41.69943,-87.539025
41.6955566667,-87.5316283333
41.6973683333,-87.52812
41.6971366667,-87.52523
41.69929,-87.5431366667
41.695604,-87.54312
41.697235,-87.5407483333
41.69541,-87.5382766667
41.6936216667,-87.53956
41.6936316667,-87.5382516667
41.69376,-87.5359033333
41.691365,-87.535705
41.689965,-87.5347183333
41.688355,-87.53158
41.6876066667,-87.53589
41.69134,-87.53756
41.6919366667,-87.5402666667
41.690125,-87.54075
41.6973666667,-87.53401
41.687206,-87.539175
41.69008,-87.537617
41.688312,-87.540279
41.6917333333,-87.5252
41.6833216667,-87.5396666667
41.6826083333,-87.535415
41.680005,-87.538175
41.6849166667,-87.5403166667
41.6810233333,-87.5340916667
41.6806283333,-87.53668
41.67878,-87.539605
41.6764366667,-87.5392416667
41.6849466667,-87.5402783333
41.68465,-87.53228
41.682804,-87.532082
41.695375,-87.5252933333
41.6935866667,-87.5288866667
41.69232,-87.5282266667
41.686335,-87.5335066667
41.7606083333,-87.5601683333
41.7589566667,-87.5648316667
41.758605,-87.5691966667
41.7609316667,-87.5656666667
41.7244633333,-87.568595
41.7265933333,-87.5672283333
41.72453,-87.5650133333
41.72634,-87.5621866667
41.726575,-87.55971
41.724585,-87.56008
41.7246683333,-87.5552233333
41.729788,-87.57005
41.7298316667,-87.5652083333
41.7313016667,-87.5608166667
41.7276983333,-87.5566583333
41.7276016667,-87.5607616667
41.7329766667,-87.5676883333
41.7317783333,-87.568855
41.7353966667,-87.56898
41.733745,-87.5648
41.7570316667,-87.5692833333
41.7574983333,-87.56586
41.75673,-87.563035
41.7592483333,-87.56164
41.7579583333,-87.555795
41.758295,-87.555525
41.7556116667,-87.5565783333
41.7569633333,-87.5525833333
41.7523783333,-87.5555283333
41.7554733333,-87.5507833333
41.7534433333,-87.5526066667
41.752985,-87.5498366667
41.752315,-87.54892
41.75561,-87.5452716667
41.7544583333,-87.54541
41.75788,-87.5484016667
41.7536433333,-87.5680866667
41.7513683333,-87.5696383333
41.7534133333,-87.5644166667
41.7514116667,-87.5645433333
41.751225,-87.5631833333
41.7552266667,-87.5629483333
41.75332,-87.5623116667
41.7535066667,-87.559565
41.7517716667,-87.5591266667
41.752161,-87.553839
41.7492183333,-87.569165
41.7463883333,-87.5703583333
41.7469583333,-87.56211
41.749983,-87.566776
41.7463433333,-87.56642
41.750055,-87.5607366667
41.7481883333,-87.5577366667
41.7500183333,-87.5535716667
41.7505266667,-87.5494616667
41.7482983333,-87.5481966667
41.7482433333,-87.5534533333
41.7449483333,-87.5499966667
41.7464333333,-87.554815
41.7501933333,-87.55701
41.7482633333,-87.5534716667
41.7472733333,-87.5527066667
41.74661,-87.5472866667
41.7435633333,-87.5472683333
41.7440116667,-87.5425966667
41.7410466667,-87.5435683333
41.7393966667,-87.54231
41.7412,-87.5459816667
41.739348,-87.54507
41.7373566667,-87.5437816667
41.7324366667,-87.5448466667
41.7337916667,-87.5428366667
41.7285416667,-87.5416133333
41.7292383333,-87.5356283333
41.7273366667,-87.5453383333
41.7300433333,-87.5457866667
41.7263916667,-87.5471066667
41.72591,-87.5385233333
41.740325,-87.5688266667
41.7379233333,-87.5663766667
41.7372433333,-87.5640666667
41.7362533333,-87.5614383333
41.7334366667,-87.5602483333
41.7333783333,-87.5565533333
41.7303033333,-87.5552333333
41.7320133333,-87.554205
41.7335583333,-87.5527016667
41.731765,-87.5508883333
41.72963,-87.548035
41.7287483333,-87.5497766667
41.7303583333,-87.553885
41.72615,-87.5498716667
41.7277133333,-87.54978
41.7354266667,-87.555405
41.7343966667,-87.55633
41.7371733333,-87.5585433333
41.7374183333,-87.5555116667
41.7373216667,-87.5525583333
41.7354883333,-87.5508166667
41.7388333333,-87.5519333333
41.7442483333,-87.5527966667
41.7409133333,-87.5551383333
41.7444866667,-87.55996
41.745061,-87.556323
41.74217,-87.5596666667
41.742702,-87.556307
41.7390066667,-87.5610666667
41.7391066667,-87.56299
41.741287,-87.565242
41.7426883333,-87.56909
41.742775,-87.56316
41.7444816667,-87.5662383333
41.741015,-87.5569383333
41.739265,-87.556905
41.7258083333,-87.554065
41.7246533333,-87.5524933333
41.722132,-87.566707
41.723135,-87.5534033333
41.7196916667,-87.549585
41.72038,-87.5537383333
41.72165,-87.559988
41.72025,-87.5617916667
41.7203783333,-87.56681
41.7227133333,-87.544755
41.7230816667,-87.5403633333
41.7527316667,-87.5880016667
41.7748516667,-87.58675
41.7589566667,-87.5648316667
41.758605,-87.5691966667
41.7606333333,-87.5730916667
41.7589433333,-87.57625
41.7587866667,-87.579965
41.760706,-87.579894
41.7590283333,-87.589245
41.7589633333,-87.5936483333
41.76068,-87.56946
41.7609316667,-87.5656666667
41.7593716667,-87.5724066667
41.7542933333,-87.5950816667
41.7501233333,-87.596545
41.7472916667,-87.5968466667
41.7437183333,-87.593885
41.736485,-87.5941783333
41.733285,-87.5961016667
41.7290716667,-87.6038133333
41.722405,-87.5925333333
41.722795,-87.5826816667
41.724305,-87.5807966667
41.725785,-87.5971533333
41.734925,-87.5923816667
41.7286083333,-87.59656
41.724133,-87.594743
41.7254083333,-87.5923883333
41.724835,-87.5892666667
41.7294316667,-87.594385
41.7312816667,-87.5956816667
41.7296483333,-87.5886666667
41.7279133333,-87.5873883333
41.726465,-87.5866
41.7241916667,-87.5871133333
41.726615,-87.58326
41.7242966667,-87.5820716667
41.7265966667,-87.5765783333
41.7294583333,-87.5762116667
41.7285866667,-87.584905
41.7292566667,-87.582825
41.7308133333,-87.5860916667
41.73145,-87.5899083333
41.7262,-87.5744
41.7256483333,-87.5716466667
41.7244633333,-87.568595
41.7265933333,-87.5672283333
41.72453,-87.5650133333
41.72634,-87.5621866667
41.728085,-87.5725
41.7298016667,-87.5701116667
41.7298316667,-87.5652083333
41.7313016667,-87.5608166667
41.7333183333,-87.5886916667
41.7315616667,-87.583385
41.73331,-87.5860116667
41.7279116667,-87.5797966667
41.7335,-87.579815
41.7334966667,-87.582275
41.7372933333,-87.5840116667
41.7316016667,-87.57865
41.7316833333,-87.5749
41.7374433333,-87.58048
41.7389216667,-87.5787916667
41.73886,-87.573965
41.7385183333,-87.5730783333
41.73808,-87.5709483333
41.735225,-87.5834816667
41.7353033333,-87.5799283333
41.7352566667,-87.5787833333
41.7369233333,-87.5771433333
41.73348,-87.576295
41.7335766667,-87.572645
41.73523,-87.57401
41.7317383333,-87.5725816667
41.7329766667,-87.5676883333
41.7317783333,-87.568855
41.7353966667,-87.56898
41.733745,-87.5648
41.753315,-87.5924566667
41.7513583333,-87.59382
41.7497283333,-87.592445
41.751345,-87.5889883333
41.749725,-87.5877416667
41.7482233333,-87.591255
41.7459683333,-87.5935833333
41.7460783333,-87.5891216667
41.74772,-87.585645
41.7423266667,-87.5847583333
41.7426466667,-87.5811183333
41.7422516667,-87.5759616667
41.7400233333,-87.5784866667
41.7394533333,-87.581195
41.7390266667,-87.5849733333
41.7391966667,-87.5876033333
41.737205,-87.5899666667
41.7404433333,-87.589715
41.7497133333,-87.5778
41.7582,-87.5930733333
41.76038,-87.59038
41.7582716667,-87.5907033333
41.7593733333,-87.5865383333
41.7572683333,-87.58852
41.756645,-87.59209
41.7585766667,-87.5850716667
41.7579733333,-87.5765233333
41.757035,-87.573235
41.7570316667,-87.5692833333
41.7574983333,-87.56586
41.75673,-87.563035
41.75462,-87.5902616667
41.7551716667,-87.5827866667
41.752758,-87.588003
41.7531533333,-87.5840716667
41.753419,-87.582063
41.7534016667,-87.577925
41.7532283333,-87.5764233333
41.752185,-87.5739033333
41.7552233333,-87.57423
41.75355,-87.5716566667
41.7536433333,-87.5680866667
41.7513683333,-87.5696383333
41.7534133333,-87.5644166667
41.7514116667,-87.5645433333
41.7552266667,-87.5629483333
41.7512866667,-87.581825
41.7518566667,-87.5798766667
41.7484266667,-87.5816716667
41.7497633333,-87.5808183333
41.7486016667,-87.5755466667
41.74602,-87.5736733333
41.747895,-87.5791716667
41.74993,-87.5717083333
41.7492183333,-87.569165
41.7463883333,-87.5703583333
41.7469583333,-87.56211
41.750025,-87.5667066667
41.7463433333,-87.56642
41.750055,-87.5607366667
41.7449466667,-87.5767333333
41.743969,-87.572124
41.74221,-87.57318
41.740325,-87.5688266667
41.7379233333,-87.5663766667
41.7372433333,-87.5640666667
41.7391066667,-87.56299
41.741287,-87.565242
41.7426883333,-87.56909
41.742775,-87.56316
41.7444816667,-87.5662383333
41.721553,-87.579703
41.723055,-87.5765866667
41.722165,-87.5738566667
41.7219583333,-87.5705833333
41.722132,-87.566707
41.7223816667,-87.6050733333
41.7257866667,-87.6047033333
41.7356433333,-87.6017433333
41.740105,-87.6008183333
41.743675,-87.5996683333
41.7460716667,-87.60091
41.7370316667,-87.6038983333
41.7516433333,-87.5975883333
41.7550766667,-87.5987216667
41.757608,-87.598723
41.749557,-87.593493
41.7460266667,-87.59472
41.7366916667,-87.59875
41.7307233333,-87.5985416667
41.74959,-87.5984883333
41.7480266667,-87.6011466667
41.7761983333,-87.6356333333
41.7908733333,-87.6301916667
41.7917783333,-87.63419
41.78732,-87.6299183333
41.7837566667,-87.6300233333
41.785275,-87.6354433333
41.7848233333,-87.6428033333
41.7815916667,-87.6376083333
41.780035,-87.6293866667
41.7606483333,-87.624475
41.7747783333,-87.6315316667
41.7762083333,-87.6394466667
41.7725866667,-87.6267016667
41.76789,-87.6272233333
41.7688,-87.6304366667
41.7656866667,-87.627225
41.7688783333,-87.6373216667
41.7650983333,-87.6379166667
41.76272,-87.6374516667
41.7610666667,-87.631455
41.7577983333,-87.6310033333
41.7714166667,-87.6347916667
41.7731,-87.6370883333
41.7654466667,-87.641345
41.75977,-87.634475
41.7849416667,-87.6377833333
41.782825,-87.6427533333
41.7819816667,-87.6343566667
41.7943316667,-87.6207183333
41.789845,-87.6262633333
41.7944133333,-87.6173166667
41.7871633333,-87.6263916667
41.7892183333,-87.6166516667
41.7939033333,-87.6248466667
41.79346,-87.6150066667
41.801465,-87.5883283333
41.798135,-87.5833166667
41.798345,-87.5922683333
41.7943633333,-87.6010866667
41.7911366667,-87.6025033333
41.7882716667,-87.6064433333
41.7855583333,-87.6036366667
41.7879,-87.6000466667
41.7922833333,-87.60001
41.7847883333,-87.6009
41.7855483333,-87.59723
41.7911316667,-87.5869933333
41.7954,-87.5804166667
41.7933833333,-87.5896633333
41.79218,-87.6059016667
41.7799033333,-87.6107266667
41.778525,-87.6082183333
41.78553,-87.5905533333
41.7839416667,-87.6061166667
41.7837633333,-87.6158883333
41.7853616667,-87.6141383333
41.7808016667,-87.61316
41.7784183333,-87.61308
41.7798633333,-87.6167366667
41.78578,-87.6258533333
41.7848266667,-87.6297083333
41.7831416667,-87.6259716667
41.7798283333,-87.6300833333
41.7776166667,-87.6250783333
41.78237,-87.6066266667
41.7748383333,-87.6161983333
41.7767766667,-87.612565
41.7755016667,-87.6087116667
41.7731666667,-87.61078
41.77483,-87.6117516667
41.77339,-87.61411
41.7842083333,-87.62135
41.7875383333,-87.6237316667
41.7804,-87.6240866667
41.7740083333,-87.62388
41.7803466667,-87.6044566667
41.7840233333,-87.6013566667
41.7821733333,-87.6005183333
41.77663,-87.6058066667
41.784085,-87.59556
41.7842116667,-87.5909683333
41.7816883333,-87.5868033333
41.780485,-87.586269
41.7731966667,-87.58868
41.7776433333,-87.601545
41.7809783333,-87.6009933333
41.7724633333,-87.624415
41.7789283333,-87.5938383333
41.773535,-87.5939833333
41.77341,-87.6014616667
41.776819,-87.599231
41.7785033333,-87.58988
41.7748516667,-87.58675
41.7754383333,-87.5909416667
41.7938233333,-87.586735
41.79375,-87.5820766667
41.7813383333,-87.58291
41.7817683333,-87.5770833333
41.7926416667,-87.5800616667
41.775445,-87.5716833333
41.7646383333,-87.593265
41.7726683333,-87.5769533333
41.7732766667,-87.5733566667
41.76672,-87.57111
41.7660183333,-87.5649866667
41.7681716667,-87.56378
41.7638233333,-87.5619183333
41.7603066667,-87.556535
41.7606083333,-87.5601683333
41.7624133333,-87.56696
41.7589566667,-87.5648316667
41.758605,-87.5691966667
41.7606333333,-87.5730916667
41.7589433333,-87.57625
41.7587866667,-87.579965
41.760706,-87.579894
41.7623666667,-87.58285
41.7590283333,-87.589245
41.7589633333,-87.5936483333
41.7628083333,-87.5932483333
41.7637,-87.590845
41.7672916667,-87.5906666667
41.7712916667,-87.591775
41.7647516667,-87.588325
41.7698433333,-87.5856983333
41.7676666667,-87.5874566667
41.769585,-87.5817133333
41.76885,-87.5768166667
41.765979,-87.577469
41.764205,-87.5720383333
41.7624266667,-87.5693333333
41.7621966667,-87.5758166667
41.76068,-87.56946
41.76468,-87.581755
41.769745,-87.5721966667
41.76433,-87.6001466667
41.7602383333,-87.5979616667
41.77054,-87.6117116667
41.7683516667,-87.594075
41.7718983333,-87.6243466667
41.7727333333,-87.6207366667
41.7713183333,-87.6214166667
41.7681916667,-87.6197516667
41.7675316667,-87.6236533333
41.7637833333,-87.6224566667
41.7652583333,-87.6264816667
41.7644483333,-87.61748
41.7653033333,-87.619445
41.7694066667,-87.61805
41.7710466667,-87.6185583333
41.7676633333,-87.61743
41.7670733333,-87.6114716667
41.7654433333,-87.6087616667
41.763855,-87.6110166667
41.7639266667,-87.6074266667
41.7620966667,-87.609825
41.7623583333,-87.6043833333
41.7640716667,-87.59572
41.760525,-87.6036916667
41.7590016667,-87.6076766667
41.7606433333,-87.6073833333
41.756635,-87.607315
41.76028,-87.6121616667
41.7565906667,-87.6119346667
41.7565366667,-87.6175516667
41.7620866667,-87.6242516667
41.756595,-87.62254
41.7714916667,-87.6066033333
41.7713533333,-87.5820816667
41.7609316667,-87.5656666667
41.7643166667,-87.5695533333
41.7622433333,-87.5636333333
41.7593716667,-87.5724066667
41.769905,-87.58976
41.762145,-87.616275
41.7787933333,-87.629875
41.775825,-87.5793416667
41.770765,-87.5704966667
41.786363,-87.583011
41.7730516667,-87.582425
41.769535,-87.5848033333
41.773465,-87.5899116667
41.7751733333,-87.5979633333
41.7729266667,-87.58536
41.785396,-87.609219
41.782408,-87.610366
41.7542933333,-87.5950816667
41.7501233333,-87.596545
41.753315,-87.5924566667
41.7513583333,-87.59382
41.751345,-87.5889883333
41.7582,-87.5930733333
41.76038,-87.59038
41.7582716667,-87.5907033333
41.7593733333,-87.5865383333
41.7572683333,-87.58852
41.756645,-87.59209
41.7585766667,-87.5850716667
41.7579733333,-87.5765233333
41.757035,-87.573235
41.7570316667,-87.5692833333
41.7574816667,-87.565885
41.75673,-87.563035
41.7592233333,-87.561645
41.7579583333,-87.555795
41.758295,-87.555525
41.7556116667,-87.5565783333
41.7569633333,-87.5525833333
41.7554733333,-87.5507833333
41.7534433333,-87.5526066667
41.75788,-87.5484016667
41.7551716667,-87.5827866667
41.752758,-87.588003
41.7531533333,-87.5840716667
41.7534016667,-87.577925
41.7532283333,-87.5764233333
41.752185,-87.5739033333
41.7552233333,-87.57423
41.75355,-87.5716566667
41.7536433333,-87.5680866667
41.7513683333,-87.5696383333
41.7534133333,-87.5644166667
41.7514116667,-87.5645433333
41.751225,-87.5631833333
41.7552266667,-87.5629483333
41.75332,-87.5623116667
41.7535066667,-87.559565
41.7517716667,-87.5591266667
41.7512866667,-87.581825
41.7518566667,-87.5798766667
41.7584933333,-87.626925
41.7574166667,-87.6323083333
41.7508233333,-87.6258616667
41.7522383333,-87.6302616667
41.7516433333,-87.5975883333
41.7550766667,-87.5987216667
41.757608,-87.598723
41.7582833333,-87.6034416667
41.7582033333,-87.6206466667
41.7578033333,-87.62454
41.7513316667,-87.60511
41.75198,-87.6174683333
41.753722,-87.62392
41.75349,-87.6130883333
41.7549416667,-87.6084066667
41.7514733333,-87.613625
41.7546466667,-87.617495
41.7555766667,-87.6152033333
41.75858,-87.6100866667
41.7585033333,-87.6052616667
41.7601883333,-87.6224483333
41.7587666667,-87.6166533333
41.760215,-87.6097233333
41.7601883333,-87.61335
41.75817,-87.6142083333
41.7952616667,-87.580835
42.3253866667,-87.8397066667
41.9026516667,-87.7215133333
41.901696,-87.736219
41.900025,-87.72634
41.9001566667,-87.7164333333
41.9008366667,-87.7441333333
41.90221,-87.7392566667
41.9024983333,-87.7298583333
41.902805,-87.753265
41.89998,-87.749745
41.902691,-87.758588
41.9004333333,-87.7686333333
41.901955,-87.7742333333
41.9022466667,-87.7707383333
41.9021978333,-87.7655286667
41.9002633333,-87.7602
41.93848,-87.8142533333
41.938295,-87.80951
41.9385166667,-87.8031583333
41.9386416667,-87.7982066667
41.938805,-87.7885933333
41.93839,-87.7835966667
41.93889,-87.7788183333
41.93903,-87.7742716667
41.93893,-87.7714516667
41.93913,-87.761525
41.9269866667,-87.7882183333
41.93863,-87.7565916667
41.9368933333,-87.7573
41.920415,-87.7554533333
41.9170666667,-87.755755
41.9185216667,-87.7555033333
41.9169333333,-87.7597083333
41.914311,-87.755757
41.9139466667,-87.7602716667
41.9159633333,-87.7643316667
41.91568,-87.76915
41.9148016667,-87.7753233333
41.9111583333,-87.7728916667
41.9095883333,-87.7750366667
41.91295,-87.77601
41.9088166667,-87.7805983333
41.909545,-87.78983
41.9095333333,-87.7959966667
41.909475,-87.7984166667
41.90945,-87.8020983333
41.910775,-87.80494
41.9135933333,-87.8062516667
41.916685,-87.8042566667
41.9199483333,-87.8052866667
41.922115,-87.8064583333
41.9252966667,-87.8050666667
41.9270683333,-87.805745
41.9289266667,-87.8058883333
41.9324366667,-87.806025
41.9362216667,-87.8072766667
41.93448,-87.8108383333
41.934405,-87.8157966667
41.9361283333,-87.8178833333
41.9343466667,-87.80362
41.9362,-87.7975233333
41.9346066667,-87.7865066667
41.9357033333,-87.7839983333
41.9363783333,-87.7763733333
41.9359066667,-87.7704433333
41.9367316667,-87.76337
41.9346266667,-87.7588816667
41.9299183333,-87.7607183333
41.92638,-87.75862
41.9271833333,-87.7612866667
41.9235583333,-87.7586783333
41.9232233333,-87.7616766667
41.92077,-87.7578466667
41.918605,-87.7578533333
41.9200533333,-87.7613816667
41.9180383333,-87.7649833333
41.9208966667,-87.7651983333
41.9233866667,-87.7672
41.929155,-87.7837333333
41.929985,-87.7638666667
41.9349416667,-87.7621116667
41.9330816667,-87.7668933333
41.9308,-87.7687
41.934765,-87.7743266667
41.933665,-87.7763616667
41.934621,-87.78279
41.9364083333,-87.788935
41.9326833333,-87.7924283333
41.9362866667,-87.792495
41.93871,-87.79213
41.9313583333,-87.793135
41.9318383333,-87.7960533333
41.9326,-87.79858
41.9325133333,-87.803505
41.92659,-87.8005433333
41.928865,-87.8033833333
41.925815,-87.80231
41.9223566667,-87.8015866667
41.9138116667,-87.7991783333
41.9144516667,-87.8033466667
41.9200033333,-87.801575
41.9163066667,-87.8014983333
41.9207216667,-87.797105
41.912647,-87.801318
41.9108616667,-87.7979183333
41.9127483333,-87.79552
41.9167766667,-87.79631
41.9240366667,-87.7977516667
41.927174,-87.797161
41.9289416667,-87.7972166667
41.9273366667,-87.7934983333
41.9240316667,-87.7916233333
41.9225033333,-87.7945316667
41.921171,-87.791883
41.91664,-87.7944366667
41.9108316667,-87.7918366667
41.9151483333,-87.788025
41.91265,-87.7919
41.914485,-87.7919233333
41.9126383333,-87.7892783333
41.9126666667,-87.785945
41.91247,-87.783915
41.9110883333,-87.7809316667
41.9132783333,-87.7799416667
41.9181466667,-87.7813316667
41.9179683333,-87.7723283333
41.9186683333,-87.7684233333
41.9202316667,-87.7687966667
41.91938,-87.77127
41.9221283333,-87.7714766667
41.9180983333,-87.7882233333
41.9202416667,-87.7846983333
41.9225583333,-87.7874
41.9219683333,-87.785805
41.925405,-87.7869133333
41.9241533333,-87.78276
41.9310966667,-87.7854783333
41.9305883333,-87.77968
41.930645,-87.7747916667
41.9241516667,-87.773455
41.925155,-87.7700716667
41.9271966667,-87.7664883333
41.9281166667,-87.7723216667
41.924097,-87.778432
41.9219666667,-87.780555
41.915695,-87.7541883333
41.917445,-87.7534966667
41.9223933333,-87.7524116667
41.9251433333,-87.7555433333
41.925585,-87.75367
41.9269933333,-87.755575
41.92969,-87.7557166667
41.9337233333,-87.75399
41.935215,-87.754155
41.9402733333,-87.7536433333
41.93841,-87.7499683333
41.93871,-87.7467783333
41.935785,-87.7505283333
41.9374133333,-87.75165
41.9310083333,-87.7514133333
41.93609,-87.717625
41.927355,-87.751264
41.9204933333,-87.7518083333
41.9187133333,-87.7505666667
41.9265166667,-87.7489866667
41.92049,-87.749345
41.9189366667,-87.7483033333
41.9343683333,-87.7474166667
41.931095,-87.74891
41.9278233333,-87.7471416667
41.9244083333,-87.74683
41.9168766667,-87.7474833333
41.9173633333,-87.7438316667
41.9351183333,-87.7443316667
41.933395,-87.743625
41.9306666667,-87.74323
41.9276,-87.7442066667
41.9256983333,-87.7440366667
41.9207,-87.74439
41.9187933333,-87.7394783333
41.9384816667,-87.7410116667
41.9351383333,-87.7400316667
41.9328166667,-87.7401
41.9267416667,-87.7363133333
41.9296283333,-87.739115
41.925805,-87.7389066667
41.9243016667,-87.7364033333
41.9223416667,-87.7431883333
41.9213283333,-87.7402916667
41.9187933333,-87.7375716667
41.9169066667,-87.73753
41.9303416667,-87.73441
41.93701,-87.7388266667
41.9397583333,-87.7364416667
41.937735,-87.7328383333
41.933675,-87.735335
41.9349416667,-87.7322683333
41.929915,-87.7318483333
41.9279583333,-87.7316783333
41.926286,-87.733602
41.924835,-87.728775
41.9224383333,-87.737115
41.9224883333,-87.7322266667
41.9201216667,-87.734255
41.9193383333,-87.73071
41.917575,-87.731645
41.9169566667,-87.7280233333
41.9182566667,-87.7255066667
41.9215566667,-87.7271283333
41.92866,-87.7256666667
41.92637,-87.7238683333
41.9246316667,-87.72279
41.9324283333,-87.729745
41.9355466667,-87.7277783333
41.9387833333,-87.7308416667
41.9379616667,-87.7266733333
41.93928,-87.7187916667
41.93545,-87.722875
41.9324083333,-87.7160783333
41.9387666667,-87.7163483333
41.9393183333,-87.7221766667
41.9398983333,-87.7241833333
41.9323566667,-87.7208633333
41.9285816667,-87.71725
41.9287,-87.7208683333
41.9249016667,-87.7172233333
41.9217983333,-87.7222216667
41.9213516667,-87.7168166667
41.9217933333,-87.7199933333
41.919205,-87.7223483333
41.9074466667,-87.7701
41.9039116667,-87.7741216667
41.9064166667,-87.775855
41.9056116667,-87.7701483333
41.9092566667,-87.765715
41.90753,-87.76217
41.9127666667,-87.76147
41.905875,-87.76749
41.90532,-87.763885
41.9028083333,-87.7508116667
41.90914,-87.7713633333
41.90767,-87.7503966667
41.912555,-87.7697683333
41.9112766667,-87.7662233333
41.9095966667,-87.7583283333
41.904025,-87.7589666667
41.9027533333,-87.7261316667
41.9049616667,-87.7577233333
41.9113633333,-87.75831
41.9050766667,-87.7162666667
41.9077066667,-87.7166166667
41.909395,-87.7548433333
41.9117683333,-87.7151
41.9141366667,-87.7162583333
41.9155466667,-87.7150716667
41.9175266667,-87.7175233333
41.9160933333,-87.7227933333
41.9159066667,-87.7190783333
41.912235,-87.720315
41.9131483333,-87.7534633333
41.910495,-87.7526466667
41.90622,-87.7197866667
41.9070316667,-87.7537933333
41.9050933333,-87.7550033333
41.91558,-87.7492933333
41.911842,-87.749385
41.9132916667,-87.7236933333
41.910926,-87.749319
41.913881,-87.727326
41.9117066667,-87.7276816667
41.9115983333,-87.74403
41.9081116667,-87.7467566667
41.9046616667,-87.7484133333
41.9086716667,-87.7432833333
41.9022583333,-87.7465183333
41.905762,-87.729655
41.9049216667,-87.7362816667
41.909905,-87.7401766667
41.9120916667,-87.7407783333
41.9130716667,-87.737725
41.911704,-87.732597
41.9156083333,-87.738955
41.9153016667,-87.7331633333
41.9131016667,-87.734975
41.9142016667,-87.7585783333
41.9098556667,-87.7256176667
41.9099183333,-87.7193716667
41.90666,-87.7377316667
41.9070616667,-87.7322416667
41.9058416667,-87.7263733333
41.909685,-87.729583
41.90455,-87.732815
41.9085433333,-87.7366733333
41.9040616667,-87.7215633333
41.9066733333,-87.7244483333
41.909925,-87.733795
41.9095016667,-87.7168166667
41.904365,-87.7182983333
41.7942683333,-87.62867
41.7908733333,-87.6301916667
41.7917783333,-87.63419
41.79092,-87.6422416667
41.78732,-87.6299183333
41.7837566667,-87.6300233333
41.785275,-87.6354433333
41.7848233333,-87.6428033333
41.789075,-87.637273
41.7968566667,-87.6342216667
41.80378,-87.63385
41.8093416667,-87.6297516667
41.8012616667,-87.6299566667
41.798175,-87.6296533333
41.8243066667,-87.63353
41.830705,-87.6331216667
41.8377866667,-87.629085
41.8348266667,-87.6293616667
41.8314116667,-87.62752
41.8086516667,-87.6352383333
41.8205383333,-87.6315783333
41.823975,-87.6261
41.8133366667,-87.62826
41.837795,-87.6273383333
41.8350033333,-87.62761
41.8382383333,-87.6232683333
41.840085,-87.622275
41.8400283333,-87.6182416667
41.8359816667,-87.6185333333
41.83781,-87.61204
41.8402466667,-87.6082683333
41.835745,-87.6117183333
41.8383883333,-87.6069816667
41.83486,-87.605103
41.83223,-87.6176766667
41.8349616667,-87.6240316667
41.833228,-87.629302
41.830745,-87.6316583333
41.836975,-87.6239283333
41.83033,-87.6237633333
41.83102,-87.6192583333
41.82963,-87.6155216667
41.8310333333,-87.6088983333
41.829435,-87.6064833333
41.8278633333,-87.6087733333
41.8274983333,-87.6169666667
41.8274316667,-87.6224383333
41.8289483333,-87.6240733333
41.8249366667,-87.6235533333
41.824085,-87.6197016667
41.825035,-87.60411
41.8221133333,-87.6041866667
41.82532,-87.5999733333
41.8237783333,-87.6125783333
41.822435,-87.61822
41.8201766667,-87.624095
41.8184583333,-87.618955
41.818365,-87.6122533333
41.81833,-87.6038533333
41.817225,-87.5984083333
41.8209633333,-87.6017516667
41.8207416667,-87.5962866667
41.8168266667,-87.6163
41.813125,-87.6220466667
41.8106816667,-87.6201533333
41.809781,-87.627423
41.8195433333,-87.6270666667
41.8150383333,-87.6110133333
41.8146183333,-87.6158283333
41.809505,-87.6163816667
41.807825,-87.6159666667
41.80912,-87.6222433333
41.8069516667,-87.6177266667
41.8096,-87.6107
41.8137183333,-87.6087883333
41.8149916667,-87.6060583333
41.813605,-87.6032116667
41.8141516667,-87.59751
41.81089,-87.5981433333
41.81051,-87.6021466667
41.809615,-87.6065333333
41.8077433333,-87.6042633333
41.8074166667,-87.6134333333
41.8035416667,-87.6122733333
41.8072533333,-87.6222483333
41.8051733333,-87.624825
41.796102,-87.626406
41.7989733333,-87.6250916667
41.7943316667,-87.6207183333
41.789845,-87.6262633333
41.8028083333,-87.6082116667
41.8060516667,-87.6038966667
41.80242,-87.6062383333
41.8043716667,-87.602745
41.8092966667,-87.59727
41.804095,-87.5990933333
41.8074733333,-87.5915966667
41.8047066667,-87.594095
41.8045916667,-87.59029
41.80585,-87.586275
41.8036133333,-87.5866516667
41.8034416667,-87.58917
41.8022466667,-87.5991983333
41.80241,-87.61519
41.8059683333,-87.6191466667
41.8035883333,-87.6214383333
41.8049666667,-87.6173466667
41.8019616667,-87.6207516667
41.79833,-87.6201566667
41.7944133333,-87.6173166667
41.7871633333,-87.6263916667
41.7896433333,-87.6234083333
41.7892183333,-87.6166516667
41.7939033333,-87.6248466667
41.79346,-87.6150066667
41.797305,-87.6165033333
41.7996733333,-87.61427
41.8009683333,-87.6204133333
41.800985,-87.6119383333
41.79973,-87.6059983333
41.800125,-87.6016466667
41.8008483333,-87.5959166667
41.801465,-87.5883283333
41.798135,-87.5833166667
41.798345,-87.5922683333
41.797965,-87.5974016667
41.79862,-87.602405
41.7943633333,-87.6010866667
41.801529,-87.58163
41.7911366667,-87.6025033333
41.7915983333,-87.60731
41.7882716667,-87.6064433333
41.7855583333,-87.6036366667
41.7879,-87.6000466667
41.7922833333,-87.60001
41.7933166667,-87.5940433333
41.7847883333,-87.6009
41.7855483333,-87.59723
41.7914816667,-87.59243
41.7911316667,-87.5869933333
41.7954,-87.5804166667
41.7933833333,-87.5896633333
41.79218,-87.6059016667
41.81017,-87.5902
41.8207616667,-87.5962666667
41.7799033333,-87.6107266667
41.784,-87.6061683333
41.7837633333,-87.6158883333
41.7853616667,-87.6141383333
41.7808016667,-87.61316
41.78578,-87.6258533333
41.7848266667,-87.6297083333
41.7798283333,-87.6300833333
41.78237,-87.6066266667
41.7842083333,-87.62135
41.7875383333,-87.6237316667
41.7804,-87.6240866667
41.7803466667,-87.6044566667
41.7840233333,-87.6013566667
41.7821733333,-87.6005183333
41.784085,-87.59556
41.7842116667,-87.5909683333
41.7816883333,-87.5868033333
41.7809783333,-87.6009933333
41.7938233333,-87.586735
41.79375,-87.5820766667
41.7813383333,-87.58291
41.7926416667,-87.5800616667
41.7787933333,-87.629875
41.786363,-87.583011
41.814125,-87.597505
41.80361,-87.58664
41.7952616667,-87.580835
41.972975,-87.7468233333
41.974,-87.74843
41.970295,-87.7478166667
41.9711,-87.7451966667
41.9714416667,-87.7468633333
41.972825,-87.7484883333
41.9721933333,-87.7503
41.9734133333,-87.7434983333
41.9684116667,-87.7494416667
41.981334,-87.777455
41.980105,-87.7777483333
41.97878,-87.775905
41.9775516667,-87.7788333333
41.9753116667,-87.7759366667
41.97716,-87.7726916667
41.979325,-87.77296
41.976475,-87.7713816667
41.9777283333,-87.7701116667
41.964595,-87.7495183333
41.96359,-87.7502
41.9627783333,-87.749325
41.9663566667,-87.7489033333
41.961864,-87.747743
41.9661983333,-87.7521016667
41.9008366667,-87.7441333333
41.8988683333,-87.74314
41.89814,-87.7463633333
41.8957933333,-87.7453633333
41.8939516667,-87.7400966667
41.8922233333,-87.7456016667
41.888685,-87.745848
41.889893,-87.738242
41.8860033333,-87.739635
41.88118,-87.7397216667
41.8810816667,-87.7457266667
41.8769083333,-87.7448966667
41.8728633333,-87.7452216667
41.8703933333,-87.74501
41.8710266667,-87.7412216667
41.8654866667,-87.740675
41.902805,-87.753265
41.89998,-87.749745
41.8954066667,-87.7525466667
41.8930616667,-87.750645
41.8890566667,-87.7504416667
41.8846566667,-87.7506016667
41.877485,-87.751728
41.8737033333,-87.7498316667
41.8700133333,-87.7499516667
41.8663666667,-87.7495233333
41.8671033333,-87.75831
41.8707733333,-87.7529983333
41.8730366667,-87.75495
41.87717,-87.7576033333
41.884965,-87.7559
41.88814,-87.7547566667
41.8912916667,-87.7573316667
41.8950466667,-87.7544916667
41.902691,-87.758588
41.8983183333,-87.7609433333
41.8931016667,-87.7607166667
41.8846616667,-87.7623316667
41.8801083333,-87.756245
41.873815,-87.76152
41.87026,-87.757375
41.864879,-87.757909
41.86526,-87.7638166667
41.8657883333,-87.7696916667
41.8687533333,-87.7682866667
41.8673116667,-87.774875
41.8765083333,-87.7682666667
41.87994,-87.768575
41.880585,-87.7749283333
41.8857116667,-87.7683466667
41.8867316667,-87.7732083333
41.8886,-87.775805
41.889005,-87.7659416667
41.8906333333,-87.7730233333
41.895175,-87.7755483333
41.8944983333,-87.7720816667
41.89555,-87.765965
41.9004333333,-87.7686333333
41.898295,-87.7725733333
41.901955,-87.7742333333
41.9022466667,-87.7707383333
41.9021978333,-87.7655286667
41.8993866667,-87.7562716667
41.8650566667,-87.7742783333
41.8736166667,-87.7649183333
41.8822716667,-87.7700183333
41.8684566667,-87.7652466667
41.9002633333,-87.7602
41.8976633333,-87.7637216667
41.8945216667,-87.7588533333
41.89641,-87.7497466667
41.8748783333,-87.7491583333
41.8900866667,-87.7535583333
41.880935,-87.758595
41.877495,-87.7616966667
41.8779066667,-87.74917
41.9039116667,-87.7741216667
41.9056116667,-87.7701483333
41.90532,-87.763885
41.9028083333,-87.7508116667
41.9050933333,-87.7550033333
41.9046616667,-87.7484133333
41.9022583333,-87.7465183333
41.8759816667,-87.7002583333
41.9026516667,-87.7215133333
41.90167,-87.7361816667
41.89219,-87.71484
41.8974433333,-87.7222166667
41.8967983333,-87.7362016667
41.8875383333,-87.7348766667
41.887805,-87.719205
41.9004016667,-87.7317733333
41.8949833333,-87.7311983333
41.89436,-87.726675
41.8875483333,-87.7264983333
41.888825,-87.736921
41.8919133333,-87.7219633333
41.900025,-87.72634
41.8948383333,-87.718635
41.909685,-87.729583
41.88942,-87.73289
41.9001566667,-87.7164333333
41.9008366667,-87.7441333333
41.90221,-87.7392566667
41.8988683333,-87.74314
41.89814,-87.7463633333
41.8957933333,-87.7453633333
41.895855,-87.73937
41.8955533333,-87.7359633333
41.8917266667,-87.7353683333
41.8939516667,-87.7400966667
41.8922233333,-87.7456016667
41.888685,-87.745848
41.8898566667,-87.738205
41.8860033333,-87.739635
41.88139,-87.733795
41.88118,-87.7397216667
41.8810816667,-87.7457266667
41.8769083333,-87.7448966667
41.8785383333,-87.736635
41.8774066667,-87.7329233333
41.8746933333,-87.7329033333
41.8748916667,-87.7382666667
41.8728633333,-87.7452216667
41.8703933333,-87.74501
41.8710266667,-87.7412216667
41.8716816667,-87.737535
41.8719,-87.73225
41.8695416667,-87.7370366667
41.8654866667,-87.740675
41.8656516667,-87.7355333333
41.867075,-87.72268
41.8698733333,-87.7271283333
41.8730333333,-87.725595
41.8839466667,-87.7305066667
41.8831216667,-87.7263883333
41.8811066667,-87.729405
41.88783,-87.72278
41.8849383333,-87.721825
41.878695,-87.72445
41.8706866667,-87.7230383333
41.8701566667,-87.7186866667
41.866645,-87.717985
41.866655,-87.71226
41.8645266667,-87.7080116667
41.8667433333,-87.7053616667
41.8698383333,-87.711515
41.87348,-87.7096116667
41.873335,-87.7135483333
41.8750066667,-87.7123883333
41.8789316667,-87.7150833333
41.8828533333,-87.7158916667
41.8860783333,-87.71568
41.892645,-87.7129366667
41.8972933333,-87.7176866667
41.9005283333,-87.71264
41.9024983333,-87.7298583333
41.899055,-87.7288133333
41.899105,-87.7197
41.8924316667,-87.7314766667
41.9029133333,-87.70937
41.898085,-87.7050566667
41.8971316667,-87.7100283333
41.8935516667,-87.7068416667
41.8918383333,-87.705815
41.88528,-87.705125
41.883115,-87.7104716667
41.88034,-87.7106283333
41.880715,-87.7065866667
41.8770116667,-87.7046883333
41.8731066667,-87.7055283333
41.870245,-87.70643
41.8647,-87.700885
41.8708883333,-87.7002733333
41.87619,-87.7002
41.877825,-87.69747
41.881005,-87.696105
41.8810133333,-87.6911033333
41.8787133333,-87.68945
41.8734166667,-87.69537
41.8731366667,-87.6860683333
41.871315,-87.6843833333
41.871373,-87.690897
41.8691316667,-87.695035
41.8661066667,-87.6922683333
41.865935,-87.68563
41.8691266667,-87.6858583333
41.8726783333,-87.710885
41.89998,-87.749745
41.8954066667,-87.7525466667
41.8930616667,-87.750645
41.8890566667,-87.7504416667
41.8846566667,-87.7506016667
41.877485,-87.751728
41.8737033333,-87.7498316667
41.8700133333,-87.7499516667
41.8663666667,-87.7495233333
41.8660966667,-87.7393033333
41.866583,-87.698987
41.86608,-87.694905
41.863105,-87.7131116667
41.8642466667,-87.7288816667
41.866045,-87.7289983333
41.8666533333,-87.7160566667
41.9027533333,-87.7261316667
41.9049216667,-87.7362816667
41.9058416667,-87.7263733333
41.90455,-87.732815
41.9040616667,-87.7215633333
41.904365,-87.7182983333
41.8382583333,-87.6886216667
41.836585,-87.692265
41.8358283333,-87.685445
41.8334333333,-87.6959983333
41.834315,-87.6996883333
41.8309583333,-87.70479
41.8300066667,-87.71647
41.839225,-87.6742116667
41.8431733333,-87.6660116667
41.83882,-87.727565
41.8231933333,-87.7406233333
41.8428016667,-87.7006966667
41.8287233333,-87.73761
41.8351916667,-87.7348666667
41.837975,-87.7362866667
41.8417866667,-87.7351433333
41.8461983333,-87.738115
41.8515633333,-87.6790983333
41.8458483333,-87.6662633333
41.8440516667,-87.680115
41.840985,-87.6857816667
41.85035,-87.6706866667
41.8382483333,-87.695885
41.83979,-87.692215
41.832165,-87.7107716667
41.8309916667,-87.7171833333
41.8416566667,-87.6843633333
41.8275166667,-87.7243316667
41.8269233333,-87.7320833333
41.8514183333,-87.6709933333
41.8490066667,-87.6739333333
41.8478816667,-87.681385
41.8496583333,-87.686635
41.8457816667,-87.6908916667
41.8432,-87.6962133333
41.8483233333,-87.698305
41.8497383333,-87.69222
41.831305,-87.724374
41.83633,-87.730995
41.84242,-87.7311766667
41.845285,-87.7321433333
41.851305,-87.7324816667
41.83509,-87.71562
41.8335,-87.722675
41.8363916667,-87.7255066667
41.84085,-87.7272366667
41.8438616667,-87.7247283333
41.8425166667,-87.7238966667
41.836462,-87.708573
41.841115,-87.699655
41.8388783333,-87.70676
41.841655,-87.705235
41.8376666667,-87.70023
41.8444616667,-87.7020183333
41.85164,-87.7053666667
41.847955,-87.7247783333
41.84425,-87.719598
41.84969,-87.7197733333
41.8481766667,-87.7154933333
41.849265,-87.7085766667
41.8406133333,-87.7182783333
41.84251,-87.7148716667
41.846225,-87.7070166667
41.8440733333,-87.7101266667
41.8408916667,-87.70803
41.839105,-87.71192
41.8459733333,-87.716175
41.83823,-87.7178816667
41.84806,-87.712415
41.8462833333,-87.719155
41.84647,-87.6975966667
41.830193,-87.726928
41.84901,-87.730245
41.8524583333,-87.6659916667
41.8387616667,-87.7339466667
41.8458983333,-87.72965
41.8494683333,-87.7047733333
41.8426566667,-87.7170433333
41.840625,-87.7172733333
41.8386366667,-87.7256983333
41.8387083333,-87.7231266667
41.8368616667,-87.7196116667
41.8350033333,-87.7290833333
41.84071,-87.7109533333
41.8387466667,-87.7171516667
41.8479883333,-87.695475
41.8464133333,-87.6927616667
41.845585,-87.6884833333
41.84941,-87.6781533333
41.8532633333,-87.67593
41.85405,-87.6684866667
41.84402,-87.67574
41.8499733333,-87.6657983333
41.8474116667,-87.6856633333
41.8245866667,-87.7233133333
41.8523783333,-87.67462
41.8372133333,-87.710425
41.840597,-87.733984
41.8539816667,-87.6853183333
41.8521683333,-87.68396
41.85184,-87.690475
41.8526316667,-87.6966
41.8532666667,-87.706765
41.8515,-87.72335
41.8522116667,-87.7127933333
41.8529483333,-87.7282516667
41.8233066667,-87.7242083333
41.8245216667,-87.7155616667
41.8695416667,-87.7370366667
41.8656516667,-87.7355333333
41.867075,-87.72268
41.8698733333,-87.7271283333
41.8701566667,-87.7186866667
41.866645,-87.717985
41.866655,-87.71226
41.8645266667,-87.7080116667
41.8667433333,-87.7053616667
41.8698383333,-87.711515
41.870245,-87.70643
41.8647,-87.700885
41.8708883333,-87.7002733333
41.8691316667,-87.695035
41.8691266667,-87.6858583333
41.8461983333,-87.738115
41.8496583333,-87.686635
41.8497383333,-87.69222
41.851305,-87.7324816667
41.85164,-87.7053666667
41.847955,-87.7247783333
41.84969,-87.7197733333
41.8481766667,-87.7154933333
41.849265,-87.7085766667
41.84901,-87.730245
41.8494683333,-87.7047733333
41.8479883333,-87.695475
41.8560516667,-87.7367116667
41.85883,-87.737315
41.8660966667,-87.7393033333
41.8605,-87.7313666667
41.8659883333,-87.7210916667
41.859255,-87.7287466667
41.866583,-87.698987
41.86608,-87.694905
41.8627466667,-87.69392
41.8660316667,-87.68541
41.8628566667,-87.6864383333
41.8539816667,-87.6853183333
41.8521416667,-87.6839566667
41.85184,-87.690475
41.8608483333,-87.6949866667
41.8567016667,-87.6917966667
41.8526316667,-87.6966
41.8554,-87.7031933333
41.86197,-87.70364
41.8606683333,-87.6980066667
41.8562383333,-87.7302466667
41.8615466667,-87.7181933333
41.858445,-87.715535
41.863105,-87.7131116667
41.8583116667,-87.708825
41.8614866667,-87.7095816667
41.8532666667,-87.706765
41.8554333333,-87.7127816667
41.85654,-87.7085283333
41.8583866667,-87.72196
41.8550183333,-87.7175616667
41.8515,-87.72335
41.85665,-87.7246633333
41.8522116667,-87.7127933333
41.8587216667,-87.7243033333
41.8529483333,-87.7282516667
41.859455,-87.6906216667
41.8642466667,-87.7288816667
41.8624233333,-87.7275966667
41.8623416667,-87.7105716667
41.866045,-87.7289983333
41.8666533333,-87.7160566667
41.8590733333,-87.7049666667
41.8610016667,-87.705645
41.86084,-87.7219966667
41.859098,-87.686669
42.3920116667,-71.0371633333
42.3961683333,-71.0392883333
42.38743,-71.0279816667
42.393315,-71.0274833333
42.3961533333,-71.0254483333
42.3990883333,-71.019005
42.4010233333,-71.0295533333
42.39616,-71.0311266667
42.3923416667,-71.0337533333
42.39451,-71.0317716667
42.39402,-71.0366983333
42.4044383333,-71.0377583333
42.4044483333,-71.0264966667
42.406262,-71.033141
42.3917333333,-71.02909
42.389265,-71.028685
42.39997,-71.0400283333
42.3917333333,-71.0251916667
42.387518,-71.030591
42.3991516667,-71.03716
42.40682,-71.0252966667
42.404965,-71.0169216667
42.4035433333,-71.0471516667
42.407233,-71.037771
42.4094216667,-71.0398283333
42.4147733333,-71.0344016667
33.5818433333,-85.095545
33.5779633333,-85.0925966667
33.5851983333,-85.1009666667
33.5719883333,-85.09014
33.5698466667,-85.099125
33.5679766667,-85.1058566667
33.56977,-85.1103583333
33.5737066667,-85.10958
33.5748666667,-85.1073316667
33.5758183333,-85.103935
33.575847,-85.099502
33.5799983333,-85.1000383333
33.571035,-85.1014466667
33.57459,-85.0993283333
33.5726833333,-85.1059433333
33.574325,-85.0952533333
33.576085,-85.0971566667
33.5801133333,-85.1212383333
33.5766283333,-85.1177066667
33.5795316667,-85.11293
33.580085,-85.11033
33.578875,-85.1104333333
33.5784333333,-85.1127266667
33.5828066667,-85.1171866667
33.584248,-85.116806
33.5842383333,-85.112995
33.5837716667,-85.11018
33.5830383333,-85.1063833333
33.5819416667,-85.111925
33.5822883333,-85.1137316667
33.5833166667,-85.1047183333
33.5813866667,-85.10277
33.580104,-85.101808
33.5792366667,-85.1031783333
33.58026,-85.104439
33.5812333333,-85.104925
33.5800866667,-85.11587
33.58323,-85.09872
33.5726716667,-85.095825
33.5817533333,-85.1232533333
33.5799133333,-85.1251133333
33.5765433333,-85.12422
37.288075,-89.53834
37.286505,-89.52856
37.2905883333,-89.53043
37.2914766667,-89.5409483333
37.2946733333,-89.538555
37.2984066667,-89.5359866667
37.29268,-89.5239683333
37.2961516667,-89.52236
37.2977766667,-89.526815
37.2993833333,-89.52894
37.30214,-89.5365266667
37.3016083333,-89.5307916667
37.30304,-89.5268883333
37.3034566667,-89.5232233333
37.299145,-89.524325
37.301975,-89.5207366667
37.304055,-89.518748
37.306237,-89.525063
37.3068883333,-89.5304783333
37.3058416667,-89.5325266667
37.3074366667,-89.5355566667
37.310375,-89.5326266667
37.3084933333,-89.5277
37.305985,-89.5218016667
37.2942116667,-89.5312133333
37.29451,-89.5274533333
37.299465,-89.51993
37.2991066667,-89.53882
37.2958816667,-89.534085
39.929185,-75.1078466667
39.93058,-75.11081
39.9138366667,-75.1143516667
39.9279483333,-75.094595
39.9251533333,-75.0977916667
39.9282266667,-75.1128483333
39.93015,-75.1015833333
39.9205966667,-75.107495
39.930957,-75.095314
39.916235,-75.1106933333
39.9226416667,-75.103995
39.9203566667,-75.1149816667
39.9251016667,-75.1071233333
39.931145,-75.1170683333
39.9463616667,-75.1185766667
39.9414983333,-75.1191066667
39.9551416667,-75.1185183333
39.935375,-75.113865
39.953105,-75.1259933333
39.9505116667,-75.12002
39.95352,-75.1133283333
39.9481333333,-75.1134716667
39.948185,-75.1263433333
39.9348533333,-75.1212233333
39.9366516667,-75.1223183333
39.9540633333,-75.12185
39.9315766667,-75.1197483333
39.9435033333,-75.1234366667
39.921985,-75.1008616667
39.9412733333,-75.116295
39.9510633333,-75.1166516667
39.951765,-75.112265
39.9393616667,-75.117505
39.943865,-75.0948416667
39.9507566667,-75.0792566667
39.948925,-75.1041983333
39.9588866667,-75.0909316667
39.9468383333,-75.0866633333
39.9560133333,-75.094955
39.95262,-75.0767616667
39.9470016667,-75.0769783333
39.9438933333,-75.0796383333
39.9384733333,-75.0913516667
39.9559416667,-75.06995
39.9363666667,-75.0863033333
39.944915,-75.0697833333
39.95482,-75.1020716667
39.9576116667,-75.0978283333
39.96171,-75.0877133333
39.9571833333,-75.08646
39.954927,-75.087766
39.9519,-75.0907666667
39.9424383333,-75.0718483333
39.9502083333,-75.0982716667
39.94857,-75.0730266667
39.9470616667,-75.08386
39.9483516667,-75.069415
39.9435566667,-75.088765
39.9407666667,-75.0970116667
39.942617,-75.102312
39.9575983333,-75.0806116667
39.9533566667,-75.0833066667
39.9481,-75.09336
39.945555,-75.1034483333
39.93032,-75.09237
39.9324416667,-75.09151
39.9388666667,-75.0787566667
39.9049266667,-75.100935
39.9178133333,-75.1022666667
39.9556633333,-75.0765983333
39.901035,-75.1076816667
39.9080033333,-75.0990483333
39.90239,-75.1035983333
39.91334,-75.1102933333
39.90481,-75.1051966667
39.9539116667,-75.0725233333
39.9034733333,-75.0951016667
39.9064616667,-75.0962033333
39.9188666667,-75.0944183333
39.9205316667,-75.0921183333
39.9390083333,-75.10795
39.9257816667,-75.0900333333
39.923198,-75.086815
39.92128,-75.0946983333
39.9022233333,-75.0983066667
39.9043683333,-75.1120866667
39.9100433333,-75.11618
39.9223366667,-75.1212133333
39.917613,-75.1191611667
39.91347,-75.12008
39.9092283333,-75.121125
39.92333,-75.0907666667
39.914385,-75.107995
39.9157983333,-75.1001033333
39.9197416667,-75.1173633333
39.936945,-75.1086533333
39.9068216667,-75.106005
39.9388766667,-75.12259
39.9392583333,-75.1155416667
39.9322266667,-75.1140333333
39.9375083333,-75.1016266667
39.9197583333,-75.11096
39.92378,-75.1127733333
39.934875,-75.1191666667
39.9332116667,-75.1220016667
39.9321633333,-75.105465
39.9261016667,-75.1147683333
39.9335533333,-75.0976533333
39.9340283333,-75.1105666667
39.9407766667,-75.1140933333
39.9464816667,-75.121675
39.93705,-75.098915
42.37452,-71.1042366667
42.3743366667,-71.1116783333
42.3698433333,-71.111885
42.3658416667,-71.1132816667
42.359305,-71.10694
42.3608081667,-71.1023666667
42.3645266667,-71.0915633333
42.3662083333,-71.09005
42.3697333333,-71.1036816667
42.3692666667,-71.0979483333
42.3720016667,-71.1079083333
42.366645,-71.100105
42.364256,-71.104334
42.366977,-71.095785
42.36298,-71.1082266667
42.367806,-71.10815
42.35547,-71.107236
42.3728333333,-71.0869583333
42.36103,-71.1096916667
42.3591266667,-71.10129
42.3624,-71.0920833333
42.363225,-71.0987966667
42.3596516667,-71.0981316667
42.3766783333,-71.0911683333
42.3768733333,-71.09816
41.6314866667,-87.568105
41.6312533333,-87.5556433333
41.62961,-87.552565
41.6278616667,-87.55074
41.626655,-87.553985
41.622787,-87.5504
41.62275,-87.5476466667
41.6198283333,-87.545445
41.6251683333,-87.5444466667
41.626493,-87.541341
41.6227883333,-87.5406733333
41.6283566667,-87.558315
41.6227816667,-87.5543983333
41.6197016667,-87.5517366667
41.619185,-87.5553533333
41.615745,-87.554945
41.615498,-87.550118
41.615505,-87.558863
41.6228466667,-87.5594266667
41.62637,-87.5592366667
41.6291266667,-87.55949
41.6297766667,-87.5656166667
41.6337733333,-87.57395
41.62257,-87.5639966667
41.6190933333,-87.55847
41.6155366667,-87.5660733333
41.6191766667,-87.5690733333
41.6178233333,-87.5727216667
41.6161233333,-87.5757333333
41.619195,-87.5651883333
41.62099,-87.5724116667
41.6219016667,-87.5765733333
41.6191933333,-87.5724816667
41.6247766667,-87.5780266667
41.629345,-87.576882
41.6320666667,-87.570555
41.6266283333,-87.5736733333
41.6245116667,-87.5746983333
41.622515,-87.5687766667
41.6286516667,-87.56799
41.6247916667,-87.567845
41.6269383333,-87.53793
41.6248216667,-87.5346816667
41.623205,-87.5299816667
41.6216766667,-87.525855
41.6208366667,-87.5282266667
41.6094,-87.52529
41.6173483333,-87.5276216667
41.619535,-87.5308633333
41.6199966667,-87.5383883333
41.6157283333,-87.5302216667
41.61395,-87.52521
41.6120366667,-87.5294533333
41.6154233333,-87.5352066667
41.61064,-87.535055
41.6136633333,-87.5395
41.610595,-87.5391866667
41.6068383333,-87.5390433333
41.60839,-87.5441316667
41.6147933333,-87.5433633333
41.616145,-87.53969
41.6182633333,-87.54229
41.6103983333,-87.52885
41.6131416667,-87.532105
41.60738,-87.526965
41.6060433333,-87.5252933333
41.6040966667,-87.5298516667
41.6014716667,-87.5276716667
41.6045816667,-87.53931
41.602725,-87.5252783333
41.6083383333,-87.532635
41.6132916667,-87.547155
41.60146,-87.5299266667
41.606993,-87.529957
25.07179,-77.344195
25.0677383333,-77.344575
25.0669866667,-77.3477916667
25.067735,-77.3500233333
25.063666,-77.34899
25.0642016667,-77.3450466667
25.061095,-77.3477233333
25.0623083333,-77.342605
25.0594766667,-77.342905
25.058145,-77.3455666667
25.05679,-77.34198
25.0547416667,-77.344945
25.0534933333,-77.3416183333
25.051395,-77.3439666667
25.0511016667,-77.339775
25.0485283333,-77.341685
25.0493533333,-77.3375616667
25.048255,-77.3394233333
25.047993,-77.335064
25.0517766667,-77.3345016667
25.050035,-77.3310633333
25.046265,-77.332992
25.053625,-77.331827
25.053315,-77.329683
25.05045,-77.3265416667
25.0528633333,-77.3248883333
25.05697,-77.326825
25.0578183333,-77.3231533333
25.05994,-77.325493
25.0609066667,-77.3221633333
25.059895,-77.3191483333
25.063405,-77.3200133333
25.061816,-77.316818
25.0664683333,-77.3172083333
25.06543,-77.3205266667
25.068375,-77.3183433333
25.0699533333,-77.3226616667
25.067777,-77.324592
25.0630716667,-77.32296
25.0636666667,-77.3271133333
25.0622516667,-77.32642
25.0662266667,-77.3306333333
25.063135,-77.3306083333
25.0640266667,-77.3337
25.0676233333,-77.3333266667
25.05917,-77.33699
25.0691816667,-77.3362966667
25.06827,-77.3402516667
25.07165,-77.340092
25.068755,-77.34434
25.0658333333,-77.34196
25.063704,-77.340358
25.06241,-77.33708
25.059392,-77.332507
25.0585783333,-77.3384866667
25.0564083333,-77.3349016667
25.0544966667,-77.3371683333
25.058051,-77.329098
25.07241,-77.3480866667
25.034655,-77.350215
25.032245,-77.3498733333
25.0329516667,-77.3531683333
25.0307,-77.35472
25.0291166667,-77.350725
25.02722,-77.35315
25.028335,-77.35741
25.030275,-77.3580433333
25.028285,-77.3618333333
25.0249233333,-77.3589133333
25.024035,-77.3554316667
25.0238583333,-77.351675
25.0203916667,-77.3540166667
25.0218683333,-77.3579933333
25.0231616667,-77.36156
25.025845,-77.3627433333
25.028825,-77.36535
25.0244766667,-77.3666416667
25.02191,-77.3657483333
25.0189666667,-77.3631966667
25.0183833333,-77.35831
25.0173666667,-77.3550733333
25.0188183333,-77.35242
25.0154833333,-77.3548183333
25.016765,-77.3589733333
25.0150966667,-77.36198
25.013185,-77.3598216667
25.01628,-77.36567
25.0195533333,-77.367045
25.0218316667,-77.370285
25.0261683333,-77.3698733333
25.0189166667,-77.371595
25.01647,-77.36903
25.0134916667,-77.3668766667
25.0132566667,-77.364295
25.0130183333,-77.37079
25.0161783333,-77.373385
25.0196183333,-77.37551
25.023385,-77.3746066667
25.0165183333,-77.3776983333
25.0197666667,-77.3798566667
25.016635,-77.3817966667
25.0151616667,-77.3797316667
25.0121316667,-77.376615
25.01092,-77.37209
25.0097316667,-77.3760866667
25.0115566667,-77.378515
25.007825,-77.380215
25.01122,-77.3831016667
25.0066733333,-77.3857183333
25.013195,-77.383355
25.0157066667,-77.3852816667
25.01375,-77.3867
25.01865,-77.3861333333
25.03727,-77.3445
25.03935,-77.33807
25.0410566667,-77.332685
25.0413316667,-77.3258316667
25.0432566667,-77.3189416667
25.0390066667,-77.319775
25.03703,-77.3252816667
25.037135,-77.3318866667
25.0354366667,-77.336835
25.03148,-77.34306
25.02641,-77.34337
25.02855,-77.33824
25.032,-77.33204
25.0313616667,-77.32576
25.0334766667,-77.320705
25.0343166667,-77.3163433333
25.0385633333,-77.3139583333
25.031835,-77.311885
25.0307066667,-77.31741
25.02799,-77.3244133333
-9999,-9999
25.02615,-77.33487
25.0221066667,-77.3334316667
25.0213616667,-77.3388283333
25.01982,-77.34397
25.0183883333,-77.3407933333
25.0700266667,-77.352715
25.0741666667,-77.3519183333
25.0749916667,-77.3560533333
25.0714816667,-77.36115
25.066525,-77.3591916667
25.068685,-77.365355
25.0635883333,-77.3636
25.07106,-77.3557116667
25.068345,-77.36091
25.06484,-77.3566266667
25.059315,-77.3613566667
25.0604133333,-77.3635083333
25.06262,-77.3592466667
25.062455,-77.3555583333
25.064765,-77.3531633333
25.0670966667,-77.3570716667
25.0760183333,-77.3608366667
25.0793133333,-77.3568616667
25.08031,-77.3597
25.08008,-77.35762
25.054607,-77.290241
25.0541533333,-77.29471
25.052385,-77.2926916667
25.0516216667,-77.2965916667
25.0544383333,-77.29902
25.05194,-77.2997583333
25.0543033333,-77.3034016667
25.050409,-77.303529
25.05256,-77.30642
25.049755,-77.307985
25.04808,-77.3035966667
25.047285,-77.305753
25.0442833333,-77.3028183333
25.0476416667,-77.30057
25.044737,-77.297972
25.0418216667,-77.29903
25.04246,-77.29642
-9999,-9999
25.0411516667,-77.2926916667
25.038515,-77.2931833333
25.039495,-77.2908266667
25.0433083333,-77.2907716667
25.0409933333,-77.2867216667
25.0438583333,-77.2875916667
25.0441616667,-77.2844883333
25.03547,-77.2924183333
25.0474766667,-77.2889833333
25.0386983333,-77.283945
25.0381916667,-77.285515
25.0493216667,-77.2918516667
25.0492583333,-77.2961866667
25.046775,-77.2947433333
25.044442,-77.292945
25.0339716667,-77.2860383333
25.035355,-77.2835916667
25.03649,-77.2868116667
26.1436183333,-80.1678916667
26.1287783333,-80.1779633333
26.1334116667,-80.1819383333
26.1344716667,-80.1754866667
26.138485,-80.1815133333
26.1223266667,-80.1781316667
26.1211233333,-80.1858416667
26.1213966667,-80.1807033333
26.132065,-80.1778633333
26.1366533333,-80.1807166667
26.13691,-80.18728
26.1289216667,-80.1736866667
26.13624,-80.174695
26.1328366667,-80.1741816667
26.1507016667,-80.1823166667
26.1308116667,-80.16684
26.1403083333,-80.1715366667
26.1510883333,-80.174245
26.1289766667,-80.1702066667
26.1370866667,-80.1715033333
26.1311666667,-80.1722833333
26.1424733333,-80.1715383333
26.1525816667,-80.170425
26.129045,-80.167785
26.134175,-80.1684583333
40.670055,-74.0007
40.6520366667,-74.0073666667
40.66282,-73.982485
40.6645033333,-73.9870566667
40.6670316667,-73.9910516667
40.6692883333,-73.9965383333
40.669879,-74.000692
40.6661916667,-73.985525
40.6691983333,-74.0044266667
40.6480683333,-73.973005
40.6656033333,-73.997285
40.6652983333,-73.9934133333
40.6606283333,-74.0017016667
40.6593733333,-74.0043766667
40.656475,-74.0083883333
40.66051,-73.9794516667
40.652655,-73.9733316667
40.65501,-74.0124133333
40.6437266667,-74.02481
40.63808,-74.0200433333
40.63559,-74.0163516667
40.63381,-74.0116733333
40.632625,-74.009715
40.6446833333,-73.9824433333
40.6331816667,-74.00366
40.6348633333,-73.9995983333
40.640315,-73.9911616667
40.6390383333,-73.993745
40.6487566667,-74.0114033333
40.652047,-74.007285
40.657969,-73.995809
40.6558283333,-74.0042133333
40.65785,-74.0002433333
40.659894,-73.998163
40.656346,-73.982721
40.6608933333,-73.9888016667
40.660785,-73.9859916667
40.6526366667,-73.9811933333
40.6515816667,-74.00232
40.6445033333,-73.9905283333
40.640825,-74.000995
40.6354,-74.0061033333
40.639175,-74.014915
40.6420083333,-74.0191983333
40.6437133333,-74.0084716667
40.6430216667,-74.0040033333
40.6458966667,-74.0012133333
40.6447166667,-73.9966733333
40.6460033333,-73.9847283333
40.6503133333,-73.9787816667
40.632225,-74.0075983333
40.6395916667,-74.0049566667
40.6425966667,-73.9990333333
40.6631466667,-73.9962133333
40.65754,-73.9901166667
40.6600083333,-73.9914
40.6490383333,-74.01708
40.6366283333,-73.9988483333
40.6569033333,-73.980125
40.6587666667,-73.9751533333
40.659265,-73.9781116667
40.6528833333,-73.9777233333
40.6588,-73.98185
40.64686,-74.0083966667
40.6481466667,-73.980505
40.6470066667,-74.016265
40.646025,-74.0132683333
40.64395,-74.0153433333
40.64455,-74.0111966667
40.6396383333,-74.00863
40.6366933333,-74.008495
40.6638783333,-73.9991316667
40.6422016667,-73.9918183333
40.63746,-74.0038283333
40.5742566667,-73.9990416667
40.59319,-73.980175
40.591845,-73.9820733333
40.5899366667,-73.9796
40.5752166667,-73.98707
40.5750066667,-73.9892183333
40.5974116667,-74.003135
40.5775683333,-73.96898
40.5809733333,-74.00499
40.5741366667,-74.0063666667
40.5848466667,-73.981865
40.593385,-73.9770166667
40.5949316667,-73.9709233333
40.5787633333,-73.97895
40.5821433333,-73.960295
40.59804,-74.00447
40.5741633333,-73.9819866667
40.5995466667,-74.0031
40.5792733333,-74.0061883333
40.5979733333,-73.9627816667
40.578495,-73.9590083333
40.580435,-73.9833066667
40.5765483333,-73.9773766667
40.5925783333,-73.988115
40.5801316667,-74.0085916667
40.5988666667,-74.0015266667
40.5758783333,-73.9734916667
40.5823983333,-73.9681266667
40.577735,-74.0085766667
40.57922,-74.0110866667
40.57405,-73.978195
40.5830783333,-73.9847683333
40.577405,-73.9719233333
40.5803383333,-73.98809
40.5922883333,-73.9713116667
40.5902783333,-73.9696916667
40.5960033333,-73.9977083333
40.5913216667,-73.97563
40.583325,-73.9634333333
40.591295,-73.9609433333
40.5960616667,-73.9747333333
40.589745,-73.9866133333
40.5852716667,-73.96533
40.5786566667,-73.9924533333
40.5958516667,-73.9632766667
40.5956433333,-73.9648266667
40.5949366667,-73.9835716667
40.5882733333,-73.9734783333
40.5940066667,-73.97418
40.5946333333,-73.9915966667
40.59731,-73.9923016667
40.586575,-73.9614916667
40.63713,-73.9312616667
40.6481933333,-73.9255383333
40.6372666667,-73.93727
40.6410233333,-73.9292866667
40.6524633333,-73.9240633333
40.6365366667,-73.950285
40.6550616667,-73.9124716667
40.6571383333,-73.9045733333
40.65652,-73.8993216667
40.6556066667,-73.9095033333
40.6580116667,-73.90104
40.6537916667,-73.8923516667
40.651085,-73.8882016667
40.6538783333,-73.8901133333
40.62114,-73.920545
40.6531983333,-73.8968716667
40.632665,-73.9303216667
40.64291,-73.885945
40.648452,-73.894165
40.650265,-73.89728
40.6472033333,-73.8964166667
40.6499033333,-73.8942333333
40.651476,-73.893527
40.6288233333,-73.9502083333
40.6179316667,-73.9164683333
40.6532383333,-73.8949983333
40.6512883333,-73.8958183333
40.62458,-73.943617
40.62787,-73.930985
40.6265466667,-73.9019116667
40.6370983333,-73.8921133333
40.63573,-73.92808
40.6474466667,-73.8919283333
40.64226,-73.8899716667
40.63869,-73.899205
40.6454666667,-73.8983016667
40.6136383333,-73.9303033333
40.62391,-73.9209483333
40.6451583333,-73.9059333333
40.6493633333,-73.8926583333
40.6416183333,-73.917555
40.6156983333,-73.9330483333
40.6261366667,-73.9178933333
40.6275616667,-73.8997233333
40.6319083333,-73.91183
40.642685,-73.9026783333
40.646925,-73.912465
40.61351,-73.916685
40.63707,-73.924921
40.6189383333,-73.92521
40.6398166667,-73.8987116667
40.61907,-73.9301333333
40.6176383333,-73.93517
40.60868,-73.9244783333
40.620295,-73.9365033333
40.6218683333,-73.9300583333
40.651665,-73.9146216667
40.6211483333,-73.9132266667
40.63933,-73.9278983333
40.6260766667,-73.927685
40.63354,-73.9355583333
40.6315533333,-73.92392
40.6442316667,-73.8931333333
40.6221666667,-73.90891
40.6362933333,-73.91618
40.6356833333,-73.9128566667
40.6214266667,-73.9068316667
40.63149,-73.8907016667
40.6427116667,-73.9082133333
40.6351133333,-73.8981083333
40.6160416667,-73.9123366667
40.6408416667,-73.913435
40.62214,-73.9256433333
40.6406866667,-73.8922566667
40.6230133333,-73.91706
40.6489116667,-73.906985
40.6481633333,-73.92215
40.63378,-73.9080566667
40.6303383333,-73.9358516667
40.631263,-73.897689
40.6302083333,-73.9406916667
40.6159,-73.9264883333
40.63923,-73.919395
40.6450683333,-73.8884616667
40.6109583333,-73.9230383333
40.6231583333,-73.9409766667
40.629695,-73.8966083333
40.6198216667,-73.9171766667
40.63422,-73.9176316667
40.6112066667,-73.9279766667
40.651795,-73.9089166667
40.6339533333,-73.92655
40.6405183333,-73.9232033333
40.6273033333,-73.9136766667
40.6459633333,-73.9175
40.6506533333,-73.9182733333
40.6380366667,-73.8840316667
40.6396283333,-73.8850733333
40.6514116667,-73.901035
40.6142016667,-73.9199883333
40.6422216667,-73.9252383333
40.6193616667,-73.92129
40.6405266667,-73.9240433333
40.6377516667,-73.9056216667
40.6460083333,-73.903355
40.6323266667,-73.93814
40.6245366667,-73.9304316667
40.6132633333,-73.9217966667
40.6728783333,-73.8919583333
40.6778033333,-73.8989016667
40.6638916667,-73.8933966667
40.66228,-73.8946833333
40.675828,-73.894839
40.657865,-73.8919216667
40.6537916667,-73.8923516667
40.660145,-73.8903933333
40.65644,-73.8882033333
40.6554416667,-73.88544
40.6577816667,-73.8843816667
40.661225,-73.883355
40.6587833333,-73.8816933333
40.6607766667,-73.8798483333
40.66348,-73.880805
40.65742,-73.87398
40.66124,-73.870155
40.664255,-73.8728533333
40.6663916667,-73.8642883333
40.6673916667,-73.8610816667
40.6700183333,-73.8577283333
40.6688133333,-73.863365
40.66816,-73.867495
40.6715816667,-73.8636616667
40.6727916667,-73.8661283333
40.6736933333,-73.8609733333
40.6748316667,-73.8643066667
40.6777083333,-73.8728433333
40.6703216667,-73.8729283333
40.6677583333,-73.8711633333
40.666245,-73.87624
40.67624,-73.880155
40.6765416667,-73.884
40.6727016667,-73.8850283333
40.651085,-73.8882016667
40.6638266667,-73.86849
40.6655666667,-73.88541
40.669267,-73.887045
40.671465,-73.8886683333
40.6761,-73.8872566667
40.6787316667,-73.875235
40.6711266667,-73.8814316667
40.6759516667,-73.86987
40.6538783333,-73.8901133333
40.6639683333,-73.8772083333
40.6747783333,-73.8750366667
40.6695183333,-73.879495
40.6716233333,-73.8740716667
40.65708,-73.8940516667
40.66088,-73.8759533333
40.661375,-73.865195
40.6762733333,-73.8629216667
40.6820566667,-73.8640083333
40.681945,-73.8668916667
40.6909466667,-73.86857
40.69,-73.8705716667
40.6894333333,-73.8729966667
40.6845816667,-73.8828333333
40.6869766667,-73.8783616667
40.6847533333,-73.894455
40.6512783333,-73.88454
40.6820183333,-73.8961816667
40.6823266667,-73.8900133333
40.68047,-73.8966566667
40.6825933333,-73.8813216667
40.68342,-73.8771133333
40.680691,-73.887316
40.64574,-73.8819683333
40.6520566667,-73.8812416667
40.6492033333,-73.8875633333
40.688495,-73.868
40.6482383333,-73.8810583333
40.6524283333,-73.8662516667
40.658985,-73.8661383333
40.6579266667,-73.869825
40.6504266667,-73.8702116667
40.6524316667,-73.8743333333
40.6540666667,-73.876825
40.6486716667,-73.8842166667
40.6422866667,-73.8793283333
40.6545066667,-73.8640566667
40.64504,-73.87995
40.6460533333,-73.8774083333
40.684985,-73.8665533333
40.6786833333,-73.8672216667
40.6779216667,-73.8611916667
40.647195,-73.884895
40.6838866667,-73.8903883333
40.6531983333,-73.8968716667
40.64291,-73.885945
40.6499033333,-73.8942333333
40.651476,-73.893527
40.6532383333,-73.8949983333
40.6512883333,-73.8958183333
40.6474466667,-73.8919283333
40.6493633333,-73.8926583333
40.6450683333,-73.8884616667
40.6709633333,-73.9345066667
40.65954,-73.9337666667
40.6640533333,-73.9364916667
40.6524633333,-73.9240633333
40.68108,-73.9253966667
40.685075,-73.922885
40.6787533333,-73.9312233333
40.688525,-73.920815
40.6915633333,-73.9191466667
40.69373,-73.91696
40.68861,-73.91607
40.67105,-73.93449
40.6550616667,-73.9124716667
40.6713416667,-73.9097433333
40.676205,-73.9273916667
40.6792383333,-73.9232466667
40.66789,-73.90048
40.6702883333,-73.8975283333
40.684055,-73.9092
40.6700616667,-73.90488
40.667635,-73.9038016667
40.665815,-73.9055366667
40.6639116667,-73.9085233333
40.6634366667,-73.9059966667
40.6571383333,-73.9045733333
40.6696916667,-73.91577
40.6728783333,-73.8919583333
40.6673166667,-73.8972916667
40.6677033333,-73.9090333333
40.6778033333,-73.8989016667
40.6708933333,-73.9247566667
40.6653483333,-73.925975
40.67265,-73.928465
40.6600116667,-73.9136933333
40.677995,-73.9148083333
40.6601683333,-73.9050166667
40.6638916667,-73.8933966667
40.6735116667,-73.895985
40.66228,-73.8946833333
40.66534,-73.9177716667
40.6693483333,-73.8929083333
40.66549,-73.8977283333
40.6807216667,-73.9108233333
40.65652,-73.8993216667
40.6635166667,-73.9132133333
40.6603016667,-73.9015966667
40.6627116667,-73.899305
40.67772,-73.90876
40.675635,-73.9035416667
40.675828,-73.894839
40.6779383333,-73.9046133333
40.681965,-73.9049033333
40.6556066667,-73.9095033333
40.666335,-73.9140716667
40.6580116667,-73.90104
40.6547383333,-73.9183633333
40.6858533333,-73.90723
40.6853316667,-73.9168466667
40.68906,-73.9098783333
40.651665,-73.9146216667
40.651795,-73.9089166667
40.6506533333,-73.9182733333
40.6514116667,-73.901035
40.7044666667,-73.9522483333
40.6709633333,-73.9345066667
40.6977633333,-73.959845
40.6789833333,-73.967255
40.670555,-73.9632416667
40.6990616667,-73.9506466667
40.6980783333,-73.9286583333
40.67841,-73.9371816667
40.7025383333,-73.9321966667
40.6959,-73.9523216667
40.69671,-73.9424866667
40.6991733333,-73.95303
40.6900583333,-73.9598566667
40.6849783333,-73.9439983333
40.6930916667,-73.9396166667
40.7023733333,-73.9374783333
40.6817433333,-73.9397233333
40.68108,-73.9253966667
40.699695,-73.9235116667
40.6885116667,-73.9453533333
40.69511,-73.930485
40.6943983333,-73.9346383333
40.6777216667,-73.9423733333
40.685075,-73.922885
40.6787533333,-73.9312233333
40.6918883333,-73.931035
40.6877066667,-73.9326066667
40.681975,-73.9454783333
40.6824383333,-73.9556133333
40.7040183333,-73.9537066667
40.6929933333,-73.9212383333
40.69285,-73.9527533333
40.6955833333,-73.9600283333
40.696398,-73.922201
40.6894633333,-73.950825
40.688525,-73.920815
40.684405,-73.9356766667
40.7070833333,-73.9388
40.6918966667,-73.9458333333
40.6793783333,-73.9458066667
40.703301,-73.928217
40.7001266667,-73.94235
40.69528,-73.9195766667
40.6915633333,-73.9191466667
40.6937683333,-73.9170466667
40.68861,-73.91607
40.674975,-73.93656
40.67333,-73.938508
40.6786083333,-73.96192
40.680955,-73.9651966667
40.6757416667,-73.9581466667
40.67106,-73.9345366667
40.6723933333,-73.95277
40.68295,-73.9700683333
40.6831733333,-73.92979
40.681655,-73.9360016667
40.7034916667,-73.9642883333
40.70483,-73.9658083333
40.7058183333,-73.96437
40.7045683333,-73.964235
40.7085766667,-73.96614
40.7080716667,-73.9606716667
40.7079366667,-73.9586566667
40.7087183333,-73.9464666667
40.71033,-73.946555
40.7103383333,-73.94568
40.69947,-73.918998
40.708985,-73.9454533333
40.7104466667,-73.9444283333
40.71085,-73.94239
40.70936,-73.942185
40.7099383333,-73.9432633333
40.710815,-73.9406483333
40.7095166667,-73.9404216667
40.7100716667,-73.9416
40.6976366667,-73.9191883333
40.6957833333,-73.9177316667
40.6971733333,-73.914955
40.6988183333,-73.9611483333
40.700305,-73.9606533333
40.7036266667,-73.9665416667
40.70662,-73.9660616667
40.7058483333,-73.9621866667
40.7051883333,-73.9595116667
40.70255,-73.95996
40.7063316667,-73.9568683333
40.7044116667,-73.951985
40.7099166667,-73.954865
40.7151533333,-73.9609583333
40.7153666667,-73.9571366667
40.7127433333,-73.9638816667
40.7117666667,-73.9598216667
40.714995,-73.945505
40.7123383333,-73.93721
40.7095016667,-73.93757
40.7145283333,-73.9302833333
40.7136733333,-73.9250566667
40.7114683333,-73.9251933333
40.7112366667,-73.9292716667
40.7116216667,-73.93553
40.7099033333,-73.93322
40.7074033333,-73.9273033333
40.7068166667,-73.9199183333
40.70376,-73.9122233333
40.7074716667,-73.9235366667
40.7042066667,-73.9175466667
40.709415,-73.9233716667
40.709005,-73.95818
40.67451,-73.9668366667
40.6756216667,-73.962895
40.67487,-73.9537866667
40.6695583333,-73.9343583333
40.6763583333,-73.9659066667
40.68491,-73.9604883333
40.676087502287,-73.939233692294
40.70395,-73.92251
40.6964583333,-73.9449983333
40.701035,-73.9274633333
40.6851183333,-73.9545733333
40.69177,-73.9139933333
40.6937216667,-73.9150466667
40.695745,-73.9156216667
40.6967333333,-73.91161
40.6964916667,-73.9093183333
40.69911,-73.91259
40.694385,-73.911425
40.69508,-73.9131866667
40.676205,-73.9273916667
40.6792383333,-73.9232466667
40.67265,-73.928465
40.6853316667,-73.9168466667
40.6709633333,-73.9345066667
40.6467411667,-73.9388151667
40.6412316667,-73.9345483333
40.63713,-73.9312616667
40.6342533333,-73.94033
40.65954,-73.9337666667
40.6565833333,-73.9421666667
40.6576716667,-73.9562016667
40.6451133333,-73.9557683333
40.6486866667,-73.950295
40.6474366667,-73.9608683333
40.6540633333,-73.94477
40.6590716667,-73.9430866667
40.6640533333,-73.9364916667
40.6496333333,-73.95598
40.6481933333,-73.9255383333
40.6372666667,-73.93727
40.6444166667,-73.9306366667
40.6410233333,-73.9292866667
40.6524633333,-73.9240633333
40.6461183333,-73.9324583333
40.6421266667,-73.9381533333
40.6447216667,-73.9420233333
40.6487866667,-73.93488
40.65657,-73.935235
40.6511166667,-73.940315
40.66177,-73.948535
40.6365366667,-73.950285
40.6623933333,-73.9617116667
40.670555,-73.9632416667
40.667595,-73.9597016667
40.6653216667,-73.938735
40.6708666667,-73.967735
40.6684716667,-73.9659466667
40.6659683333,-73.9642333333
40.653875,-73.9638716667
40.65159317,-73.97000634
40.6440966667,-73.9659283333
40.6456316667,-73.97392
40.638585,-73.9712083333
40.6496366667,-73.9663816667
40.6335316667,-73.9660466667
40.6325833333,-73.9614383333
40.63061,-73.966065
40.64155,-73.965785
40.64018,-73.9693433333
40.6383433333,-73.9628483333
40.6364916667,-73.9649533333
40.6285166667,-73.96573
40.6480683333,-73.973005
40.63485,-73.96125
40.656396,-73.935637
40.6723933333,-73.95277
40.6547383333,-73.9183633333
40.63933,-73.9278983333
40.6481633333,-73.92215
40.670055,-74.0007
40.700735,-73.981715
40.698645,-73.9819633333
40.7000966667,-73.9833683333
40.6841283333,-73.9877616667
40.682675,-73.9887666667
40.6835916667,-73.9894716667
40.682175,-73.9833966667
40.6957766667,-73.97409
40.6937916667,-73.9733933333
40.6957966667,-73.9757433333
40.69372,-73.975435
40.695805,-73.97862
40.6943783333,-73.9788333333
40.6956933333,-73.9810616667
40.700605,-73.993035
40.6774016667,-73.9739916667
40.695292,-73.991328
40.6937583333,-74.0000833333
40.6883333333,-73.9977183333
40.6964966667,-73.988355
40.6936516667,-73.9877816667
40.6974983333,-73.987465
40.7010016667,-73.9876566667
40.6946466667,-73.995785
40.691565,-73.9897983333
40.7040383333,-73.9868983333
40.6838933333,-74.000195
40.6870766667,-73.9978033333
40.685425,-73.9933283333
40.6901216667,-73.99069
40.6824,-73.996324
40.68037,-73.9917383333
40.67663,-73.9773466667
40.6795283333,-73.9875
40.678155,-73.9844983333
40.674457,-73.97693
40.6977633333,-73.959845
40.6870066667,-73.9884283333
40.691835,-73.984995
40.6928266667,-73.9918583333
40.69857,-73.9712883333
40.6924216667,-73.9794033333
40.699483,-73.977784
40.7038216667,-73.9805483333
40.7029733333,-73.9901666667
40.6932466667,-73.98263
40.6850316667,-73.9734333333
40.6882733333,-73.9787866667
40.6842933333,-73.9764566667
40.6789833333,-73.967255
40.6964883333,-73.9690333333
40.6737283333,-74.01638
40.67582,-73.980605
40.6745916667,-73.976825
40.6779016667,-73.989735
40.6719516667,-73.978455
40.670394,-73.972536
40.66697557818,-73.973834192309
40.6691666667,-73.987505
40.66282,-73.982485
40.6645033333,-73.9870566667
40.6670316667,-73.9910516667
40.6692883333,-73.9965383333
40.6699783333,-74.0006666667
40.671595,-74.0107083333
40.6768216667,-74.0164016667
40.67797,-74.014175
40.679715,-74.0018583333
40.6782633333,-74.0068816667
40.6764116667,-74.00934
40.6751583333,-74.0077716667
40.6739583333,-74.00457
40.6768883333,-74.005985
40.6752333333,-74.00575
40.6738433333,-73.9821533333
40.6750066667,-74.002
40.6745283333,-74.0141233333
40.6730966667,-74.00919
40.6806983333,-73.9953283333
40.6776666667,-74.0015766667
40.6756166667,-73.998805
40.6787166667,-73.997605
40.6735033333,-73.9939183333
40.6776316667,-73.9954033333
40.6722066667,-73.98465
40.6762416667,-73.9855933333
40.6707066667,-73.99124
40.67265,-74.0005433333
40.6836416667,-74.0034133333
40.6832633333,-74.0059733333
40.6857533333,-74.00475
40.6816766667,-74.0043866667
40.676565,-73.9908766667
40.6802233333,-74.0106066667
40.68108,-74.0071966667
40.6662233333,-73.98211
40.6661916667,-73.985525
40.6700133333,-73.9757983333
40.6691983333,-74.0044266667
40.6710283333,-73.9815416667
40.6694383333,-73.9790566667
40.6687233333,-73.9833416667
40.6737033333,-73.990225
40.6676566667,-73.9776383333
40.6645666667,-73.9803733333
40.6810466667,-73.998905
40.68206,-74.0003866667
40.6708666667,-73.967735
40.6991733333,-73.95303
40.6900583333,-73.9598566667
40.6824383333,-73.9556133333
40.6955833333,-73.9600283333
40.6786083333,-73.96192
40.680955,-73.9651966667
40.68295,-73.9700683333
40.88322,-73.84358
40.8768716667,-73.865955
40.8693033333,-73.8696966667
40.8623316667,-73.8659033333
40.8627933333,-73.860355
40.861635,-73.8612116667
40.8708633333,-73.85034
40.8697016667,-73.85179
40.8858333333,-73.8652783333
40.8936,-73.8611233333
40.89214,-73.8526066667
40.8909233333,-73.8486016667
40.8758183333,-73.8436216667
40.8781866667,-73.8472983333
40.88044,-73.8485483333
40.8734216667,-73.8423383333
40.8705116667,-73.8464416667
40.87529,-73.869315
40.8727583333,-73.8702216667
40.8713666667,-73.8599683333
40.8618633333,-73.86897
40.8605233333,-73.8529916667
40.861015,-73.8481466667
40.860295,-73.843415
40.864325,-73.8435
40.867495,-73.8418483333
40.8739783333,-73.8478033333
40.8700716667,-73.8406766667
40.8729816667,-73.8383683333
40.8756733333,-73.8356666667
40.87855,-73.837295
40.8815083333,-73.8392783333
40.883875,-73.8395283333
40.889505,-73.8442716667
40.8882383333,-73.852915
40.8750983333,-73.8524733333
40.8668183333,-73.8547066667
40.881125,-73.8649266667
40.880295,-73.85975
40.87725,-73.8609633333
40.8753933333,-73.8615033333
40.8920683333,-73.8619516667
40.8819916667,-73.853655
40.8670683333,-73.85067
40.8653983333,-73.8455016667
40.879905,-73.843195
40.8786483333,-73.8506366667
40.86321,-73.8466366667
40.8639266667,-73.8518916667
40.8648633333,-73.85677
40.864345,-73.867925
40.8672316667,-73.868615
40.8614233333,-73.858185
40.870015,-73.8538916667
40.8708766667,-73.8532416667
40.8764966667,-73.8504883333
40.8885316667,-73.85667
40.8898966667,-73.81712
40.8868816667,-73.81758
40.8981866667,-73.8476483333
40.887895,-73.8333816667
40.8888116667,-73.8380666667
40.8929183333,-73.842655
40.8850083333,-73.8356683333
40.9001483333,-73.8579866667
40.8813316667,-73.828045
40.8832266667,-73.8259216667
40.88296,-73.8309916667
40.9026333333,-73.8427116667
40.8939616667,-73.8496833333
40.8974816667,-73.85983
40.9025283333,-73.8543666667
40.9026433333,-73.8510383333
40.898745,-73.8423416667
40.8882333333,-73.822045
40.8883583333,-73.8273283333
40.8910116667,-73.830755
40.89134,-73.838865
40.891185,-73.8354283333
40.895355,-73.84617
40.894945,-73.8415266667
40.8921616667,-73.8460966667
40.8857216667,-73.8233533333
40.8996416667,-73.8521383333
40.9057383333,-73.8555266667
40.880925,-73.832415
40.9015083333,-73.8468083333
40.8869583333,-73.8292183333
40.904105,-73.8562716667
40.8992166667,-73.8551916667
40.8938316667,-73.8551916667
40.8928866667,-73.8271
40.90446,-73.842795
40.9046416667,-73.8382183333
40.9010416667,-73.8391783333
40.8980083333,-73.839
40.89421,-73.8384833333
40.9094183333,-73.8521166667
40.893475,-73.8334733333
40.8959983333,-73.8372116667
40.89492,-73.8348383333
40.8959666667,-73.855025
40.897685,-73.8511833333
40.8161533333,-73.8534283333
40.83512,-73.8506633333
40.827835,-73.882425
40.8311016667,-73.850515
40.8326983333,-73.8666566667
40.83682,-73.868515
40.81696,-73.8606816667
40.8299333333,-73.8462516667
40.81826,-73.857755
40.819195,-73.8631
40.829485,-73.86554
40.830385,-73.8744583333
40.829675,-73.8613233333
40.8308116667,-73.8774466667
40.8351716667,-73.846285
40.8225916667,-73.849375
40.8242066667,-73.8440066667
40.840675,-73.8483716667
40.833015,-73.875715
40.8247333333,-73.873985
40.8292316667,-73.8508916667
40.82082,-73.8797216667
40.8273433333,-73.8439716667
40.8321116667,-73.85967
40.8392766667,-73.8508416667
40.8195216667,-73.8447183333
40.845969,-73.916183
40.8511533333,-73.9233566667
40.84627,-73.9220016667
40.8482383333,-73.9127966667
40.82263,-73.889155
40.81235,-73.9220233333
40.8091716667,-73.905455
40.8339433333,-73.9000483333
40.82298,-73.9184683333
40.8157833333,-73.9048466667
40.823025,-73.908295
40.805885,-73.9199616667
40.8039833333,-73.91601
40.81653,-73.9090266667
40.8191566667,-73.9114866667
40.8098566667,-73.9276066667
40.8238516667,-73.903185
40.8131716667,-73.91022
40.8076983333,-73.924395
40.81891,-73.9175533333
40.82043,-73.92086
40.8274483333,-73.8994016667
40.823125,-73.9013866667
40.829115,-73.9152583333
40.831755,-73.9137983333
40.8298216667,-73.9074083333
40.8273533333,-73.921665
40.8178566667,-73.9274533333
40.8318266667,-73.9084666667
40.8323816667,-73.9017866667
40.834385,-73.9047483333
40.8356183333,-73.907285
40.8112283333,-73.9167683333
40.8093933333,-73.9199316667
40.8177766667,-73.8974766667
40.8206416667,-73.8930766667
40.82752,-73.918795
40.8326916667,-73.9263916667
40.831145,-73.8980983333
40.8192116667,-73.9052433333
40.81218,-73.925905
40.8303616667,-73.9201583333
40.81058,-73.9073433333
40.8216616667,-73.9276983333
40.8162816667,-73.8954516667
40.8157616667,-73.9303016667
40.806435,-73.9093766667
40.8090883333,-73.9117433333
40.827142,-73.903967
40.83464,-73.9257
40.8355983333,-73.9303066667
40.83798,-73.9286866667
40.8324766667,-73.9311966667
40.8436716667,-73.9110983333
40.810415,-73.9223266667
40.81215,-73.9305066667
40.8156116667,-73.9194166667
40.8158266667,-73.9048433333
40.8227183333,-73.90163
40.825405,-73.9300866667
40.8264066667,-73.903565
40.82363,-73.9224116667
40.827797690429,-73.913894135004
40.8243483333,-73.91727
40.81463,-73.912085
40.8216333333,-73.9300283333
40.8099683333,-73.9360466667
40.82629,-73.9352466667
40.8300233333,-73.9374066667
40.8342033333,-73.9360633333
40.83231,-73.93583
40.83937,-73.9355933333
40.8368966667,-73.937175
40.84964,-73.9292616667
40.8331716667,-73.937505
40.8441833333,-73.8858483333
40.8540116667,-73.8999433333
40.8505416667,-73.900345
40.859865,-73.88547
40.8627816667,-73.882995
40.85947,-73.8825283333
40.86692,-73.90254
40.845969,-73.916183
40.843985,-73.9005133333
40.8677516667,-73.90574
40.8577516667,-73.89037
40.8432316667,-73.894855
40.8694933333,-73.88584
40.85611,-73.8967233333
40.8508133333,-73.8924566667
40.8469016667,-73.8879966667
40.8511533333,-73.9233566667
40.8540616667,-73.9107366667
40.8525716667,-73.9182416667
40.84627,-73.9220016667
40.8471966667,-73.89769
40.8702216667,-73.90648
40.8454083333,-73.89785
40.850505,-73.8864016667
40.8554083333,-73.8825366667
40.8578916667,-73.9078266667
40.8439133333,-73.8898333333
40.87033,-73.896995
40.86039,-73.9139883333
40.8522266667,-73.8829433333
40.8577716667,-73.9037583333
40.8485533333,-73.9092433333
40.8483183333,-73.9035516667
40.8572966667,-73.91312
40.8482383333,-73.9127966667
40.8637683333,-73.90831
40.8533816667,-73.9129866667
40.850525,-73.9033583333
40.8533083333,-73.8919133333
40.8564716667,-73.8987433333
40.8587833333,-73.8948933333
40.8487133333,-73.8887466667
40.84941,-73.9155916667
40.83795,-73.905935
40.84045,-73.9042566667
40.837,-73.902517
40.8435233333,-73.90329
40.8411416667,-73.8803466667
40.8393283333,-73.8823516667
40.8402233333,-73.8954216667
40.8375633333,-73.8974833333
40.8363816667,-73.8926983333
40.8300966667,-73.8871716667
40.82263,-73.889155
40.8263616667,-73.8876233333
40.8402616667,-73.8747283333
40.8416066667,-73.87515
40.8385316667,-73.87468
40.8589966667,-73.9100416667
40.8739216667,-73.8947116667
40.878325,-73.890785
40.8818433333,-73.8873016667
40.8841033333,-73.8884333333
40.8868716667,-73.8781183333
40.884465,-73.8789666667
40.8806233333,-73.8753433333
40.8748416667,-73.8733183333
40.8756333333,-73.87506
40.8668733333,-73.88301
40.865305,-73.8844983333
40.8722916667,-73.8836166667
40.87547,-73.883765
40.8767216667,-73.8809233333
40.8801416667,-73.881105
40.8813633333,-73.881005
40.8779583333,-73.8879316667
40.872645,-73.88033
40.8839183333,-73.8799816667
40.87109,-73.8876633333
40.879985,-73.8775216667
40.8725133333,-73.875865
40.8766766667,-73.8784483333
40.8516183333,-73.9104
40.855515,-73.9032466667
40.8604816667,-73.8898566667
40.839610353581,-73.911649284457
40.8339433333,-73.9000483333
40.8323816667,-73.9017866667
40.834421,-73.904766
40.835609,-73.907249
40.8206416667,-73.8930766667
40.831145,-73.8980983333
40.8436716667,-73.9110983333
40.827835,-73.882425
42.0973859,-71.0154793
42.0960016667,-71.02797
42.062825,-71.019755
42.0894383333,-71.0271916667
42.074665,-71.0147266667
42.0633066,-71.0097153
42.0912866667,-71.01912
42.0826366667,-71.0234283333
42.05768,-71.0086333333
42.0561266667,-71.016475
42.0586816667,-71.0164
42.0603766667,-71.0202616667
42.0636583333,-71.0151233333
42.0671333333,-71.0130716667
42.071745,-71.0127966667
42.0745966667,-71.0089883333
42.0751016667,-71.0055833333
42.07484,-71.0016833333
42.074405,-70.9963766667
42.0751633333,-70.9895683333
42.08061,-70.9879916667
42.0826466667,-71.0126466667
42.080735,-71.005925
42.0824116667,-70.9926916667
42.084365,-70.9870516667
42.085465,-70.9927433333
42.08539,-71.0009533333
42.1082183333,-71.0152333333
42.1123516667,-71.0157283333
42.1095183333,-71.019585
42.1060716667,-71.0274366667
42.1023133333,-71.0292316667
42.098785,-71.0295833333
42.0993766667,-71.0321516667
42.0919683333,-71.0365133333
42.0964866667,-71.034895
42.0917083333,-71.0407633333
42.088305,-71.0360033333
42.0871083333,-71.04115
42.08432,-71.0399733333
42.0806233333,-71.0386466667
42.0808316667,-71.0322633333
42.07714,-71.032315
42.07392,-71.0317433333
42.07885,-71.0355666667
42.0758683333,-71.0365916667
42.09819,-71.0372616667
42.10941,-71.02618
42.05979,-71.0136666667
42.0839066667,-71.01092
42.1074666667,-71.01884
42.0793383333,-71.0171766667
42.08594,-71.015305
42.0783933333,-71.0008833333
41.22145,-73.19693
41.22039,-73.1951083333
41.2198066667,-73.1970133333
41.224635,-73.1954566667
41.22129,-73.2007433333
41.2172033333,-73.19092
41.2281116667,-73.2007333333
41.2103416667,-73.20872
41.2045466667,-73.2057033333
41.2075116667,-73.2067416667
41.2090416667,-73.2070416667
41.2114683333,-73.1919916667
41.2235233333,-73.1912216667
41.2208633333,-73.1875533333
41.2165816667,-73.1972266667
41.21855,-73.19345
41.2192216667,-73.20292
41.1646,-73.2069183333
41.1657733333,-73.2113316667
41.1659916667,-73.2149766667
41.1662433333,-73.218295
41.1643716667,-73.2207183333
41.1609116667,-73.218705
41.159935,-73.212405
41.1625916667,-73.20866
41.162655,-73.2161033333
41.1620783333,-73.2166383333
41.1616216667,-73.2139016667
41.1610366667,-73.2155883333
41.1619516667,-73.21566
41.1648683333,-73.2131983333
41.1632516667,-73.2107216667
41.1808483333,-73.1641866667
41.186815,-73.174755
41.1712716667,-73.2178533333
41.1697316667,-73.2072066667
41.1916583333,-73.2043066667
41.1896066667,-73.1661533333
41.19653,-73.1692533333
41.1929066667,-73.170485
41.1804366667,-73.1963216667
41.1853766667,-73.186015
41.171115,-73.1966116667
41.184305,-73.1965516667
41.1836216667,-73.1949466667
41.2007616667,-73.166095
41.2043183333,-73.16248
41.1938433333,-73.16446
41.197725,-73.1655766667
41.190355,-73.15568
41.1858583333,-73.1601016667
41.1856016667,-73.157
41.1915983333,-73.1599866667
41.1952633333,-73.1631716667
41.19354,-73.1751733333
41.1827933333,-73.1758716667
41.1782,-73.1604166667
41.1781516667,-73.1649716667
41.199625,-73.1817283333
41.1885133333,-73.20623
41.1844483333,-73.2034433333
41.185785,-73.19747
41.1789933333,-73.20988
41.1761516667,-73.2146233333
41.1740833333,-73.2147016667
41.1729933333,-73.2065766667
41.16731,-73.2150883333
41.16775,-73.2072316667
41.1697283333,-73.2099916667
41.1725516667,-73.2026766667
41.1759233333,-73.1974316667
41.1751316667,-73.20205
41.1802716667,-73.2013433333
41.177585,-73.2022316667
41.1850416667,-73.2078266667
41.1828033333,-73.2016166667
41.1849766667,-73.19986
41.1944766667,-73.2056083333
41.1948383333,-73.2015466667
41.198145,-73.19818
41.1918466667,-73.19566
41.18333,-73.18911
41.1800566667,-73.1927316667
41.1805966667,-73.184215
41.1799266667,-73.179145
41.1795366667,-73.176
41.1991133333,-73.1926183333
41.1959533333,-73.1904216667
41.1939316667,-73.1923816667
41.1863333333,-73.1904516667
41.1789166667,-73.170845
41.1757366667,-73.167155
41.1760883333,-73.15777
41.1804066667,-73.1551933333
41.183085,-73.1589866667
41.17987,-73.1594566667
41.185195,-73.1686816667
41.182015,-73.1718716667
41.1837733333,-73.1644033333
41.181395,-73.1664883333
41.1888433333,-73.1848766667
41.1910916667,-73.1701433333
41.19203,-73.187925
41.19337,-73.18363
41.1894566667,-73.1810116667
41.1956233333,-73.1873016667
41.1759566667,-73.16127
41.1801666667,-73.2138533333
41.1896866667,-73.1887783333
42.2812766667,-71.0813466667
42.346524,-71.0658
42.2736083333,-71.0932183333
42.3235583333,-71.07304
42.3060216667,-71.0748116667
42.2671416667,-71.0957666667
42.3267533333,-71.0767033333
42.3356883333,-71.070185
42.3070866667,-71.0811533333
42.29089,-71.0896233333
42.3067066667,-71.0933033333
42.3293833333,-71.0953683333
42.299181,-71.062818
42.291395,-71.0806466667
42.3154633333,-71.0882316667
42.2994833333,-71.0705316667
42.2781783333,-71.0787433333
42.3176966667,-71.09214
42.3444316667,-71.0735583333
42.311105,-71.0763133333
42.3439483333,-71.0662066667
42.321245,-71.0980566667
42.29567,-71.0708366667
42.318085,-71.0757016667
42.2671188333,-71.1045353333
42.28468,-71.0918266667
42.3187483333,-71.0810966667
42.33047,-71.0776716667
42.3084483333,-71.0611183333
42.28674,-71.0728216667
42.3275416667,-71.1052233333
42.33961,-71.07067
42.2895333333,-71.0917633333
42.346895,-71.075125
42.312375,-71.085675
-9999,-9999
42.3160166667,-71.0847466667
42.3090566667,-71.075265
42.2762683333,-71.09083
42.3107016667,-71.06153
42.2820033333,-71.0869666667
42.3114816667,-71.0709883333
42.271785,-71.09172
42.3296783333,-71.0911783333
42.3059283333,-71.0677733333
42.3349666667,-71.0731283333
42.3378483333,-71.071055
42.314772,-71.067618
42.284409,-71.080012
42.3148833333,-71.07907
42.3029016667,-71.0608683333
42.325775,-71.09119
42.3008583333,-71.060845
42.28506,-71.0757616667
42.3305916667,-71.0989533333
42.343415,-71.078585
42.293225,-71.0661333333
42.282465,-71.095245
42.3219483333,-71.1051333333
42.3307366667,-71.0876866667
42.3140466667,-71.0638866667
42.325639,-71.09916
42.2854583333,-71.0853566667
42.3209166667,-71.0866933333
42.3469133333,-71.0706366667
42.303911,-71.071168
42.2967783333,-71.08023
42.3280083333,-71.0673466667
42.2946983333,-71.0923183333
42.33183,-71.069425
42.3183183333,-71.0632733333
42.2856166667,-71.0890766667
42.3137866667,-71.0900466667
42.2941483333,-71.0867416667
42.324828,-71.076154
42.301505,-71.06782
42.32153,-71.064515
42.340365,-71.0729816667
42.3284333333,-71.0857166667
42.34077,-71.067427
42.3213316667,-71.0806116667
42.3223433333,-71.0902766667
42.3318083333,-71.0899833333
42.3073716667,-71.0688783333
42.3171183333,-71.072365
42.2909183333,-71.0575366667
42.301055,-71.0590366667
42.2842283333,-71.0644066667
42.291885,-71.0643033333
42.2812766667,-71.069515
42.2880933333,-71.0582233333
42.2974516667,-71.0607416667
42.2868083333,-71.06434
42.297314,-71.067049
42.2942933333,-71.059765
42.3055733333,-71.0580933333
42.2842616667,-71.071195
42.289355,-71.061755
42.280242,-71.075062
42.306393,-71.059687
42.3419683333,-71.0819383333
42.3343816667,-71.0825
42.3204166667,-71.0946033333
42.3240066667,-71.0693333333
42.313715,-71.07184
42.3098116667,-71.0826266667
42.3283083333,-71.0737
42.3194366667,-71.0702233333
42.333914,-71.091251
42.3354133333,-71.0891116667
42.3379883333,-71.08482
33.482905,-86.88968
33.4867833333,-86.87165
33.48934,-86.8937966667
33.506475,-86.88869
33.48846,-86.876145
33.4976716667,-86.8695466667
33.501065,-86.881595
33.4893,-86.8657316667
33.4939783333,-86.86665
33.491507,-86.860758
33.4947816667,-86.863055
33.50679,-86.8635133333
33.5029283333,-86.8609383333
33.4896133333,-86.8877166667
33.48113,-86.8819333333
33.489545,-86.8671916667
33.4991133333,-86.8665133333
33.5051766667,-86.8738466667
33.49321,-86.8738416667
33.49147,-86.8706366667
33.4975766667,-86.878655
33.50629,-86.8700366667
33.504783,-86.85925
33.4966,-86.8568533333
33.5011583333,-86.8636116667
33.48812,-86.88264
33.5029733333,-86.85672
33.4780866667,-86.8919883333
33.4846883333,-86.8935916667
33.4782383333,-86.886615
33.4874666667,-86.893825
33.4971116667,-86.89081
33.491915,-86.880785
33.4868566667,-86.8810616667
33.5026583333,-86.8708883333
33.4797933333,-86.887525
33.50162,-86.8743166667
33.4833916667,-86.8819666667
33.4960883333,-86.8830916667
33.492505,-86.885585
33.4844333333,-86.8865266667
33.49313,-86.8905
33.4872533333,-86.8870566667
33.4996783333,-86.8855833333
33.507745,-86.879045
33.5109133333,-86.874585
33.50887,-86.8696133333
33.484255,-86.86853
33.4742283333,-86.87034
33.4813533333,-86.8570816667
33.48061,-86.8602416667
33.4843383333,-86.8599616667
33.4677333333,-86.89185
33.470415,-86.8971316667
33.469685,-86.8836616667
33.4737883333,-86.87724
33.4706066667,-86.8812716667
33.4780033333,-86.86772
33.4796466667,-86.8634416667
33.48504,-86.8780316667
33.4702683333,-86.8908816667
33.4767466667,-86.9001633333
33.4722916667,-86.9009116667
33.4739066667,-86.8948733333
33.4756133333,-86.88992
33.4755416667,-86.8819033333
33.484715,-86.8741133333
33.4867333333,-86.8625033333
33.4856633333,-86.8994183333
33.4937683333,-86.90219
33.495805,-86.9031466667
33.5031366667,-86.8907883333
33.5047533333,-86.894875
33.4889766667,-86.90345
33.479432,-86.902093
33.48303,-86.9041616667
33.49839,-86.8963316667
33.4906533333,-86.8978466667
33.50205,-86.8969683333
33.5048633333,-86.9167783333
33.5120533333,-86.8840383333
33.5186983333,-86.88854
33.51005,-86.88074
33.507345,-86.8923833333
33.5130233333,-86.8972766667
33.506315,-86.9039683333
33.506995,-86.9116216667
33.5057316667,-86.922205
33.4995133333,-86.91788
33.50175,-86.9221933333
33.5030033333,-86.9117366667
33.498299,-86.909653
33.5000066667,-86.9011283333
33.49893,-86.9079566667
33.5093983333,-86.8933316667
33.51299,-86.9014133333
33.5190516667,-86.8915233333
33.5152233333,-86.8889466667
33.5055116667,-86.8971416667
33.5150333333,-86.877505
33.5124116667,-86.8766616667
33.5156,-86.8841883333
33.520205,-86.8814016667
33.5076066667,-86.9188916667
33.512297,-86.89482
33.5044,-86.8826966667
33.4785983333,-86.896095
33.4975783333,-86.8927666667
33.49352,-86.8966933333
33.4863583333,-86.9036
33.4801583333,-86.8689916667
33.506315,-86.839235
33.5136816667,-86.8366516667
33.5069816667,-86.8326483333
33.50348,-86.8304933333
33.4923816667,-86.83909
33.51238,-86.8308533333
33.50225,-86.82603
33.5016866667,-86.8359266667
33.4985666667,-86.824035
33.49305,-86.827867
33.4960383333,-86.8288283333
33.497215,-86.837087
33.4927983333,-86.8313916667
33.5006966667,-86.8399433333
33.5096766667,-86.8343733333
33.5096433333,-86.8282933333
33.51276,-86.8262083333
33.4945966667,-86.8739366667
33.4883216667,-86.82953
33.4897333333,-86.82676
33.4887516667,-86.8230783333
33.49556,-86.82144
33.5069366667,-86.8205133333
33.4990083333,-86.8217366667
33.5063583333,-86.822585
33.51547,-86.82611
33.5191733333,-86.8368116667
33.5153133333,-86.8296683333
33.514245,-86.8504733333
33.5119383333,-86.848085
33.511225,-86.8436116667
33.5150433333,-86.8417583333
33.519605,-86.8479233333
33.5193733333,-86.8306616667
33.5142216667,-86.833635
33.5165483333,-86.846245
33.5189316667,-86.842605
33.5114,-86.8389366667
33.5141666667,-86.8677383333
33.5134916667,-86.8598133333
33.5081183333,-86.859145
33.5106983333,-86.85404
33.5110366667,-86.864515
33.5071466667,-86.848195
33.4934966667,-86.8441333333
33.4917283333,-86.8501166667
33.4932316667,-86.8520883333
33.4972316667,-86.8484083333
33.5060066667,-86.8433633333
33.5030516667,-86.84778
33.49993,-86.85123
33.505515,-86.85278
33.50231,-86.8430983333
33.48851,-86.8559883333
33.4922266667,-86.8556016667
33.4855733333,-86.85524
33.4839233333,-86.8508183333
33.4820316667,-86.8519716667
33.498385,-86.8423183333
33.4863083333,-86.8402666667
33.49039,-86.8393066667
33.48904,-86.8318283333
33.5009733333,-86.8235433333
33.5478216667,-86.7448116667
33.546565,-86.7417433333
33.5415116667,-86.73155
33.5444516667,-86.7332016667
33.5454616667,-86.7381383333
33.54075,-86.7730783333
33.5374916667,-86.772975
33.529391,-86.769303
33.5323333333,-86.7730816667
33.5434016667,-86.7694316667
33.5355183333,-86.7775366667
33.537565,-86.7834233333
33.5270716667,-86.7731733333
33.542685,-86.7806633333
33.5370716667,-86.7682466667
33.5325416667,-86.770535
33.5395666667,-86.7639133333
33.5344566667,-86.76464
33.52903,-86.7799333333
33.5324166667,-86.7821866667
33.5391466667,-86.7787883333
33.530275,-86.7753883333
33.5284316667,-86.7861466667
33.5261566667,-86.7812783333
33.5275783333,-86.777615
33.5187166667,-86.7773116667
33.5196916667,-86.7698133333
33.53249,-86.77888
33.5290883333,-86.7624266667
33.5254716667,-86.7712066667
33.5232083333,-86.7678616667
33.5205666667,-86.7661866667
33.5249016667,-86.7634033333
33.5291983333,-86.759555
33.53386,-86.7548083333
33.5421216667,-86.7521666667
33.5171016667,-86.77149
33.5350366667,-86.7555616667
33.5362183333,-86.7594116667
33.5419816667,-86.7599666667
33.5440033333,-86.7609183333
33.54464,-86.7479233333
33.5395433333,-86.7574433333
33.5395666667,-86.7342883333
33.5415816667,-86.7380533333
33.5367283333,-86.7444216667
33.53706,-86.739115
33.540165,-86.7424233333
33.5401483333,-86.751535
33.5478316667,-86.7696516667
33.5459183333,-86.774425
33.5437,-86.765095
33.5320183333,-86.7602333333
33.5390816667,-86.7474933333
33.5461433333,-86.749635
33.546725,-86.7700683333
33.5241216667,-86.776745
33.5626783333,-86.72025
33.551635,-86.737675
33.565895,-86.7162066667
33.5600916667,-86.7169783333
33.5460633333,-86.7227516667
33.55845,-86.725005
33.5550033333,-86.7211166667
33.5715116667,-86.7217083333
33.5637466667,-86.712195
33.5494916667,-86.7415283333
33.566858,-86.720824
33.570352,-86.713564
33.567995,-86.7307683333
33.5550016667,-86.7336133333
33.5535166667,-86.7281116667
33.5650283333,-86.7258083333
33.5512,-86.71842
33.5699366667,-86.727515
33.5489616667,-86.73002
33.551993,-86.726598
33.5540166667,-86.73793
33.56377,-86.7383233333
33.5570533333,-86.734085
33.5588583333,-86.7355616667
33.5651616667,-86.7346
33.550095,-86.7347483333
33.559381,-86.730334
33.5608783333,-86.7272583333
33.555705,-86.7397416667
33.5488733333,-86.723315
33.5478216667,-86.7448116667
33.5497883333,-86.7438916667
33.546565,-86.7417433333
33.5415116667,-86.73155
33.5444666667,-86.7331866667
33.5408616667,-86.7263866667
33.5425366667,-86.721065
33.54405,-86.7274483333
33.5493616667,-86.714945
33.558865,-86.7069416667
33.554355,-86.7114233333
33.55524,-86.71626
33.5579533333,-86.71092
33.5643433333,-86.7087516667
33.5707916667,-86.7068566667
33.564495,-86.7061216667
33.5690933333,-86.7032416667
33.5676166667,-86.7103433333
33.57549,-86.710675
33.5747266667,-86.7154683333
33.577335,-86.71743
33.5767566667,-86.7261316667
33.5794116667,-86.7209183333
33.5754783333,-86.72338
33.57428,-86.7295133333
33.56993,-86.7348266667
33.5454616667,-86.7381383333
33.5428516667,-86.7242266667
33.5727233333,-86.7193883333
33.570225,-86.7303733333
33.5722016667,-86.7116016667
33.54821,-86.719625
33.5672066667,-86.7385283333
33.561705,-86.7401266667
33.5395666667,-86.7342883333
33.5415816667,-86.7380533333
32.8199433333,-83.6633683333
32.81893,-83.6583766667
32.8138233333,-83.6590533333
32.8138016667,-83.6625533333
32.8128733333,-83.6676916667
32.81427,-83.673625
32.8153766667,-83.6756583333
32.8140283333,-83.67886
32.8141016667,-83.6833666667
32.8165283333,-83.685945
32.81433,-83.69144
32.8148566667,-83.6937516667
32.8153766667,-83.69792
32.8151766667,-83.700555
32.8220983333,-83.6965466667
32.820955,-83.690065
32.8275966667,-83.6881366667
32.83133,-83.6880966667
32.8330783333,-83.6912866667
32.83451,-83.6924
32.8393316667,-83.6994466667
32.8412416667,-83.6996183333
32.8474116667,-83.6937116667
32.84671,-83.6883566667
32.8488566667,-83.6791183333
32.842765,-83.673875
32.841873,-83.670104
32.8416833333,-83.662865
32.83939,-83.657895
32.8372233333,-83.65644
32.8344116667,-83.6517766667
32.8328966667,-83.6513766667
32.8300983333,-83.6558483333
32.8253416667,-83.6594116667
32.8182033333,-83.6707016667
32.8209966667,-83.67945
32.8226983333,-83.6830316667
32.8172766667,-83.68384
32.8207516667,-83.667015
32.8214316667,-83.675345
32.8267033333,-83.6636183333
32.8247616667,-83.6620566667
32.8323566667,-83.66327
32.8150083333,-83.6660216667
32.8169883333,-83.6641833333
32.8282,-83.6622216667
32.829015,-83.67401
32.8248733333,-83.6778766667
32.82379,-83.6803416667
32.82427,-83.6867033333
32.8319766667,-83.6864683333
32.8307183333,-83.6773416667
32.832465,-83.673825
32.8337883333,-83.67052
32.8370083333,-83.6718833333
32.831378,-83.66626
32.8354316667,-83.664445
32.8373616667,-83.6763666667
32.834644,-83.661867
32.8393216667,-83.67208
32.837645,-83.6627816667
32.8365216667,-83.6688933333
32.8432066667,-83.6882866667
32.8406016667,-83.685955
32.81856,-83.6932783333
32.8188433333,-83.6979083333
32.81655,-83.6894366667
32.8209133333,-83.6532433333
32.8235266667,-83.6494983333
32.821025,-83.6499416667
32.8218666667,-83.636665
32.8185283333,-83.639095
32.8177666667,-83.64035
32.8237166667,-83.6407683333
32.8110133333,-83.64097
32.8052216667,-83.64118
32.796135,-83.6425283333
32.7935833333,-83.6446133333
32.7916066667,-83.6501416667
32.7882016667,-83.657165
32.8021016667,-83.65774
32.806275,-83.6563866667
32.8131566667,-83.653015
32.816349,-83.654726
32.81972,-83.6455833333
32.8169216667,-83.6434583333
32.8153433333,-83.6468333333
32.8080916667,-83.6484533333
32.8051183333,-83.6488366667
32.8033016667,-83.6503516667
32.7984766667,-83.650625
32.795924,-83.647871
32.7947116667,-83.65399
32.7917666667,-83.65735
32.8115266667,-83.645395
32.816095,-83.6509816667
32.814613,-83.654778
32.8012066667,-83.653715
32.8493416667,-83.66328
32.798855,-83.6411883333
32.8453583333,-83.6471116667
32.8454266667,-83.64352
32.8412966667,-83.6471633333
32.8396533333,-83.6480216667
32.8386183333,-83.65213
32.84294,-83.6500133333
32.844545,-83.6567416667
32.8426016667,-83.6600116667
32.835385,-83.6883783333
32.8229833333,-83.6939933333
32.8173016667,-83.6377383333
32.7888683333,-83.652335
32.838185,-83.669155
32.8468216667,-83.683685
37.873805,-122.267193333
37.86317,-122.246128333
37.8730366667,-122.26514
37.8740683333,-122.265516667
37.8756583333,-122.259336667
37.8741,-122.259651667
37.8737666667,-122.255778333
37.87084,-122.25468
37.8679666667,-122.254575
37.8699966667,-122.258093333
37.8690983333,-122.260651667
37.8674,-122.264223333
37.8710883333,-122.26239
37.86577,-122.266785
37.8659383333,-122.262661667
37.86673,-122.257423333
37.8659483333,-122.255343333
37.866145,-122.251808
37.8652216667,-122.247605
37.8704366667,-122.251231667
37.86852,-122.252455
37.867415,-122.26081
37.8724366667,-122.246228333
37.8626216667,-122.249531667
37.872345,-122.258876667
37.871845,-122.266315
37.8686616667,-122.265613333
37.86506,-122.249933333
37.86411,-122.249023333
37.871635,-122.250016667
37.8752866667,-122.25599
26.695326,-80.673588
26.6935616667,-80.6697383333
26.677974,-80.661753
26.6739266667,-80.67208
26.6848266667,-80.6792183333
26.66975,-80.6710583333
26.6753233333,-80.672355
26.6895966667,-80.6727116667
26.68903,-80.6673316667
26.696065,-80.6816483333
26.6925633333,-80.6792583333
26.6760033333,-80.6786016667
26.6961183333,-80.6683083333
26.6862516667,-80.6701033333
26.674445,-80.6690383333
26.683435,-80.6845983333
26.6813033333,-80.6689016667
26.6828816667,-80.66616
26.6866333333,-80.66717
26.6820566667,-80.6754466667
26.681545,-80.680665
26.6896266667,-80.67689
26.6896883333,-80.684325
26.6936933333,-80.674635
26.6942666667,-80.6651933333
26.6801733333,-80.661745
26.6780416667,-80.669775
26.6781816667,-80.6650583333
26.6799733333,-80.6734833333
26.6851,-80.6613716667
26.6937466667,-80.68438
26.6917366667,-80.6659066667
26.6914783333,-80.67177
30.543695,-91.2000883333
30.53278,-91.19882
30.5417,-91.1944816667
30.5324183333,-91.19373
30.536113,-91.193353
30.54099,-91.2001883333
30.5338066667,-91.2017466667
30.543725,-91.196433
30.534635,-91.1908266667
30.5327966667,-91.18837
30.538237,-91.191723
30.50816,-91.1113733333
30.4985116667,-91.1230316667
30.508351,-91.11489
30.4996166667,-91.11713
30.51387,-91.11943
30.50372,-91.120855
30.499087,-91.113638
30.503135,-91.1231283333
30.509315,-91.12078
30.501005,-91.1077483333
30.510862,-91.126129
30.5031566667,-91.1150466667
30.5061966667,-91.11713
30.5032816667,-91.1275816667
30.4963533333,-91.1201916667
30.5068783333,-91.1243483333
30.355975,-91.1170266667
30.3480066667,-91.1337983333
30.360428,-91.137034
30.3540483333,-91.1183333333
30.348585,-91.132103
30.3568516667,-91.1318916667
30.3539383333,-91.126405
30.3580083333,-91.1198
30.3594716667,-91.134025
30.3479616667,-91.1302066667
30.3496966667,-91.122535
30.3480533333,-91.1373566667
30.3564283333,-91.13703
30.347785,-91.12806
30.3529033333,-91.1337583333
30.345495,-91.1282433333
30.3579116667,-91.1339883333
30.349855,-91.13529
30.351832,-91.121742
30.3498966667,-91.128445
30.3488516667,-91.1202633333
30.354025,-91.1366216667
30.3479666667,-91.1241166667
30.355309,-91.140679
30.3565033333,-91.1245116667
30.355365,-91.127525
30.4734283333,-91.1625816667
30.4712583333,-91.163925
30.47549,-91.15635
30.4716633333,-91.1526816667
30.4878833333,-91.1565783333
30.4835466667,-91.155105
30.4770466667,-91.166625
30.4718133333,-91.1589233333
30.4794133333,-91.15466
30.4846583333,-91.1611233333
30.47805,-91.151795
30.4817883333,-91.1649716667
30.4878583333,-91.148555
30.48022,-91.15954
30.481728,-91.14919
30.4862033333,-91.16503
30.4885766667,-91.121725
30.4992733333,-91.1293283333
30.490805,-91.1240966667
30.4979666667,-91.1350733333
30.49069,-91.1344816667
30.489285,-91.1309233333
30.49359,-91.125375
30.495883,-91.128479
30.48789,-91.1328133333
30.488495,-91.1243283333
30.502203,-91.134724
30.5022816667,-91.1308966667
30.497128,-91.131949
30.4926783333,-91.129115
30.4941166667,-91.133575
30.4883066667,-91.128315
30.4617416667,-91.1487866667
30.4596966667,-91.147125
30.463564,-91.142241
30.4628211667,-91.146855
30.4617816667,-91.1404216667
30.4653316667,-91.152645
30.4598716667,-91.1552966667
30.464053,-91.155041
30.46364,-91.1403033333
30.4584033333,-91.1413516667
30.4612016667,-91.1436916667
30.425825,-91.13921
30.4254416667,-91.1466133333
30.4197716667,-91.148095
30.425295,-91.1489633333
30.4266433333,-91.1431333333
30.421905,-91.1468916667
30.4219083333,-91.1418183333
30.42366,-91.1418283333
30.4176,-91.1435533333
30.42672,-91.150305
30.4333816667,-91.1809666667
30.425125,-91.181295
30.4176816667,-91.18496
30.43724,-91.1824133333
30.4307066667,-91.171615
30.42667,-91.17769
30.4244683333,-91.172535
30.42953,-91.180705
30.4202033333,-91.18836
30.431055,-91.1801266667
30.4341866667,-91.1785716667
30.4261466667,-91.1800333333
30.4351416667,-91.1883583333
30.4393466667,-91.174515
30.429761,-91.175712
30.4292183333,-91.18492
30.4229633333,-91.174495
30.42147,-91.17536
30.4403133333,-91.1885066667
30.4315183333,-91.188295
30.422464,-91.181148
30.4380583333,-91.1857583333
30.440245,-91.181485
30.420545,-91.1918166667
30.4368783333,-91.1716983333
30.4362333333,-91.19023
30.443671,-91.190368
30.4362466667,-91.1802333333
30.4335916667,-91.17372
30.421855,-91.189882
30.4394616667,-91.1690416667
30.4275566667,-91.172955
30.43635,-91.177065
30.431185,-91.17625
30.438745,-91.18853
39.31041,-76.6269833333
39.3118116667,-76.6326166667
39.314184,-76.635583
39.31546,-76.6437116667
39.3115716667,-76.63967
39.3136083333,-76.64643
39.3133283333,-76.6502766667
39.3106933333,-76.6481533333
39.3112133333,-76.6527183333
39.3105433333,-76.6594566667
39.3083366667,-76.6593283333
39.30601,-76.6595566667
39.3044933333,-76.6629366667
39.3039816667,-76.65523
39.307554,-76.653668
39.3047366667,-76.6527433333
39.3095583333,-76.6514616667
39.3073433333,-76.6502316667
39.304945,-76.6493283333
39.308885,-76.6479733333
39.30778,-76.6451083333
39.304315,-76.642908
39.30487,-76.6466066667
39.3098983333,-76.64159
39.3064383333,-76.6404233333
39.3094316667,-76.6365533333
39.3067933333,-76.6364333333
39.30951,-76.6335316667
39.30311,-76.6279483333
39.3013733333,-76.6265216667
39.2985083333,-76.62658
39.2959333333,-76.62631
39.2961216667,-76.6298566667
39.2998383333,-76.6303566667
39.3047133333,-76.6317733333
39.3035183333,-76.6358066667
39.295045,-76.6400883333
39.2976516667,-76.6403183333
39.3000933333,-76.64246
39.297811,-76.644106
39.3018383333,-76.645195
39.2952483333,-76.6493483333
39.2979583333,-76.6504333333
39.3019833333,-76.6529833333
39.2988333333,-76.6522416667
39.3002283333,-76.6553383333
39.3025316667,-76.663495
39.2983633333,-76.6652833333
39.2946216667,-76.66483
39.2937883333,-76.6590583333
39.294665,-76.6530583333
39.2894816667,-76.66143
39.2894416667,-76.65792
39.2915966667,-76.653735
39.2902216667,-76.6514216667
39.2924566667,-76.649635
39.2885833333,-76.649755
39.289393,-76.645615
39.29179,-76.640845
39.2914266667,-76.6468333333
39.290045,-76.6400066667
39.2923033333,-76.6343416667
39.2912983333,-76.6309016667
39.2931616667,-76.6284
39.29155,-76.626455
39.2887116667,-76.62747
39.2862233333,-76.62668
39.2876366667,-76.6330366667
39.285657,-76.637948
39.2881133333,-76.6386483333
39.2869983333,-76.64273
39.2848883333,-76.643905
39.28743,-76.6475233333
39.284287,-76.65008
39.285583,-76.654024
39.28764,-76.6542133333
39.28281,-76.6307666667
39.286295,-76.6590916667
39.2823866667,-76.6565
39.2812783333,-76.6539333333
39.2816633333,-76.6502216667
39.279738,-76.649682
39.2832916667,-76.6468816667
39.2817416667,-76.6437416667
39.2758266667,-76.6437533333
39.28323,-76.64075
39.2818533333,-76.6383316667
39.278071,-76.638888
39.279745,-76.6359233333
39.2767483333,-76.6354283333
39.2770433333,-76.6311583333
39.2798566667,-76.6293366667
39.2809266667,-76.6329816667
39.2824016667,-76.63495
39.284705,-76.6336833333
39.2837833333,-76.6288566667
39.2826933333,-76.6269866667
39.3146933333,-76.6285216667
39.316515,-76.632245
39.31374,-76.6315683333
39.3174233333,-76.6471316667
39.3254316667,-76.6585166667
39.323225,-76.661035
39.3220516667,-76.6632933333
39.3197016667,-76.6628466667
39.3151816667,-76.663505
39.31001,-76.6618533333
39.3147866667,-76.6544066667
39.3128216667,-76.6567883333
39.314965,-76.6584783333
39.32105,-76.65862
39.316685,-76.6525533333
39.3167816667,-76.6538683333
39.3170916667,-76.6584733333
39.285301,-76.630213
39.3004083333,-76.6633716667
39.297585,-76.659005
39.2998066667,-76.639065
39.3138583333,-76.660305
39.2798083333,-76.6472416667
39.3018,-76.6358883333
39.305475,-76.64387
39.2954716667,-76.597885
39.29566,-76.59346
39.2933016667,-76.5879266667
39.2954016667,-76.5796916667
39.3130266667,-76.5647483333
39.3214566667,-76.56595
39.32439,-76.57264
39.3216983333,-76.6023616667
39.325875,-76.586055
39.319795,-76.6152666667
39.296915,-76.5979316667
39.3035033333,-76.5991233333
39.3149366667,-76.5609733333
39.317826,-76.585278
39.318725,-76.593335
39.3247433333,-76.5996033333
39.3119016667,-76.61317
39.303525,-76.604745
39.3067266667,-76.598455
39.313418,-76.594957
39.3131683333,-76.60579
39.3125416667,-76.5874183333
39.3075933333,-76.5866933333
39.3086733333,-76.5809133333
39.3053033333,-76.5838366667
39.2997633333,-76.5751883333
39.29779,-76.58571
39.3100066667,-76.573425
39.3151633333,-76.569
39.32199,-76.5878783333
39.3155733333,-76.6017983333
39.3178583333,-76.61103
39.316305,-76.6184983333
39.2980116667,-76.6130533333
39.295463,-76.613348
39.2936766667,-76.6091283333
39.295285,-76.60559
39.3002,-76.61065
39.299105,-76.6071183333
39.2974816667,-76.6050966667
39.301625,-76.614494
39.3098883333,-76.6164683333
39.3200833333,-76.6173616667
39.317432,-76.615572
39.3220616667,-76.613175
39.32222,-76.6094033333
39.3200216667,-76.6075666667
39.3245533333,-76.5872483333
39.3236666667,-76.5811016667
39.3257716667,-76.5798383333
39.32748,-76.5739166667
39.31766,-76.5634833333
39.30455,-76.57516
39.3098033333,-76.5678316667
39.2949716667,-76.57668
39.29781,-76.5766066667
39.294497,-76.583336
39.300355,-76.57382
39.30405,-76.5695333333
39.31988,-76.5815833333
39.3195716667,-76.57594
39.3216783333,-76.5736183333
39.3203166667,-76.56907
39.312733,-76.583995
39.31591,-76.5735183333
39.3208116667,-76.5913033333
39.3213616667,-76.5999066667
39.3173233333,-76.5972
39.313327,-76.601245
39.3082366667,-76.6007966667
39.3094416667,-76.609985
39.3160266667,-76.609735
39.3132016667,-76.6097716667
39.3137283333,-76.6132116667
39.3150433333,-76.61615
39.3118816667,-76.60277
39.310325,-76.604195
39.307167,-76.611041
39.3007066667,-76.60167
39.2958133333,-76.5912233333
39.299205,-76.5932066667
39.2964533333,-76.5945166667
39.2976483333,-76.5899033333
39.29964,-76.5985116667
39.3027933333,-76.5900916667
39.3012466667,-76.5941416667
39.307723,-76.595134
39.30856,-76.59932
39.303295,-76.5944683333
39.3097583333,-76.5878483333
39.3072466667,-76.5780816667
39.297835,-76.58133
39.2996733333,-76.5860733333
39.3000233333,-76.580195
39.30541,-76.581685
39.303955,-76.578235
39.3133466667,-76.5914566667
39.31736,-76.578725
39.305702,-76.570678
39.3118933333,-76.5706933333
39.3128766667,-76.572605
39.32386,-76.5769016667
39.3111266667,-76.5835116667
39.305688,-76.605344
39.3085266667,-76.5910983333
39.3222183333,-76.58934
39.322875,-76.6042183333
39.3051616667,-76.613765
39.3120433333,-76.56796
39.32457,-76.5700616667
39.3152983333,-76.5811816667
39.3068033333,-76.5752116667
39.3053466667,-76.59286
35.3791366667,-118.97881
35.3834633333,-118.980393333
35.3832,-118.985746667
35.3856933333,-118.985363333
35.3841466667,-118.989768333
35.3824683333,-118.991728333
35.38368,-118.993735
35.3826416667,-119.00142
35.38077,-118.999673333
35.379545,-118.997248333
35.3812433333,-118.996081667
35.3765316667,-118.998458333
35.3692633333,-119.000948333
35.37121,-118.998381667
35.3693133333,-119.006966667
35.36686,-119.013923333
35.3657833333,-119.018665
35.358675,-119.01927
35.3546716667,-119.017866667
35.354415,-119.013808333
35.3533433333,-119.000406667
35.354125,-118.996226667
35.3540266667,-118.991008333
35.3542733333,-118.985705
35.3578116667,-118.985145
35.3619583333,-118.985381667
35.3660183333,-118.985091667
35.36996,-118.983748333
35.37334,-118.983575
35.3763833333,-118.98151
35.38107,-118.981486667
35.3795933333,-118.98535
35.3813916667,-118.989163333
35.3750233333,-118.986013333
35.3787816667,-118.988913333
35.3756616667,-118.990561667
35.3788883333,-118.994818333
35.3779083333,-118.984085
35.3570383333,-119.013123333
35.361445,-119.012308333
35.3601816667,-119.008321667
35.3635733333,-119.014031667
35.364645,-119.009313333
35.357075,-119.006938333
35.36186,-119.016656667
35.3587033333,-119.002375
35.3626666667,-119.007201667
35.365455,-119.00576
35.3558516667,-119.00231
35.3570216667,-118.998133333
35.3603066667,-119.000545
35.3635683333,-118.998976667
35.3611566667,-118.995211667
35.35664,-118.993073333
35.3575283333,-118.98874
35.358635,-118.993056667
35.3652116667,-118.993483333
35.361265,-118.989623333
35.36473,-118.98852
35.36862,-118.98754
35.3712983333,-118.99252
35.37098,-118.987533333
35.376245,-118.993865
35.36922,-118.996873333
35.3809516667,-119.002138333
35.36731,-118.998123333
35.3826433333,-119.004066667
35.3539466667,-119.005135
35.3578483333,-119.016491667
35.3689416667,-118.992446667
35.3830116667,-118.998535
35.3742366667,-118.99839
35.3661733333,-119.003223333
35.3798366667,-118.976606667
35.3723783333,-118.976286667
35.373215,-118.979771667
35.36111,-118.981791667
35.364855,-118.978693333
35.366135,-118.982568333
35.3686383333,-118.98046
35.3668633333,-119.023398333
35.3519483333,-119.014143333
35.3918733333,-119.007935
35.3962866667,-119.008328333
35.3960433333,-119.014401667
35.3703583333,-119.013885
35.3914666667,-119.019345
35.3881333333,-119.018523333
35.3724733333,-119.019883333
35.376505,-119.018583333
35.379935,-119.018846667
35.384305,-119.019426667
35.3726116667,-119.014598333
35.3726166667,-119.009935
35.3734716667,-119.005381667
35.3743783333,-119.002321667
35.376275,-119.003906667
35.3777716667,-119.015491667
35.3761216667,-119.006991667
35.3805466667,-119.008303333
35.3788883333,-119.004738333
35.3772516667,-119.012825
35.3814,-119.013106667
35.39349,-119.013815
35.39424,-119.010383333
35.3945766667,-119.007091667
35.3503166667,-118.995343333
35.391135,-119.002081667
35.3866283333,-119.002756667
35.391805,-119.016401667
35.3910966667,-119.01152
35.383515,-119.014416667
35.3879333333,-119.01325
35.3877383333,-119.0081
35.385045,-119.009696667
35.384435,-119.0069
35.3681233333,-119.019845
35.368805,-119.024521667
35.36494,-119.026231667
35.3614133333,-119.025348333
35.35401,-119.02253
35.35401,-119.025678333
35.3517816667,-118.991685
35.3647883333,-119.022326667
35.3612616667,-119.022446667
35.3577966667,-119.02357
35.35048,-119.017036667
35.3504283333,-119.011665
35.3510883333,-119.00358
35.351327,-119.00846
35.3501766667,-119.000383333
35.35138,-119.018051667
35.3772666667,-118.976681667
35.35652,-119.027383333
35.3802083333,-119.015826667
35.3963666667,-119.01902
35.3686766667,-119.016468333
41.76102,-88.3032416667
41.7602616667,-88.3013766667
41.7620283333,-88.2972583333
41.7612983333,-88.2928983333
41.7622333333,-88.2832433333
41.7573166667,-88.2837466667
41.7549233333,-88.28556
41.751755,-88.28672
41.751045,-88.28791
41.7476666667,-88.2888633333
41.74494,-88.2955016667
41.7453016667,-88.2914266667
41.7473416667,-88.3117166667
41.741385,-88.30012
41.736895,-88.3034666667
41.73595,-88.3113766667
41.732565,-88.3128466667
41.7305333333,-88.31303
41.735765,-88.319965
41.7273366667,-88.3171016667
41.7297416667,-88.3189266667
41.735145,-88.3180616667
41.73842,-88.3216183333
41.74271,-88.3232316667
41.7449578333,-88.3255755
41.7483,-88.3225783333
41.7447233333,-88.31564
41.7454366667,-88.3192716667
41.7431983333,-88.3110016667
41.7396583333,-88.3117866667
41.73853,-88.3167266667
41.741645,-88.3161666667
41.7427966667,-88.3042733333
41.749235,-88.316095
41.746015,-88.3037383333
41.7483566667,-88.30754
41.7491166667,-88.302425
41.7518683333,-88.306315
41.7519016667,-88.3120683333
41.755945,-88.3069833333
41.7436533333,-88.3072133333
41.7580016667,-88.3044233333
41.7512866667,-88.29164
41.7532783333,-88.30197
41.7557816667,-88.2980983333
41.7588783333,-88.2971383333
41.7543133333,-88.2908933333
41.7574716667,-88.2924483333
41.7518316667,-88.2964616667
41.75953,-88.2908483333
41.74124,-88.3098833333
41.7493916667,-88.2839333333
41.7570483333,-88.2882416667
41.7318466667,-88.3159366667
41.739475,-88.301605
41.747435,-88.2984783333
39.3483883333,-74.4580016667
39.35301,-74.44387
39.368538,-74.439058
39.3542216667,-74.45743
39.3573433333,-74.42673
39.34672,-74.4591433333
39.355695,-74.44545
39.3591533333,-74.4226583333
39.3652083333,-74.4106766667
39.362665,-74.4351
39.3606516667,-74.4251733333
39.3698233333,-74.4126133333
39.37097,-74.4484583333
39.362622,-74.415697
39.350432,-74.456631
39.3611733333,-74.4213433333
39.3585066667,-74.459745
39.3739566667,-74.4303633333
39.35802,-74.44389
39.3676766667,-74.4328116667
39.3670866667,-74.4256716667
39.3737816667,-74.425
39.371228,-74.416096
39.375625,-74.448605
39.35631,-74.4662866667
39.3721533333,-74.4367783333
39.363409,-74.438249
39.3770016667,-74.420095
39.354585,-74.43456
39.3575716667,-74.4318066667
39.37532,-74.4445233333
39.3557216667,-74.448375
39.3655366667,-74.4295966667
39.35537,-74.45203
39.36085,-74.4179566667
39.3668116667,-74.421055
39.3757826667,-74.453274
39.3585766667,-74.4377033333
39.3669216667,-74.43428
39.366925,-74.4435516667
39.37271,-74.4213483333
39.3505783333,-74.46301
39.3556066667,-74.4631133333
39.3545033333,-74.4653333333
39.3632216667,-74.4301316667
39.3613333333,-74.44345
39.3746633333,-74.4170966667
39.3550566667,-74.4425233333
39.359655,-74.4629383333
39.3680666667,-74.4180683333
39.372435,-74.44365
39.3583233333,-74.4478316667
39.3704866667,-74.4529633333
39.35607,-74.43144
39.37,-74.431165
39.3701133333,-74.4264716667
39.36447,-74.4433033333
39.360215,-74.439895
39.3492033333,-74.46008
39.3481366667,-74.4549266667
39.3514983333,-74.4478166667
39.3613433333,-74.431095
39.3645533333,-74.41662
39.3706133333,-74.4235266667
39.3783216667,-74.4243216667
39.37571,-74.4300783333
39.3710516667,-74.4400383333
39.37448,-74.4287216667
39.3716316667,-74.42767
39.3634233333,-74.4284716667
39.3496266667,-74.4537516667
40.2154416667,-74.0156916667
40.2163816667,-74.0101616667
40.2187116667,-74.0099433333
40.2263783333,-74.0114433333
40.2272183333,-74.0167083333
40.226805,-74.021965
40.2254883333,-74.0263516667
40.2134333333,-74.0198183333
40.2194883333,-74.0139783333
40.223975,-74.0141433333
40.2182833333,-74.0195233333
40.2220483333,-74.01608
40.2225833333,-74.021405
40.2152016667,-74.0240566667
40.22293,-74.01126
40.21627,-74.0186566667
40.224455,-74.0167966667
40.21836,-74.0248666667
40.221905,-74.0260083333
40.21249,-74.0266933333
35.0602766667,-106.729055
35.07486,-106.734211667
35.0727883333,-106.743128333
35.0691566667,-106.742965
35.0585533333,-106.740868333
35.0626066667,-106.74373
35.0697583333,-106.73271
35.059065,-106.72437
35.0585733333,-106.71571
35.05613,-106.711143333
35.0525316667,-106.712381667
35.0477283333,-106.715406667
35.04422,-106.719581667
35.0407766667,-106.724018333
35.0379516667,-106.728811667
35.0394216667,-106.737401667
35.0464733333,-106.739683333
35.0424333333,-106.74069
35.0551466667,-106.71699
35.0509883333,-106.719655
35.0471433333,-106.724008333
35.0450283333,-106.726908333
35.0414116667,-106.733686667
35.07005,-106.738531667
35.0652316667,-106.739003333
35.06113,-106.736138333
35.0558033333,-106.72483
35.05638,-106.736585
35.05531,-106.73063
35.0518116667,-106.733605
35.048405,-106.729221667
35.047315,-106.73449
35.042,-106.729285
35.053595,-106.742528333
35.05328,-106.739238333
35.0372883333,-106.7337
35.0658316667,-106.734838333
35.0518083333,-106.727086667
35.0740116667,-106.737903333
35.07381,-106.73388
35.03602,-106.738465
35.036125,-106.744645
35.0373233333,-106.748528333
35.0377383333,-106.754106667
35.0410283333,-106.753206667
35.0456883333,-106.75471
35.0499283333,-106.754648333
35.053395,-106.757123333
35.0568866667,-106.756568333
35.0631083333,-106.755965
35.0601083333,-106.756338333
35.0645433333,-106.751475
35.0677016667,-106.749076667
35.0715683333,-106.74615
35.0388316667,-106.742906667
35.0400766667,-106.748541667
35.0437183333,-106.751278333
35.042485,-106.74569
35.0450216667,-106.748368333
35.046795,-106.744741667
35.0500983333,-106.740903333
35.047565,-106.752073333
35.0490933333,-106.74911
35.0490683333,-106.744541667
35.0521166667,-106.747066667
35.0522133333,-106.752345
35.0526233333,-106.722693333
35.0560483333,-106.745628333
35.0541733333,-106.749711667
35.0609983333,-106.752431667
35.0451033333,-106.734888333
35.0568433333,-106.7518
35.0588133333,-106.74869
35.059665,-106.746128333
35.0621766667,-106.748205
35.0678516667,-106.745731667
35.0648366667,-106.745668333
35.0665233333,-106.741926667
35.0760283333,-106.72689
35.0755766667,-106.730208333
35.0797316667,-106.723621667
35.0768983333,-106.718438333
35.067665,-106.720156667
35.067485,-106.723331667
35.0708116667,-106.716053333
35.0721533333,-106.720886667
35.0748283333,-106.721725
35.07188,-106.726336667
35.07325,-106.730065
35.062255,-106.733175
35.0619633333,-106.720345
35.06298,-106.724716667
35.0639466667,-106.726643333
35.06689,-106.730638333
35.0690283333,-106.729565
35.0677766667,-106.726053333
35.0634516667,-106.731508333
35.054285,-106.734676667
35.0479,-106.72032
35.0580033333,-106.718636667
35.05825,-106.733388333
35.0570883333,-106.727883333
35.0498583333,-106.732851667
35.0447333333,-106.731075
35.055665,-106.721456667
35.0519483333,-106.717326667
35.0617633333,-106.739098333
35.04419,-106.742156667
35.102365,-106.709308333
35.09558,-106.71099
35.091905,-106.710835
35.0878966667,-106.709763333
35.0804916667,-106.711221667
35.0766,-106.712288333
35.073275,-106.712991667
35.07003,-106.71168
35.0689116667,-106.707043333
35.1064016667,-106.702383333
35.1029383333,-106.704681667
35.0908933333,-106.69967
35.09561,-106.70211
35.083605,-106.697695
35.1041516667,-106.70642
35.0990933333,-106.707436667
35.09849,-106.70382
35.0943983333,-106.707771667
35.08341,-106.693335
35.0795083333,-106.693815
35.0759416667,-106.69288
35.07226,-106.695095
35.067425,-106.700725
35.0701466667,-106.697445
35.0685266667,-106.704091667
35.0721933333,-106.70577
35.09056,-106.703835
35.087645,-106.70033
35.0819166667,-106.703246667
35.090195,-106.706661667
35.0861483333,-106.70439
35.082445,-106.707353333
35.0802166667,-106.707135
35.0748583333,-106.709345
35.0767983333,-106.704696667
35.0798616667,-106.697945
35.07504,-106.69764
35.071155,-106.700226667
35.0747916667,-106.701935
35.0785016667,-106.702413333
35.098475,-106.700355
35.1056083333,-106.699613333
35.0946016667,-106.698281667
35.0990833333,-106.7111
35.0974366667,-106.69775
35.1017783333,-106.698715
35.1039333333,-106.713056667
35.1072766667,-106.706475
35.11142,-106.704848333
35.1075566667,-106.711995
35.108025,-106.700731667
35.1060266667,-106.716421667
35.0760283333,-106.72689
35.0768983333,-106.718438333
35.067665,-106.720156667
35.067485,-106.723331667
35.0708116667,-106.716053333
35.0721533333,-106.720886667
35.073725,-106.717625
35.0748283333,-106.721725
35.07188,-106.726336667
35.0677766667,-106.726053333
35.0840466667,-106.567463333
35.06869,-106.571095
35.0687183333,-106.578005
35.0723283333,-106.580093333
35.064895,-106.579013333
35.079685,-106.562798333
35.0654883333,-106.573185
35.0803833333,-106.566818333
35.0835383333,-106.563241667
35.0831833333,-106.558681667
35.082615,-106.550813333
35.0810733333,-106.546285
35.0763583333,-106.545381667
35.0730283333,-106.54536
35.0690216667,-106.54497
35.0674466667,-106.550048333
35.0660383333,-106.551848333
35.06586,-106.557341667
35.065945,-106.564923333
35.06424,-106.568403333
35.06069,-106.568206667
35.0573066667,-106.569416667
35.057762,-106.575586
35.0576283333,-106.578598333
35.057685,-106.582438333
35.0764,-106.574951667
35.077625,-106.581483333
35.0781933333,-106.5857
35.073955,-106.588103333
35.0701266667,-106.589565
35.0648116667,-106.589053333
35.0611833333,-106.58875
35.0682383333,-106.587766667
35.0627983333,-106.57311
35.073505,-106.582935
35.0621366667,-106.576823333
35.07137,-106.57358
35.072885,-106.570236667
35.0701333333,-106.563418333
35.078875,-106.558
35.07889,-106.553638333
35.0781883333,-106.549265
35.0743633333,-106.551071667
35.0708616667,-106.55078
35.0761183333,-106.560503333
35.0757566667,-106.556366667
35.07006,-106.559883333
35.0735216667,-106.576648333
35.07486,-106.580085
35.0714066667,-106.584776667
35.0732066667,-106.56386
35.072005,-106.556066667
35.0707266667,-106.547071667
35.0681966667,-106.582981667
35.060055,-106.572133333
35.0672083333,-106.561095
35.07801,-106.639045
35.08237,-106.638103333
35.0870016667,-106.63741
35.0861916667,-106.639835
35.0609783333,-106.639125
35.0746833333,-106.532501667
35.0709133333,-106.532658333
35.0678266667,-106.54158
35.0698533333,-106.539406667
35.0787366667,-106.534065
35.0746033333,-106.541366667
35.0745283333,-106.535865
35.0781166667,-106.538328333
35.0780333333,-106.542273333
35.056475,-106.615661667
35.0624583333,-106.624151667
35.0677333333,-106.623291667
35.0760483333,-106.623161667
35.059265,-106.595278333
35.0610333333,-106.603516667
35.06751,-106.592228333
35.0661266667,-106.59773
35.068675,-106.603085
35.0735883333,-106.602346667
35.0766333333,-106.605861667
35.0766883333,-106.61215
35.0761366667,-106.618388333
35.0619366667,-106.593323333
35.06362,-106.603528333
35.0610466667,-106.608581667
35.0632333333,-106.614446667
35.0683066667,-106.61233
35.0736383333,-106.615876667
35.0670133333,-106.616525
35.07278,-106.610865
35.061405,-106.61857
35.0704733333,-106.616545
35.0630433333,-106.59762
35.0592016667,-106.606615
35.0565666667,-106.62126
35.0731566667,-106.623263333
35.0660633333,-106.607688333
35.07179,-106.607143333
35.0774133333,-106.573573333
35.08908,-106.576301667
35.0584216667,-106.623963333
35.08075,-106.57746
35.0893666667,-106.587431667
35.0855933333,-106.58849
35.0818333333,-106.587346667
35.0882383333,-106.581976667
35.0818116667,-106.581755
35.0836466667,-106.584346667
35.0693416667,-106.608603333
35.0859866667,-106.581776667
35.08056,-106.59635
35.0829016667,-106.61208
35.0808066667,-106.604368333
35.0848383333,-106.634396667
35.0827133333,-106.629786667
35.081485,-106.621571667
35.0803066667,-106.615788333
35.080329,-106.635401
35.07547,-106.638756667
35.076665,-106.631135
35.0742783333,-106.628725
35.0687816667,-106.627468333
35.0646383333,-106.631166667
35.059075,-106.635545
35.0608016667,-106.631785
35.0642666667,-106.623271667
35.054415,-106.635301667
35.051105,-106.63073
35.0697783333,-106.622176667
35.0568033333,-106.630741667
35.058463,-106.62448
35.0656133333,-106.61871
35.0637316667,-106.627991667
35.0796433333,-106.592411667
35.0782066667,-106.602298333
35.0785983333,-106.608368333
35.077015,-106.591243333
35.07645,-106.596951667
35.0728766667,-106.59437
35.069225,-106.59486
35.0706316667,-106.599093333
35.0729916667,-106.599015
35.0799516667,-106.631861667
35.0790733333,-106.625923333
35.0784883333,-106.619565
35.0787333333,-106.61465
35.056585,-106.634215
35.0615583333,-106.613286667
35.0660633333,-106.603438333
35.0613316667,-106.63012
35.06981,-106.622213333
35.0771583333,-106.634621667
35.05816,-106.613275
35.0661716667,-106.610786667
35.0557616667,-106.627038333
35.102365,-106.709308333
35.1064016667,-106.702383333
35.1029383333,-106.704681667
35.1041516667,-106.70642
35.0990833333,-106.7111
35.11076,-106.71603
35.1249683333,-106.701468333
35.1180416667,-106.698493333
35.11371,-106.69775
35.1113116667,-106.711011667
35.1039,-106.713045
35.1151116667,-106.709735
35.1155666667,-106.704261667
35.1255116667,-106.709221667
35.1072766667,-106.706475
35.11142,-106.704848333
35.1075566667,-106.711995
35.1192,-106.705305
35.108025,-106.700731667
35.1219983333,-106.698666667
35.1213983333,-106.70747
35.1060266667,-106.716421667
35.1291066667,-106.708261667
35.1252583333,-106.706063333
35.1093383333,-106.696013333
35.1030433333,-106.716175
35.1222416667,-106.696233333
35.116585,-106.696018333
35.1119633333,-106.694711667
35.1075916667,-106.694788333
35.0945166667,-106.74841
35.090295,-106.74725
35.0887233333,-106.74467
35.0904783333,-106.738995
35.093425,-106.735011667
35.097625,-106.732188333
35.1000883333,-106.728145
35.098075,-106.725873333
35.1,-106.720451667
35.1097616667,-106.72071
35.1046616667,-106.727166667
35.108075,-106.7244
35.1030133333,-106.731903333
35.1002466667,-106.736746667
35.0954183333,-106.742736667
35.0979366667,-106.740631667
35.1067933333,-106.720275
35.1023883333,-106.726038333
35.10383,-106.721211667
35.1007216667,-106.732098333
35.0972833333,-106.735235
35.09403,-106.739013333
35.0930566667,-106.744226667
35.09148,-106.742053333
35.10506,-106.73352
35.1075433333,-106.72966
35.111165,-106.721823333
35.11525,-106.596011667
35.1155266667,-106.602256667
35.1163816667,-106.608195
35.118275,-106.613956667
35.1342716667,-106.604221667
35.1290166667,-106.594026667
35.1258116667,-106.59407
35.1200883333,-106.5896
35.1292133333,-106.600516667
35.1291166667,-106.605231667
35.124905,-106.606303333
35.1213233333,-106.605468333
35.1187833333,-106.599408333
35.1224716667,-106.599841667
35.115385,-106.591746667
35.1224933333,-106.59592
35.12133,-106.610703333
35.1326533333,-106.593113333
35.125845,-106.599685
35.1268833333,-106.608406667
35.1299233333,-106.609181667
35.13105,-106.597848333
35.1350883333,-106.593465
35.13104,-106.588803333
35.1326633333,-106.586245
35.1288466667,-106.58628
35.1258066667,-106.584148333
35.1226366667,-106.585186667
35.1201116667,-106.583705
35.1171183333,-106.585638333
35.11402,-106.582616667
35.110925,-106.585385
35.105745,-106.586388333
35.1073483333,-106.583155
35.10563,-106.59095
35.1057333333,-106.599186667
35.10909352,-106.6083225
35.1093016667,-106.618136667
35.1070816667,-106.624046667
35.1017683333,-106.594171667
35.1033283333,-106.606576667
35.1060866667,-106.612478333
35.105145,-106.620638333
35.1139583333,-106.624076667
35.1152116667,-106.61834
35.1111033333,-106.620313333
35.1130233333,-106.615271667
35.11284,-106.610878333
35.111195,-106.603028333
35.1091516667,-106.596018333
35.1083533333,-106.590861667
35.1128916667,-106.588506667
35.1110583333,-106.593781667
35.113985,-106.598081667
35.1086133333,-106.604048333
35.1268,-106.590401667
35.1241383333,-106.590828333
35.1184733333,-106.589596667
35.10909,-106.613433333
35.10905,-106.625478333
35.117725,-106.595775
35.11397,-106.606833333
35.1184266667,-106.608526667
35.1067166667,-106.603985
35.1201516667,-106.602676667
35.126185,-106.61444
35.10729,-106.595575
35.1120366667,-106.600306667
35.11617,-106.613891667
35.1356783333,-106.5866
35.1358116667,-106.581881667
35.1362466667,-106.576955
35.1360016667,-106.570491667
35.1355666667,-106.568163333
35.1321466667,-106.567673333
35.128755,-106.566776667
35.125205,-106.566988333
35.1221733333,-106.566981667
35.12244,-106.571808333
35.1221866667,-106.575763333
35.1226116667,-106.581168333
35.124565,-106.571063333
35.1331483333,-106.571896667
35.12411,-106.57544
35.1329966667,-106.576956667
35.1308116667,-106.58371
35.13324,-106.58081
35.1310233333,-106.579743333
35.1274616667,-106.582366667
35.12785,-106.578906667
35.1306266667,-106.570831667
35.1312866667,-106.574873333
35.1290166667,-106.575396667
35.1278116667,-106.571955
35.126775,-106.575565
35.12449,-106.580388333
35.0810733333,-106.546285
35.061645,-106.4907
35.0658683333,-106.489575
35.0651633333,-106.493608333
35.062865,-106.496598333
35.0629716667,-106.502003333
35.067325,-106.498088333
35.068875,-106.502401667
35.0582983333,-106.516173333
35.06001,-106.510195
35.0614566667,-106.505616667
35.06206,-106.516103333
35.0661483333,-106.516578333
35.074686,-106.514239
35.071445,-106.517526667
35.072065,-106.508278333
35.06646,-106.503243333
35.0633416667,-106.51021
35.07002,-106.512581667
35.06798,-106.509578333
35.0651666667,-106.506578333
35.0753366667,-106.507515
35.072425,-106.500326667
35.0696966667,-106.49261
35.0787366667,-106.534065
35.0781166667,-106.538328333
35.0780333333,-106.542273333
35.0749,-106.494896667
35.0795266667,-106.4959
35.08458,-106.49435
35.0887016667,-106.496733333
35.0942033333,-106.49396
35.096,-106.503376667
35.0937066667,-106.508636667
35.0964533333,-106.514
35.0953666667,-106.520383333
35.096505,-106.528293333
35.0955383333,-106.534105
35.0924483333,-106.536085
35.0882316667,-106.53498
35.088805,-106.541773333
35.0842483333,-106.532123333
35.080845,-106.523775
35.077615,-106.51387
35.0790183333,-106.51956
35.0878316667,-106.529805
35.090375,-106.531943333
35.0935333333,-106.531123333
35.0940533333,-106.523736667
35.0921966667,-106.516875
35.0926116667,-106.51087
35.0903833333,-106.499781667
35.0926583333,-106.503038333
35.0859216667,-106.500105
35.08208,-106.499258333
35.0780366667,-106.499306667
35.0755766667,-106.502865
35.0776116667,-106.509165
35.0805983333,-106.51675
35.08525,-106.526086667
35.0821666667,-106.520875
35.0909733333,-106.52805
35.090335,-106.519805
35.0917566667,-106.523405
35.0876283333,-106.52559
35.0859833333,-106.522126667
35.087295,-106.51892
35.0853866667,-106.516988333
35.0827066667,-106.513746667
35.0877716667,-106.514928333
35.081695,-106.510186667
35.0828116667,-106.506115
35.0708916667,-106.497738333
35.0806333333,-106.50374
35.077475,-106.504945
35.080755,-106.508158333
35.0873433333,-106.50608
35.0878683333,-106.51158
35.0884783333,-106.503233333
35.09043,-106.50496
35.091065,-106.507775
35.090365,-106.51181
35.0749316667,-106.519416667
35.0781033333,-106.522596667
35.08234,-106.53208
35.0839033333,-106.502946667
35.0859183333,-106.661161667
35.0895733333,-106.661625
35.0928416667,-106.65862
35.079691,-106.657198
35.0790533333,-106.653023333
35.07801,-106.639045
35.08237,-106.638103333
35.0870016667,-106.63741
35.0893933333,-106.63918
35.0909533333,-106.652618333
35.091365,-106.655665
35.0861916667,-106.639835
35.0813016667,-106.642741667
35.0872683333,-106.648963333
35.085402,-106.656098
35.0839783333,-106.642518333
35.0823716667,-106.65286
35.084615,-106.649988333
35.082485,-106.645218333
35.0890633333,-106.65101
35.0879216667,-106.65161
35.080035,-106.647873333
35.083815,-106.66042
35.086935,-106.653933333
35.0844683333,-106.653896667
35.090558,-106.646739
35.0874683333,-106.644701667
35.08912,-106.642366667
35.0871033333,-106.66429
35.08485,-106.665391667
35.0821566667,-106.66421
35.0765266667,-106.654296667
35.07615,-106.658558333
35.0756666667,-106.643168333
35.0745666667,-106.647601667
35.0848383333,-106.634396667
35.080329,-106.635401
35.07547,-106.638756667
35.0771583333,-106.634621667
35.0943333333,-106.660416667
35.099905,-106.658516667
35.105835,-106.65831
35.1027831667,-106.6576795
35.0980083333,-106.661411667
35.104525,-106.640815
35.1011866667,-106.639126667
35.0987866667,-106.641668333
35.0955466667,-106.639218333
35.0915933333,-106.641726667
35.10561,-106.653546667
35.10503,-106.647788333
35.1027133333,-106.644466667
35.1047183333,-106.664741667
35.103105,-106.650388333
35.0997433333,-106.646336667
35.0935516667,-106.646185
35.09755,-106.645485
35.0939033333,-106.649871667
35.09447,-106.655203333
35.129075,-106.640766667
35.0979133333,-106.656896667
35.09646,-106.653086667
35.096475,-106.64807
35.1006166667,-106.649716667
35.1090316667,-106.670665
35.1058733333,-106.670663333
35.1106133333,-106.67373
35.1253366667,-106.647881667
35.1131116667,-106.676063333
35.1181766667,-106.676691667
35.1181533333,-106.672335
35.1196966667,-106.668656667
35.1213833333,-106.64967
35.119645,-106.662473333
35.11971,-106.65828
35.1213916667,-106.655575
35.1238116667,-106.652651667
35.1266666667,-106.655675
35.1278683333,-106.651725
35.1308383333,-106.6538
35.1335733333,-106.649621667
35.1347516667,-106.653046667
35.1375766667,-106.65191
35.1367583333,-106.648815
35.141015,-106.649635
35.139955,-106.644781667
35.1398466667,-106.641108333
35.1395533333,-106.63705
35.133175,-106.6387
35.1343516667,-106.636395
35.1375583333,-106.638675
35.130355,-106.637491667
35.1320983333,-106.643696667
35.1239983333,-106.638766667
35.1201833333,-106.64121
35.1149916667,-106.64129
35.10865,-106.643375
35.1081783333,-106.64966
35.11018,-106.662248333
35.1088783333,-106.664673333
35.111185,-106.66939
35.1126083333,-106.64491
35.1095566667,-106.653201667
35.10686202,-106.6580806
35.114985,-106.67278
35.1156883333,-106.667935
35.11263,-106.665416667
35.1172633333,-106.66314
35.11487,-106.663831667
35.115415,-106.65824
35.130335,-106.645363333
35.1161933333,-106.646856667
35.11219,-106.649345
35.1133983333,-106.654611667
35.1147916667,-106.650061667
35.117075,-106.6516
35.1187866667,-106.654095
35.1194383333,-106.645956667
35.1220466667,-106.642911667
35.1267233333,-106.64257
35.1231483333,-106.646761667
35.1294366667,-106.648395
35.1360816667,-106.643188333
35.1346916667,-106.64585
35.0790533333,-106.653023333
35.07801,-106.639045
35.08237,-106.638103333
35.0813016667,-106.642741667
35.0823716667,-106.65286
35.082485,-106.645218333
35.080035,-106.647873333
35.083815,-106.66042
35.0609783333,-106.639125
35.05982,-106.642723333
35.0613233333,-106.65073
35.068525,-106.648348333
35.07362,-106.658023333
35.0716716667,-106.640826667
35.072165,-106.652713333
35.0628466667,-106.641736667
35.06518,-106.650038333
35.0685816667,-106.644211667
35.0657916667,-106.645971667
35.0765266667,-106.654296667
35.070505,-106.649296667
35.07615,-106.658558333
35.0608983333,-106.64644
35.06571,-106.640626667
35.0756666667,-106.643168333
35.0745666667,-106.647601667
35.07121,-106.656133333
35.0726233333,-106.644533333
35.080329,-106.635401
35.07547,-106.638756667
35.059075,-106.635545
35.0771583333,-106.634621667
