"GEO_ID","NAME","S1902_C01_001E","S1902_C01_001M","S1902_C01_002E","S1902_C01_002M","S1902_C01_003E","S1902_C01_003M","S1902_C01_004E","S1902_C01_004M","S1902_C01_005E","S1902_C01_005M","S1902_C01_006E","S1902_C01_006M","S1902_C01_007E","S1902_C01_007M","S1902_C01_008E","S1902_C01_008M","S1902_C01_009E","S1902_C01_009M","S1902_C01_010E","S1902_C01_010M","S1902_C01_011E","S1902_C01_011M","S1902_C01_012E","S1902_C01_012M","S1902_C01_013E","S1902_C01_013M","S1902_C01_014E","S1902_C01_014M","S1902_C01_015E","S1902_C01_015M","S1902_C01_016E","S1902_C01_016M","S1902_C01_017E","S1902_C01_017M","S1902_C01_018E","S1902_C01_018M","S1902_C01_019E","S1902_C01_019M","S1902_C01_020E","S1902_C01_020M","S1902_C01_021E","S1902_C01_021M","S1902_C01_022E","S1902_C01_022M","S1902_C01_023E","S1902_C01_023M","S1902_C01_024E","S1902_C01_024M","S1902_C01_025E","S1902_C01_025M","S1902_C01_026E","S1902_C01_026M","S1902_C01_027E","S1902_C01_027M","S1902_C01_028E","S1902_C01_028M","S1902_C02_001E","S1902_C02_001M","S1902_C02_002E","S1902_C02_002M","S1902_C02_003E","S1902_C02_003M","S1902_C02_004E","S1902_C02_004M","S1902_C02_005E","S1902_C02_005M","S1902_C02_006E","S1902_C02_006M","S1902_C02_007E","S1902_C02_007M","S1902_C02_008E","S1902_C02_008M","S1902_C02_009E","S1902_C02_009M","S1902_C02_010E","S1902_C02_010M","S1902_C02_011E","S1902_C02_011M","S1902_C02_012E","S1902_C02_012M","S1902_C02_013E","S1902_C02_013M","S1902_C02_014E","S1902_C02_014M","S1902_C02_015E","S1902_C02_015M","S1902_C02_016E","S1902_C02_016M","S1902_C02_017E","S1902_C02_017M","S1902_C02_018E","S1902_C02_018M","S1902_C02_019E","S1902_C02_019M","S1902_C02_020E","S1902_C02_020M","S1902_C02_021E","S1902_C02_021M","S1902_C02_022E","S1902_C02_022M","S1902_C02_023E","S1902_C02_023M","S1902_C02_024E","S1902_C02_024M","S1902_C02_025E","S1902_C02_025M","S1902_C02_026E","S1902_C02_026M","S1902_C02_027E","S1902_C02_027M","S1902_C02_028E","S1902_C02_028M","S1902_C03_001E","S1902_C03_001M","S1902_C03_002E","S1902_C03_002M","S1902_C03_003E","S1902_C03_003M","S1902_C03_004E","S1902_C03_004M","S1902_C03_005E","S1902_C03_005M","S1902_C03_006E","S1902_C03_006M","S1902_C03_007E","S1902_C03_007M","S1902_C03_008E","S1902_C03_008M","S1902_C03_009E","S1902_C03_009M","S1902_C03_010E","S1902_C03_010M","S1902_C03_011E","S1902_C03_011M","S1902_C03_012E","S1902_C03_012M","S1902_C03_013E","S1902_C03_013M","S1902_C03_014E","S1902_C03_014M","S1902_C03_015E","S1902_C03_015M","S1902_C03_016E","S1902_C03_016M","S1902_C03_017E","S1902_C03_017M","S1902_C03_018E","S1902_C03_018M","S1902_C03_019E","S1902_C03_019M","S1902_C03_020E","S1902_C03_020M","S1902_C03_021E","S1902_C03_021M","S1902_C03_022E","S1902_C03_022M","S1902_C03_023E","S1902_C03_023M","S1902_C03_024E","S1902_C03_024M","S1902_C03_025E","S1902_C03_025M","S1902_C03_026E","S1902_C03_026M","S1902_C03_027E","S1902_C03_027M","S1902_C03_028E","S1902_C03_028M",
"Geography","Geographic Area Name","Estimate!!Number!!HOUSEHOLD INCOME!!All households","Margin of Error!!Number!!HOUSEHOLD INCOME!!All households","Estimate!!Number!!HOUSEHOLD INCOME!!All households!!With earnings","Margin of Error!!Number!!HOUSEHOLD INCOME!!All households!!With earnings","Estimate!!Number!!HOUSEHOLD INCOME!!All households!!With earnings!!With wages or salary income","Margin of Error!!Number!!HOUSEHOLD INCOME!!All households!!With earnings!!With wages or salary income","Estimate!!Number!!HOUSEHOLD INCOME!!All households!!With earnings!!With self-employment income","Margin of Error!!Number!!HOUSEHOLD INCOME!!All households!!With earnings!!With self-employment income","Estimate!!Number!!HOUSEHOLD INCOME!!All households!!With interest, dividends, or net rental income","Margin of Error!!Number!!HOUSEHOLD INCOME!!All households!!With interest, dividends, or net rental income","Estimate!!Number!!HOUSEHOLD INCOME!!All households!!With Social Security income","Margin of Error!!Number!!HOUSEHOLD INCOME!!All households!!With Social Security income","Estimate!!Number!!HOUSEHOLD INCOME!!All households!!With Supplemental Security Income (SSI)","Margin of Error!!Number!!HOUSEHOLD INCOME!!All households!!With Supplemental Security Income (SSI)","Estimate!!Number!!HOUSEHOLD INCOME!!All households!!With cash public assistance income or Food Stamps/SNAP","Margin of Error!!Number!!HOUSEHOLD INCOME!!All households!!With cash public assistance income or Food Stamps/SNAP","Estimate!!Number!!HOUSEHOLD INCOME!!All households!!With cash public assistance income or Food Stamps/SNAP!!With cash public assistance","Margin of Error!!Number!!HOUSEHOLD INCOME!!All households!!With cash public assistance income or Food Stamps/SNAP!!With cash public assistance","Estimate!!Number!!HOUSEHOLD INCOME!!All households!!With retirement income","Margin of Error!!Number!!HOUSEHOLD INCOME!!All households!!With retirement income","Estimate!!Number!!HOUSEHOLD INCOME!!All households!!With other types of income","Margin of Error!!Number!!HOUSEHOLD INCOME!!All households!!With other types of income","Estimate!!Number!!FAMILY INCOME BY NUMBER OF WORKERS IN FAMILY!!All families","Margin of Error!!Number!!FAMILY INCOME BY NUMBER OF WORKERS IN FAMILY!!All families","Estimate!!Number!!FAMILY INCOME BY NUMBER OF WORKERS IN FAMILY!!All families!!No workers","Margin of Error!!Number!!FAMILY INCOME BY NUMBER OF WORKERS IN FAMILY!!All families!!No workers","Estimate!!Number!!FAMILY INCOME BY NUMBER OF WORKERS IN FAMILY!!All families!!1 worker","Margin of Error!!Number!!FAMILY INCOME BY NUMBER OF WORKERS IN FAMILY!!All families!!1 worker","Estimate!!Number!!FAMILY INCOME BY NUMBER OF WORKERS IN FAMILY!!All families!!2 workers, both spouses worked","Margin of Error!!Number!!FAMILY INCOME BY NUMBER OF WORKERS IN FAMILY!!All families!!2 workers, both spouses worked","Estimate!!Number!!FAMILY INCOME BY NUMBER OF WORKERS IN FAMILY!!All families!!2 workers, other","Margin of Error!!Number!!FAMILY INCOME BY NUMBER OF WORKERS IN FAMILY!!All families!!2 workers, other","Estimate!!Number!!FAMILY INCOME BY NUMBER OF WORKERS IN FAMILY!!All families!!3 or more workers, both spouses worked","Margin of Error!!Number!!FAMILY INCOME BY NUMBER OF WORKERS IN FAMILY!!All families!!3 or more workers, both spouses worked","Estimate!!Number!!FAMILY INCOME BY NUMBER OF WORKERS IN FAMILY!!All families!!3 or more workers, other","Margin of Error!!Number!!FAMILY INCOME BY NUMBER OF WORKERS IN FAMILY!!All families!!3 or more workers, other","Estimate!!Number!!PER CAPITA INCOME BY RACE AND HISPANIC OR LATINO ORIGIN!!Total population","Margin of Error!!Number!!PER CAPITA INCOME BY RACE AND HISPANIC OR LATINO ORIGIN!!Total population","Estimate!!Number!!PER CAPITA INCOME BY RACE AND HISPANIC OR LATINO ORIGIN!!Total population!!One race--!!White","Margin of Error!!Number!!PER CAPITA INCOME BY RACE AND HISPANIC OR LATINO ORIGIN!!Total population!!One race--!!White","Estimate!!Number!!PER CAPITA INCOME BY RACE AND HISPANIC OR LATINO ORIGIN!!Total population!!One race--!!Black or African American","Margin of Error!!Number!!PER CAPITA INCOME BY RACE AND HISPANIC OR LATINO ORIGIN!!Total population!!One race--!!Black or African American","Estimate!!Number!!PER CAPITA INCOME BY RACE AND HISPANIC OR LATINO ORIGIN!!Total population!!One race--!!American Indian and Alaska Native","Margin of Error!!Number!!PER CAPITA INCOME BY RACE AND HISPANIC OR LATINO ORIGIN!!Total population!!One race--!!American Indian and Alaska Native","Estimate!!Number!!PER CAPITA INCOME BY RACE AND HISPANIC OR LATINO ORIGIN!!Total population!!One race--!!Asian","Margin of Error!!Number!!PER CAPITA INCOME BY RACE AND HISPANIC OR LATINO ORIGIN!!Total population!!One race--!!Asian","Estimate!!Number!!PER CAPITA INCOME BY RACE AND HISPANIC OR LATINO ORIGIN!!Total population!!One race--!!Native Hawaiian and Other Pacific Islander","Margin of Error!!Number!!PER CAPITA INCOME BY RACE AND HISPANIC OR LATINO ORIGIN!!Total population!!One race--!!Native Hawaiian and Other Pacific Islander","Estimate!!Number!!PER CAPITA INCOME BY RACE AND HISPANIC OR LATINO ORIGIN!!Total population!!One race--!!Some other race","Margin of Error!!Number!!PER CAPITA INCOME BY RACE AND HISPANIC OR LATINO ORIGIN!!Total population!!One race--!!Some other race","Estimate!!Number!!PER CAPITA INCOME BY RACE AND HISPANIC OR LATINO ORIGIN!!Total population!!Two or more races","Margin of Error!!Number!!PER CAPITA INCOME BY RACE AND HISPANIC OR LATINO ORIGIN!!Total population!!Two or more races","Estimate!!Number!!PER CAPITA INCOME BY RACE AND HISPANIC OR LATINO ORIGIN!!Total population!!Hispanic or Latino origin (of any race)","Margin of Error!!Number!!PER CAPITA INCOME BY RACE AND HISPANIC OR LATINO ORIGIN!!Total population!!Hispanic or Latino origin (of any race)","Estimate!!Number!!PER CAPITA INCOME BY RACE AND HISPANIC OR LATINO ORIGIN!!Total population!!White alone, not Hispanic or Latino","Margin of Error!!Number!!PER CAPITA INCOME BY RACE AND HISPANIC OR LATINO ORIGIN!!Total population!!White alone, not Hispanic or Latino","Estimate!!Percent Distribution!!HOUSEHOLD INCOME!!All households","Margin of Error!!Percent Distribution!!HOUSEHOLD INCOME!!All households","Estimate!!Percent Distribution!!HOUSEHOLD INCOME!!All households!!With earnings","Margin of Error!!Percent Distribution!!HOUSEHOLD INCOME!!All households!!With earnings","Estimate!!Percent Distribution!!HOUSEHOLD INCOME!!All households!!With earnings!!With wages or salary income","Margin of Error!!Percent Distribution!!HOUSEHOLD INCOME!!All households!!With earnings!!With wages or salary income","Estimate!!Percent Distribution!!HOUSEHOLD INCOME!!All households!!With earnings!!With self-employment income","Margin of Error!!Percent Distribution!!HOUSEHOLD INCOME!!All households!!With earnings!!With self-employment income","Estimate!!Percent Distribution!!HOUSEHOLD INCOME!!All households!!With interest, dividends, or net rental income","Margin of Error!!Percent Distribution!!HOUSEHOLD INCOME!!All households!!With interest, dividends, or net rental income","Estimate!!Percent Distribution!!HOUSEHOLD INCOME!!All households!!With Social Security income","Margin of Error!!Percent Distribution!!HOUSEHOLD INCOME!!All households!!With Social Security income","Estimate!!Percent Distribution!!HOUSEHOLD INCOME!!All households!!With Supplemental Security Income (SSI)","Margin of Error!!Percent Distribution!!HOUSEHOLD INCOME!!All households!!With Supplemental Security Income (SSI)","Estimate!!Percent Distribution!!HOUSEHOLD INCOME!!All households!!With cash public assistance income or Food Stamps/SNAP","Margin of Error!!Percent Distribution!!HOUSEHOLD INCOME!!All households!!With cash public assistance income or Food Stamps/SNAP","Estimate!!Percent Distribution!!HOUSEHOLD INCOME!!All households!!With cash public assistance income or Food Stamps/SNAP!!With cash public assistance","Margin of Error!!Percent Distribution!!HOUSEHOLD INCOME!!All households!!With cash public assistance income or Food Stamps/SNAP!!With cash public assistance","Estimate!!Percent Distribution!!HOUSEHOLD INCOME!!All households!!With retirement income","Margin of Error!!Percent Distribution!!HOUSEHOLD INCOME!!All households!!With retirement income","Estimate!!Percent Distribution!!HOUSEHOLD INCOME!!All households!!With other types of income","Margin of Error!!Percent Distribution!!HOUSEHOLD INCOME!!All households!!With other types of income","Estimate!!Percent Distribution!!FAMILY INCOME BY NUMBER OF WORKERS IN FAMILY!!All families","Margin of Error!!Percent Distribution!!FAMILY INCOME BY NUMBER OF WORKERS IN FAMILY!!All families","Estimate!!Percent Distribution!!FAMILY INCOME BY NUMBER OF WORKERS IN FAMILY!!All families!!No workers","Margin of Error!!Percent Distribution!!FAMILY INCOME BY NUMBER OF WORKERS IN FAMILY!!All families!!No workers","Estimate!!Percent Distribution!!FAMILY INCOME BY NUMBER OF WORKERS IN FAMILY!!All families!!1 worker","Margin of Error!!Percent Distribution!!FAMILY INCOME BY NUMBER OF WORKERS IN FAMILY!!All families!!1 worker","Estimate!!Percent Distribution!!FAMILY INCOME BY NUMBER OF WORKERS IN FAMILY!!All families!!2 workers, both spouses worked","Margin of Error!!Percent Distribution!!FAMILY INCOME BY NUMBER OF WORKERS IN FAMILY!!All families!!2 workers, both spouses worked","Estimate!!Percent Distribution!!FAMILY INCOME BY NUMBER OF WORKERS IN FAMILY!!All families!!2 workers, other","Margin of Error!!Percent Distribution!!FAMILY INCOME BY NUMBER OF WORKERS IN FAMILY!!All families!!2 workers, other","Estimate!!Percent Distribution!!FAMILY INCOME BY NUMBER OF WORKERS IN FAMILY!!All families!!3 or more workers, both spouses worked","Margin of Error!!Percent Distribution!!FAMILY INCOME BY NUMBER OF WORKERS IN FAMILY!!All families!!3 or more workers, both spouses worked","Estimate!!Percent Distribution!!FAMILY INCOME BY NUMBER OF WORKERS IN FAMILY!!All families!!3 or more workers, other","Margin of Error!!Percent Distribution!!FAMILY INCOME BY NUMBER OF WORKERS IN FAMILY!!All families!!3 or more workers, other","Estimate!!Percent Distribution!!PER CAPITA INCOME BY RACE AND HISPANIC OR LATINO ORIGIN!!Total population","Margin of Error!!Percent Distribution!!PER CAPITA INCOME BY RACE AND HISPANIC OR LATINO ORIGIN!!Total population","Estimate!!Percent Distribution!!PER CAPITA INCOME BY RACE AND HISPANIC OR LATINO ORIGIN!!Total population!!One race--!!White","Margin of Error!!Percent Distribution!!PER CAPITA INCOME BY RACE AND HISPANIC OR LATINO ORIGIN!!Total population!!One race--!!White","Estimate!!Percent Distribution!!PER CAPITA INCOME BY RACE AND HISPANIC OR LATINO ORIGIN!!Total population!!One race--!!Black or African American","Margin of Error!!Percent Distribution!!PER CAPITA INCOME BY RACE AND HISPANIC OR LATINO ORIGIN!!Total population!!One race--!!Black or African American","Estimate!!Percent Distribution!!PER CAPITA INCOME BY RACE AND HISPANIC OR LATINO ORIGIN!!Total population!!One race--!!American Indian and Alaska Native","Margin of Error!!Percent Distribution!!PER CAPITA INCOME BY RACE AND HISPANIC OR LATINO ORIGIN!!Total population!!One race--!!American Indian and Alaska Native","Estimate!!Percent Distribution!!PER CAPITA INCOME BY RACE AND HISPANIC OR LATINO ORIGIN!!Total population!!One race--!!Asian","Margin of Error!!Percent Distribution!!PER CAPITA INCOME BY RACE AND HISPANIC OR LATINO ORIGIN!!Total population!!One race--!!Asian","Estimate!!Percent Distribution!!PER CAPITA INCOME BY RACE AND HISPANIC OR LATINO ORIGIN!!Total population!!One race--!!Native Hawaiian and Other Pacific Islander","Margin of Error!!Percent Distribution!!PER CAPITA INCOME BY RACE AND HISPANIC OR LATINO ORIGIN!!Total population!!One race--!!Native Hawaiian and Other Pacific Islander","Estimate!!Percent Distribution!!PER CAPITA INCOME BY RACE AND HISPANIC OR LATINO ORIGIN!!Total population!!One race--!!Some other race","Margin of Error!!Percent Distribution!!PER CAPITA INCOME BY RACE AND HISPANIC OR LATINO ORIGIN!!Total population!!One race--!!Some other race","Estimate!!Percent Distribution!!PER CAPITA INCOME BY RACE AND HISPANIC OR LATINO ORIGIN!!Total population!!Two or more races","Margin of Error!!Percent Distribution!!PER CAPITA INCOME BY RACE AND HISPANIC OR LATINO ORIGIN!!Total population!!Two or more races","Estimate!!Percent Distribution!!PER CAPITA INCOME BY RACE AND HISPANIC OR LATINO ORIGIN!!Total population!!Hispanic or Latino origin (of any race)","Margin of Error!!Percent Distribution!!PER CAPITA INCOME BY RACE AND HISPANIC OR LATINO ORIGIN!!Total population!!Hispanic or Latino origin (of any race)","Estimate!!Percent Distribution!!PER CAPITA INCOME BY RACE AND HISPANIC OR LATINO ORIGIN!!Total population!!White alone, not Hispanic or Latino","Margin of Error!!Percent Distribution!!PER CAPITA INCOME BY RACE AND HISPANIC OR LATINO ORIGIN!!Total population!!White alone, not Hispanic or Latino","Estimate!!Mean income (dollars)!!HOUSEHOLD INCOME!!All households","Margin of Error!!Mean income (dollars)!!HOUSEHOLD INCOME!!All households","Estimate!!Mean income (dollars)!!HOUSEHOLD INCOME!!All households!!With earnings","Margin of Error!!Mean income (dollars)!!HOUSEHOLD INCOME!!All households!!With earnings","Estimate!!Mean income (dollars)!!HOUSEHOLD INCOME!!All households!!With earnings!!With wages or salary income","Margin of Error!!Mean income (dollars)!!HOUSEHOLD INCOME!!All households!!With earnings!!With wages or salary income","Estimate!!Mean income (dollars)!!HOUSEHOLD INCOME!!All households!!With earnings!!With self-employment income","Margin of Error!!Mean income (dollars)!!HOUSEHOLD INCOME!!All households!!With earnings!!With self-employment income","Estimate!!Mean income (dollars)!!HOUSEHOLD INCOME!!All households!!With interest, dividends, or net rental income","Margin of Error!!Mean income (dollars)!!HOUSEHOLD INCOME!!All households!!With interest, dividends, or net rental income","Estimate!!Mean income (dollars)!!HOUSEHOLD INCOME!!All households!!With Social Security income","Margin of Error!!Mean income (dollars)!!HOUSEHOLD INCOME!!All households!!With Social Security income","Estimate!!Mean income (dollars)!!HOUSEHOLD INCOME!!All households!!With Supplemental Security Income (SSI)","Margin of Error!!Mean income (dollars)!!HOUSEHOLD INCOME!!All households!!With Supplemental Security Income (SSI)","Estimate!!Mean income (dollars)!!HOUSEHOLD INCOME!!All households!!With cash public assistance income or Food Stamps/SNAP","Margin of Error!!Mean income (dollars)!!HOUSEHOLD INCOME!!All households!!With cash public assistance income or Food Stamps/SNAP","Estimate!!Mean income (dollars)!!HOUSEHOLD INCOME!!All households!!With cash public assistance income or Food Stamps/SNAP!!With cash public assistance","Margin of Error!!Mean income (dollars)!!HOUSEHOLD INCOME!!All households!!With cash public assistance income or Food Stamps/SNAP!!With cash public assistance","Estimate!!Mean income (dollars)!!HOUSEHOLD INCOME!!All households!!With retirement income","Margin of Error!!Mean income (dollars)!!HOUSEHOLD INCOME!!All households!!With retirement income","Estimate!!Mean income (dollars)!!HOUSEHOLD INCOME!!All households!!With other types of income","Margin of Error!!Mean income (dollars)!!HOUSEHOLD INCOME!!All households!!With other types of income","Estimate!!Mean income (dollars)!!FAMILY INCOME BY NUMBER OF WORKERS IN FAMILY!!All families","Margin of Error!!Mean income (dollars)!!FAMILY INCOME BY NUMBER OF WORKERS IN FAMILY!!All families","Estimate!!Mean income (dollars)!!FAMILY INCOME BY NUMBER OF WORKERS IN FAMILY!!All families!!No workers","Margin of Error!!Mean income (dollars)!!FAMILY INCOME BY NUMBER OF WORKERS IN FAMILY!!All families!!No workers","Estimate!!Mean income (dollars)!!FAMILY INCOME BY NUMBER OF WORKERS IN FAMILY!!All families!!1 worker","Margin of Error!!Mean income (dollars)!!FAMILY INCOME BY NUMBER OF WORKERS IN FAMILY!!All families!!1 worker","Estimate!!Mean income (dollars)!!FAMILY INCOME BY NUMBER OF WORKERS IN FAMILY!!All families!!2 workers, both spouses worked","Margin of Error!!Mean income (dollars)!!FAMILY INCOME BY NUMBER OF WORKERS IN FAMILY!!All families!!2 workers, both spouses worked","Estimate!!Mean income (dollars)!!FAMILY INCOME BY NUMBER OF WORKERS IN FAMILY!!All families!!2 workers, other","Margin of Error!!Mean income (dollars)!!FAMILY INCOME BY NUMBER OF WORKERS IN FAMILY!!All families!!2 workers, other","Estimate!!Mean income (dollars)!!FAMILY INCOME BY NUMBER OF WORKERS IN FAMILY!!All families!!3 or more workers, both spouses worked","Margin of Error!!Mean income (dollars)!!FAMILY INCOME BY NUMBER OF WORKERS IN FAMILY!!All families!!3 or more workers, both spouses worked","Estimate!!Mean income (dollars)!!FAMILY INCOME BY NUMBER OF WORKERS IN FAMILY!!All families!!3 or more workers, other","Margin of Error!!Mean income (dollars)!!FAMILY INCOME BY NUMBER OF WORKERS IN FAMILY!!All families!!3 or more workers, other","Estimate!!Mean income (dollars)!!PER CAPITA INCOME BY RACE AND HISPANIC OR LATINO ORIGIN!!Total population","Margin of Error!!Mean income (dollars)!!PER CAPITA INCOME BY RACE AND HISPANIC OR LATINO ORIGIN!!Total population","Estimate!!Mean income (dollars)!!PER CAPITA INCOME BY RACE AND HISPANIC OR LATINO ORIGIN!!Total population!!One race--!!White","Margin of Error!!Mean income (dollars)!!PER CAPITA INCOME BY RACE AND HISPANIC OR LATINO ORIGIN!!Total population!!One race--!!White","Estimate!!Mean income (dollars)!!PER CAPITA INCOME BY RACE AND HISPANIC OR LATINO ORIGIN!!Total population!!One race--!!Black or African American","Margin of Error!!Mean income (dollars)!!PER CAPITA INCOME BY RACE AND HISPANIC OR LATINO ORIGIN!!Total population!!One race--!!Black or African American","Estimate!!Mean income (dollars)!!PER CAPITA INCOME BY RACE AND HISPANIC OR LATINO ORIGIN!!Total population!!One race--!!American Indian and Alaska Native","Margin of Error!!Mean income (dollars)!!PER CAPITA INCOME BY RACE AND HISPANIC OR LATINO ORIGIN!!Total population!!One race--!!American Indian and Alaska Native","Estimate!!Mean income (dollars)!!PER CAPITA INCOME BY RACE AND HISPANIC OR LATINO ORIGIN!!Total population!!One race--!!Asian","Margin of Error!!Mean income (dollars)!!PER CAPITA INCOME BY RACE AND HISPANIC OR LATINO ORIGIN!!Total population!!One race--!!Asian","Estimate!!Mean income (dollars)!!PER CAPITA INCOME BY RACE AND HISPANIC OR LATINO ORIGIN!!Total population!!One race--!!Native Hawaiian and Other Pacific Islander","Margin of Error!!Mean income (dollars)!!PER CAPITA INCOME BY RACE AND HISPANIC OR LATINO ORIGIN!!Total population!!One race--!!Native Hawaiian and Other Pacific Islander","Estimate!!Mean income (dollars)!!PER CAPITA INCOME BY RACE AND HISPANIC OR LATINO ORIGIN!!Total population!!One race--!!Some other race","Margin of Error!!Mean income (dollars)!!PER CAPITA INCOME BY RACE AND HISPANIC OR LATINO ORIGIN!!Total population!!One race--!!Some other race","Estimate!!Mean income (dollars)!!PER CAPITA INCOME BY RACE AND HISPANIC OR LATINO ORIGIN!!Total population!!Two or more races","Margin of Error!!Mean income (dollars)!!PER CAPITA INCOME BY RACE AND HISPANIC OR LATINO ORIGIN!!Total population!!Two or more races","Estimate!!Mean income (dollars)!!PER CAPITA INCOME BY RACE AND HISPANIC OR LATINO ORIGIN!!Total population!!Hispanic or Latino origin (of any race)","Margin of Error!!Mean income (dollars)!!PER CAPITA INCOME BY RACE AND HISPANIC OR LATINO ORIGIN!!Total population!!Hispanic or Latino origin (of any race)","Estimate!!Mean income (dollars)!!PER CAPITA INCOME BY RACE AND HISPANIC OR LATINO ORIGIN!!Total population!!White alone, not Hispanic or Latino","Margin of Error!!Mean income (dollars)!!PER CAPITA INCOME BY RACE AND HISPANIC OR LATINO ORIGIN!!Total population!!White alone, not Hispanic or Latino",
"1400000US26163500100","Census Tract 5001, Wayne County, Michigan","1395","197","1197","188","1197","188","8","12","38","34","364","126","191","116","397","136","39","35","231","99","209","81","759","152","119","67","391","129","129","84","100","69","0","11","20","21","3417","606","112","72","3267","616","0","11","0","11","0","11","0","11","38","37","17","19","104","73","1395","197","85.8","4.6","85.8","4.6","0.6","0.9","2.7","2.4","26.1","8.1","13.7","7.5","28.5","9.5","2.8","2.6","16.6","6.4","15.0","6.2","759","152","15.7","8.3","51.5","12.6","17.0","10.2","13.2","9.2","0.0","3.6","2.6","2.9","3417","606","3.3","2.3","95.6","2.6","0.0","0.8","0.0","0.8","0.0","0.8","0.0","0.8","1.1","1.1","0.5","0.5","3.0","2.3","50893","7748","46715","8664","46717","8663","N","N","139","146","17717","2782","11249","2773","(X)","(X)","990","613","16795","3573","12234","5346","53216","13550","N","N","N","N","N","N","N","N","N","N","N","N","21325","3600","27855","9107","21086","3770","-","**","-","**","-","**","-","**","22621","14840","N","N","28838","9553",
"1400000US26163500200","Census Tract 5002, Wayne County, Michigan","1190","224","1018","184","1009","184","36","41","83","75","150","72","57","63","176","100","28","38","224","114","424","186","735","169","130","89","441","156","81","57","53","49","12","19","18","28","2852","541","61","76","2791","545","0","11","0","11","0","11","0","11","0","11","14","26","47","69","1190","224","85.5","12.1","84.8","12.0","3.0","3.5","7.0","6.1","12.6","6.7","4.8","5.4","14.8","8.3","2.4","3.2","18.8","10.6","35.6","12.8","735","169","17.7","12.0","60.0","13.5","11.0","7.4","7.2","6.5","1.6","2.6","2.4","3.9","2852","541","2.1","2.7","97.9","2.7","0.0","1.0","0.0","1.0","0.0","1.0","0.0","1.0","0.0","1.0","0.5","0.9","1.6","2.5","68673","21143","68446","23115","68748","23360","8628","21438","-1529","3345","17596","7488","9014","1475","(X)","(X)","N","N","11859","3662","14985","6650","62119","28887","N","N","N","N","N","N","N","N","N","N","N","N","29933","10166","52872","24802","29432","10310","-","**","-","**","-","**","-","**","-","**","N","N","N","N",
"1400000US26163500300","Census Tract 5003, Wayne County, Michigan","764","120","628","89","623","89","43","36","17","16","83","73","43","39","249","91","1","4","97","82","183","79","339","125","88","82","135","65","28","23","81","45","7","10","0","11","1657","332","92","63","1529","330","0","11","30","45","0","11","0","11","6","9","2","4","92","63","764","120","82.2","10.1","81.5","10.2","5.6","4.7","2.2","2.1","10.9","8.7","5.6","5.0","32.6","10.0","0.1","0.6","12.7","9.6","24.0","9.7","339","125","26.0","17.4","39.8","15.4","8.3","7.3","23.9","14.0","2.1","2.9","0.0","7.8","1657","332","5.6","3.9","92.3","4.5","0.0","1.6","1.8","2.7","0.0","1.6","0.0","1.6","0.4","0.5","0.1","0.2","5.6","3.9","55609","18321","59585","22151","58927","22408","16463","10555","1565","653","17531","3529","8214","1942","(X)","(X)","N","N","11335","5026","11636","5943","72363","43355","N","N","N","N","N","N","N","N","N","N","N","N","27452","11397","19395","12890","28181","12314","-","**","10007","1681","-","**","-","**","N","N","N","N","19395","12890",
"1400000US26163500400","Census Tract 5004, Wayne County, Michigan","501","147","417","155","409","156","8","12","6","9","134","89","49","32","242","82","4","6","97","83","205","105","296","121","54","36","176","103","0","11","66","63","0","11","0","11","1322","384","27","22","1270","388","0","11","0","11","0","11","0","11","25","31","20","31","27","22","501","147","83.2","9.8","81.6","10.1","1.6","2.6","1.2","1.9","26.7","15.9","9.8","7.0","48.3","16.3","0.8","1.3","19.4","14.2","40.9","17.8","296","121","18.2","12.9","59.5","21.8","0.0","8.9","22.3","19.5","0.0","8.9","0.0","8.9","1322","384","2.0","1.8","96.1","3.7","0.0","2.1","0.0","2.1","0.0","2.1","0.0","2.1","1.9","2.4","1.5","2.4","2.0","1.8","34456","6149","28834","4231","29062","4328","N","N","N","N","15263","2526","8512","1080","(X)","(X)","N","N","10861","2000","8336","3968","29708","7478","9359","6468","36487","7194","-","**","28282","15324","-","**","-","**","13688","3026","17581","10332","13590","3125","-","**","-","**","-","**","-","**","N","N","-","**","17581","10332",
"1400000US26163500500","Census Tract 5005, Wayne County, Michigan","587","130","469","100","469","100","0","11","20","18","116","92","58","39","137","69","8","9","144","110","150","74","239","64","27","26","121","50","23","24","61","50","7","11","0","11","1233","229","92","98","1141","221","0","11","0","11","0","11","0","11","0","11","0","11","92","98","587","130","79.9","13.5","79.9","13.5","0.0","4.6","3.4","3.2","19.8","13.3","9.9","7.0","23.3","11.9","1.4","1.6","24.5","15.4","25.6","13.3","239","64","11.3","10.2","50.6","18.1","9.6","10.1","25.5","18.4","2.9","4.5","0.0","10.9","1233","229","7.5","7.6","92.5","7.6","0.0","2.2","0.0","2.2","0.0","2.2","0.0","2.2","0.0","2.2","0.0","2.2","7.5","7.6","40876","4239","35411","3817","35411","3817","-","**","34005","71034","21639","4529","10805","1246","(X)","(X)","N","N","19160","7388","5366","1452","38708","8085","N","N","N","N","N","N","N","N","N","N","N","N","19790","2893","45305","16257","17732","1711","-","**","-","**","-","**","-","**","-","**","-","**","45305","16257",
"1400000US26163500600","Census Tract 5006, Wayne County, Michigan","996","171","886","177","873","178","13","20","14","18","110","51","97","64","470","182","123","123","81","41","470","189","612","173","36","27","286","123","63","65","120","80","32","35","75","115","2707","578","6","13","2697","580","0","11","0","11","0","11","0","11","4","10","0","11","6","13","996","171","89.0","6.1","87.7","6.3","1.3","2.0","1.4","1.8","11.0","5.6","9.7","6.3","47.2","13.5","12.3","11.1","8.1","4.5","47.2","13.3","612","173","5.9","4.6","46.7","18.4","10.3","10.2","19.6","13.3","5.2","5.8","12.3","16.8","2707","578","0.2","0.5","99.6","0.9","0.0","1.0","0.0","1.0","0.0","1.0","0.0","1.0","0.1","0.4","0.0","1.0","0.2","0.5","52742","7031","47911","8346","47749","8473","N","N","N","N","19849","7262","9763","7422","(X)","(X)","1669","1912","24774","13327","10012","4769","51008","10576","N","N","N","N","N","N","N","N","N","N","N","N","19868","2897","N","N","19888","2898","-","**","-","**","-","**","-","**","N","N","-","**","N","N",
"1400000US26163500700","Census Tract 5007, Wayne County, Michigan","1251","222","1028","216","1015","215","49","35","71","38","401","114","245","120","545","205","29","37","136","63","238","138","949","206","119","77","508","192","92","70","179","76","0","11","51","50","4730","1094","140","95","4442","1105","100","151","0","11","0","11","0","11","48","57","0","11","140","95","1251","222","82.2","8.5","81.1","8.4","3.9","2.9","5.7","3.2","32.1","9.2","19.6","9.4","43.6","11.9","2.3","3.1","10.9","5.6","19.0","10.3","949","206","12.5","8.1","53.5","13.2","9.7","7.3","18.9","8.6","0.0","2.9","5.4","5.0","4730","1094","3.0","2.1","93.9","3.9","2.1","3.3","0.0","0.6","0.0","0.6","0.0","0.6","1.0","1.2","0.0","0.6","3.0","2.1","46216","6507","43049","6856","43167","7055","8996","6754","2921","2905","15231","2677","10770","2883","(X)","(X)","2852","3026","13485","6001","11304","9408","45671","7377","31209","16012","32448","9505","82003","32522","65860","9326","-","**","74731","9379","13109","2420","33915","12456","12470","2564","N","N","-","**","-","**","-","**","N","N","-","**","33915","12456",
"1400000US26163500800","Census Tract 5008, Wayne County, Michigan","1046","100","809","106","809","106","72","46","63","45","173","68","117","55","406","85","26","20","216","82","90","56","647","77","90","62","303","100","67","43","104","55","23","29","60","43","2923","314","185","78","2679","339","18","28","0","11","0","11","8","11","33","39","6","12","185","78","1046","100","77.3","8.2","77.3","8.2","6.9","4.5","6.0","4.2","16.5","6.4","11.2","5.2","38.8","7.0","2.5","1.9","20.7","7.5","8.6","5.1","647","77","13.9","9.0","46.8","14.0","10.4","6.5","16.1","8.4","3.6","4.5","9.3","6.9","2923","314","6.3","2.8","91.7","3.7","0.6","1.0","0.0","0.9","0.0","0.9","0.3","0.4","1.1","1.3","0.2","0.4","6.3","2.8","39662","5526","41772","5514","41102","5607","7528","3442","3500","2278","17251","3333","11372","3762","(X)","(X)","1138","914","13161","3593","3166","2190","43191","6179","N","N","N","N","N","N","N","N","N","N","N","N","15189","1741","20622","8962","14866","1951","N","N","-","**","-","**","N","N","N","N","N","N","20622","8962",
"1400000US26163500900","Census Tract 5009, Wayne County, Michigan","1272","375","987","354","987","354","50","43","274","323","278","94","147","90","452","145","64","49","251","87","95","65","892","325","203","106","409","299","131","91","85","64","17","19","47","45","3913","1409","142","115","3722","1444","9","14","1","3","0","11","0","11","39","63","28","35","136","115","1272","375","77.6","9.4","77.6","9.4","3.9","3.6","21.5","20.5","21.9","9.5","11.6","6.8","35.5","12.7","5.0","4.1","19.7","8.9","7.5","5.4","892","325","22.8","13.3","45.9","19.6","14.7","10.8","9.5","7.6","1.9","2.3","5.3","5.3","3913","1409","3.6","3.3","95.1","4.5","0.2","0.4","0.0","0.1","0.0","0.7","0.0","0.7","1.0","1.8","0.7","1.0","3.5","3.3","39805","8889","39316","10184","38817","10011","9858","13440","774","1554","15764","2501","11230","3550","(X)","(X)","2297","1004","16927","6422","12493","10661","40662","11349","N","N","N","N","N","N","N","N","N","N","N","N","13541","4137","26152","3633","13176","4247","N","N","N","N","-","**","-","**","-","**","12529","2141","26815","3423",
"1400000US26163501000","Census Tract 5010, Wayne County, Michigan","904","161","603","148","603","148","7","12","22","35","133","61","210","97","440","161","61","67","131","78","167","117","577","154","124","99","122","90","111","94","132","70","7","13","81","67","3212","938","36","55","3166","931","0","11","0","11","0","11","0","11","10","17","0","11","36","55","904","161","66.7","11.4","66.7","11.4","0.8","1.3","2.4","3.8","14.7","6.6","23.2","10.5","48.7","12.8","6.7","7.5","14.5","8.3","18.5","12.5","577","154","21.5","14.4","21.1","15.2","19.2","14.2","22.9","12.1","1.2","2.4","14.0","12.2","3212","938","1.1","1.7","98.6","1.8","0.0","0.9","0.0","0.9","0.0","0.9","0.0","0.9","0.3","0.5","0.0","0.9","1.1","1.7","41959","7864","48962","9164","48697","9188","N","N","N","N","14217","5416","9457","1232","(X)","(X)","5343","3213","19579","8671","9811","7462","45926","10784","N","N","N","N","N","N","N","N","N","N","N","N","12984","3096","N","N","13155","3142","-","**","-","**","-","**","-","**","-","**","-","**","N","N",
"1400000US26163501100","Census Tract 5011, Wayne County, Michigan","1222","279","825","162","790","167","112","75","15","23","410","193","210","97","459","203","54","56","279","186","148","170","861","282","291","216","374","154","88","69","54","52","0","11","54","42","3106","687","73","140","3005","693","0","11","0","11","0","11","12","19","16","24","120","135","72","140","1222","279","67.5","12.3","64.6","12.2","9.2","6.2","1.2","2.0","33.6","13.0","17.2","8.1","37.6","13.6","4.4","4.6","22.8","12.5","12.1","12.5","861","282","33.8","16.8","43.4","15.0","10.2","8.6","6.3","6.4","0.0","3.1","6.3","5.1","3106","687","2.4","4.7","96.7","4.8","0.0","0.9","0.0","0.9","0.0","0.9","0.4","0.6","0.5","0.8","3.9","4.5","2.3","4.7","33953","5193","28746","7040","26976","6957","21474","8886","N","N","18791","3823","9304","1353","(X)","(X)","1744","1257","12116","3201","30824","8858","33473","5177","N","N","N","N","N","N","N","N","N","N","N","N","13776","2868","8212","989","13644","3013","-","**","-","**","-","**","N","N","N","N","8746","2131","8088","671",
"1400000US26163501200","Census Tract 5012, Wayne County, Michigan","475","83","314","75","314","75","44","38","5","9","170","49","129","63","240","82","5","7","141","59","24","20","312","69","88","48","151","58","28","32","21","22","0","11","24","20","1366","286","14","14","1318","294","0","11","0","11","0","11","0","11","34","51","0","11","14","14","475","83","66.1","12.5","66.1","12.5","9.3","7.9","1.1","2.0","35.8","10.3","27.2","11.4","50.5","12.8","1.1","1.5","29.7","11.8","5.1","4.3","312","69","28.2","13.1","48.4","12.9","9.0","10.3","6.7","7.7","0.0","8.4","7.7","6.7","1366","286","1.0","1.0","96.5","4.1","0.0","2.0","0.0","2.0","0.0","2.0","0.0","2.0","2.5","3.9","0.0","2.0","1.0","1.0","35602","6455","34919","5875","34246","6007","4800","1981","N","N","14845","4247","8946","1199","(X)","(X)","N","N","15574","5969","1408","276","39095","8597","N","N","N","N","N","N","N","N","N","N","N","N","13939","2447","N","N","14350","2766","-","**","-","**","-","**","-","**","-","**","-","**","N","N",
"1400000US26163501300","Census Tract 5013, Wayne County, Michigan","973","204","738","219","738","219","73","53","105","134","276","91","152","68","410","125","106","70","329","156","190","151","679","201","122","87","269","102","105","103","75","48","96","132","12","19","2983","868","52","59","2880","859","0","11","0","11","13","22","0","11","38","46","10","16","52","59","973","204","75.8","11.8","75.8","11.8","7.5","5.5","10.8","12.3","28.4","10.0","15.6","7.6","42.1","12.6","10.9","7.3","33.8","12.7","19.5","12.9","679","201","18.0","13.1","39.6","14.3","15.5","14.6","11.0","7.6","14.1","16.8","1.8","3.0","2983","868","1.7","2.0","96.5","2.6","0.0","0.9","0.0","0.9","0.4","0.8","0.0","0.9","1.3","1.5","0.3","0.6","1.7","2.0","49974","13883","52586","14974","51881","15078","7121","2689","-1027","2976","13296","5380","9647","2738","(X)","(X)","1025","360","11022","3882","5546","2455","57491","17392","N","N","N","N","N","N","N","N","N","N","N","N","16635","4566","19308","3040","16006","4727","-","**","-","**","N","N","-","**","52116","16947","N","N","19308","3040",
"1400000US26163501400","Census Tract 5014, Wayne County, Michigan","1120","147","821","146","814","145","49","38","76","42","327","81","44","61","328","133","36","44","346","96","81","64","701","138","145","70","219","108","132","82","81","66","39","44","85","94","3382","943","436","263","2910","948","0","11","0","11","0","11","0","11","36","53","1","2","435","263","1120","147","73.3","7.2","72.7","7.2","4.4","3.4","6.8","3.9","29.2","8.0","3.9","5.2","29.3","10.5","3.2","4.0","30.9","8.1","7.2","5.8","701","138","20.7","9.5","31.2","15.0","18.8","11.7","11.6","9.4","5.6","6.0","12.1","12.2","3382","943","12.9","8.2","86.0","8.7","0.0","0.8","0.0","0.8","0.0","0.8","0.0","0.8","1.1","1.7","0.0","0.1","12.9","8.2","62992","10773","66364","11479","66240","11576","11541","12039","3574","2289","22239","3777","N","N","(X)","(X)","N","N","22181","4838","5601","4433","75144","12951","N","N","N","N","N","N","N","N","N","N","N","N","21857","4534","36425","8515","19945","4841","-","**","-","**","-","**","-","**","-","**","N","N","36469","8542",
"1400000US26163501500","Census Tract 5015, Wayne County, Michigan","1582","228","1127","192","1011","184","226","116","125","75","348","82","165","92","885","243","29","45","362","166","218","111","1044","187","209","133","425","136","167","109","155","87","9","15","79","73","4765","727","358","192","4356","705","0","11","0","11","0","11","14","29","37","43","14","29","358","192","1582","228","71.2","10.1","63.9","10.8","14.3","7.1","7.9","4.8","22.0","6.2","10.4","6.0","55.9","9.6","1.8","2.8","22.9","9.3","13.8","6.6","1044","187","20.0","11.9","40.7","10.3","16.0","9.4","14.8","8.9","0.9","1.4","7.6","7.2","4765","727","7.5","3.9","91.4","4.2","0.0","0.6","0.0","0.6","0.0","0.6","0.3","0.6","0.8","0.9","0.3","0.6","7.5","3.9","44560","7056","48918","8666","51652","9557","12878","9324","15734","26308","10511","2702","11262","3429","(X)","(X)","N","N","18180","9524","5543","4798","47755","8610","N","N","N","N","N","N","N","N","N","N","N","N","15699","2350","34193","14783","13993","2494","-","**","-","**","-","**","N","N","N","N","N","N","34193","14783",
"1400000US26163501600","Census Tract 5016, Wayne County, Michigan","797","99","597","93","591","94","24","17","24","18","164","55","123","63","343","104","8","14","149","59","92","63","500","100","41","36","227","93","84","53","94","58","26","36","28","42","2258","438","397","210","1796","461","0","11","0","11","0","11","43","47","22","24","29","32","368","202","797","99","74.9","8.3","74.2","8.3","3.0","2.1","3.0","2.3","20.6","6.7","15.4","7.5","43.0","10.4","1.0","1.7","18.7","7.1","11.5","7.7","500","100","8.2","6.9","45.4","14.7","16.8","10.7","18.8","11.0","5.2","7.0","5.6","8.6","2258","438","17.6","9.7","79.5","10.1","0.0","1.2","0.0","1.2","0.0","1.2","1.9","2.1","1.0","1.1","1.3","1.5","16.3","9.2","41573","6339","45430","7764","45357","7830","13175","11513","29454","39699","9180","2609","10430","2497","(X)","(X)","N","N","13074","4040","6172","1744","48112","8597","N","N","N","N","N","N","N","N","N","N","N","N","15230","2323","16843","4472","15194","2920","-","**","-","**","-","**","N","N","N","N","N","N","16986","4809",
"1400000US26163501700","Census Tract 5017, Wayne County, Michigan","758","85","520","111","500","106","39","34","29","21","185","44","67","44","301","89","56","30","100","47","129","64","256","81","32","27","193","73","0","11","31","29","0","11","0","11","1690","213","490","135","1149","224","28","28","0","11","0","11","9","15","14","18","30","26","490","135","758","85","68.6","10.7","66.0","10.6","5.1","4.4","3.8","2.8","24.4","5.7","8.8","5.9","39.7","11.3","7.4","4.0","13.2","6.4","17.0","8.0","256","81","12.5","10.9","75.4","13.0","0.0","10.2","12.1","10.4","0.0","10.2","0.0","10.2","1690","213","29.0","7.9","68.0","8.3","1.7","1.7","0.0","1.6","0.0","1.6","0.5","0.9","0.8","1.1","1.8","1.5","29.0","7.9","36330","6618","38227","8006","39270","8138","6238","4122","15479","19719","18404","2385","9107","478","(X)","(X)","1120","830","13700","5140","13671","5381","48154","12208","25228","6946","51228","15466","-","**","52677","26809","-","**","-","**","18910","2868","21774","6055","17571","3340","N","N","-","**","-","**","N","N","N","N","N","N","21774","6055",
"1400000US26163501800","Census Tract 5018, Wayne County, Michigan","2090","488","1861","504","1804","510","201","90","281","94","616","222","222","131","263","118","0","15","374","217","397","203","1330","257","123","73","517","141","291","133","147","76","81","71","171","183","5263","911","1379","591","3550","661","25","37","0","15","0","15","0","15","309","157","108","77","1324","584","2090","488","89.0","5.3","86.3","5.9","9.6","4.9","13.4","5.5","29.5","11.2","10.6","7.2","12.6","6.3","0.0","1.3","17.9","10.1","19.0","9.1","1330","257","9.2","5.3","38.9","11.2","21.9","9.9","11.1","5.8","6.1","5.2","12.9","12.2","5263","911","26.2","9.1","67.5","9.4","0.5","0.7","0.0","0.5","0.0","0.5","0.0","0.5","5.9","2.8","2.1","1.5","25.2","8.9","76121","15722","67493","12790","66949","13104","24025","14142","12493","11204","18308","3026","9989","1623","(X)","(X)","-","**","25239","6752","17744","5925","86234","19019","34900","20749","63872","16339","98115","14238","71809","27270","121649","75867","166173","70340","30791","3865","48517","8654","24166","2844","N","N","-","**","-","**","-","**","29710","12483","19250","12771","49356","9031",
"1400000US26163501900","Census Tract 5019, Wayne County, Michigan","860","120","608","115","592","113","29","29","83","50","284","75","177","88","406","126","24","23","155","52","91","52","553","102","86","56","257","92","40","30","124","75","46","42","0","11","2855","552","173","84","2643","544","0","11","8","12","0","11","0","11","31","24","3","7","173","84","860","120","70.7","9.0","68.8","9.0","3.4","3.3","9.7","6.0","33.0","8.3","20.6","9.2","47.2","12.1","2.8","2.7","18.0","5.9","10.6","6.1","553","102","15.6","10.1","46.5","13.7","7.2","6.0","22.4","11.5","8.3","7.6","0.0","4.8","2855","552","6.1","3.0","92.6","3.4","0.0","1.0","0.3","0.4","0.0","1.0","0.0","1.0","1.1","0.9","0.1","0.2","6.1","3.0","48066","14446","50427","16493","51089","16997","14314","8335","8930","5666","15147","2823","7668","1844","(X)","(X)","4250","4773","22449","8627","7637","4463","59473","21534","26797","13276","22395","7283","89110","31949","114273","56417","154233","39907","-","**","15297","5006","31173","10741","14214","5401","-","**","-","**","-","**","-","**","22971","12600","-","**","31173","10741",
"1400000US26163502000","Census Tract 5020, Wayne County, Michigan","782","213","641","215","636","215","14","16","48","38","263","67","136","59","386","210","39","31","124","41","50","34","445","76","40","25","233","57","39","47","118","57","15","17","0","11","1961","320","99","85","1767","345","0","11","0","11","0","11","0","11","95","89","15","19","93","85","782","213","82.0","8.4","81.3","8.3","1.8","2.1","6.1","4.9","33.6","12.0","17.4","8.5","49.4","16.0","5.0","4.1","15.9","6.4","6.4","4.5","445","76","9.0","5.5","52.4","12.8","8.8","10.0","26.5","11.0","3.4","3.9","0.0","6.0","1961","320","5.0","4.4","90.1","6.8","0.0","1.4","0.0","1.4","0.0","1.4","0.0","1.4","4.8","4.6","0.8","1.0","4.7","4.3","41495","6606","36659","5610","36786","5659","N","N","14850","12259","12362","2154","7968","2283","(X)","(X)","1633","1731","27971","14702","7430","6533","50185","10503","N","N","N","N","N","N","N","N","N","N","N","N","16961","3350","13944","7526","16843","3340","-","**","-","**","-","**","-","**","22297","35450","35927","12077","11828","4062",
"1400000US26163502600","Census Tract 5026, Wayne County, Michigan","1351","270","845","219","845","219","11","18","20","26","529","189","258","106","522","129","88","48","394","162","192","99","823","148","276","109","312","105","28","28","188","104","0","11","19","25","3710","650","40","41","3648","656","7","11","14","21","0","11","1","3","0","11","0","11","40","41","1351","270","62.5","10.6","62.5","10.6","0.8","1.3","1.5","2.0","39.2","10.9","19.1","8.4","38.6","10.2","6.5","3.4","29.2","9.9","14.2","6.9","823","148","33.5","11.9","37.9","11.1","3.4","3.4","22.8","11.7","0.0","3.3","2.3","3.0","3710","650","1.1","1.1","98.3","1.3","0.2","0.3","0.4","0.6","0.0","0.7","0.0","0.1","0.0","0.7","0.0","0.7","1.1","1.1","31654","5179","29702","6066","29680","6058","N","N","N","N","16658","2133","9826","1854","(X)","(X)","2368","2164","12406","4914","5784","3030","34663","7880","N","N","N","N","N","N","N","N","N","N","N","N","12725","2262","7085","3718","12752","2310","N","N","N","N","-","**","N","N","-","**","-","**","7085","3718",
"1400000US26163502700","Census Tract 5027, Wayne County, Michigan","1016","154","399","77","399","77","21","20","5","8","391","124","313","83","551","111","15","13","127","48","89","106","424","107","148","75","176","59","6","11","49","31","0","11","45","35","2162","342","66","45","2096","339","0","11","0","11","0","11","0","11","0","11","0","11","66","45","1016","154","39.3","7.6","39.3","7.6","2.1","2.1","0.5","0.8","38.5","10.0","30.8","8.5","54.2","8.6","1.5","1.3","12.5","5.3","8.8","9.6","424","107","34.9","12.3","41.5","10.8","1.4","2.5","11.6","7.7","0.0","6.3","10.6","8.9","2162","342","3.1","2.1","96.9","2.1","0.0","1.3","0.0","1.3","0.0","1.3","0.0","1.3","0.0","1.3","0.0","1.3","3.1","2.1","30692","6868","50849","16780","49929","16819","17476","10594","N","N","12678","1428","9072","795","(X)","(X)","1000","1008","14356","4325","14037","7497","45518","14544","N","N","N","N","N","N","N","N","N","N","N","N","15912","3672","8730","2658","16138","3832","-","**","-","**","-","**","-","**","-","**","-","**","8730","2658",
"1400000US26163503100","Census Tract 5031, Wayne County, Michigan","1243","256","1076","250","1044","243","107","129","54","40","185","53","128","108","433","223","24","17","209","115","418","229","719","155","61","30","418","102","141","117","81","54","13","15","5","8","3021","527","105","52","2870","517","0","11","0","11","0","11","5","11","41","40","11","16","105","52","1243","256","86.6","5.5","84.0","6.0","8.6","9.8","4.3","3.3","14.9","5.0","10.3","8.1","34.8","13.1","1.9","1.4","16.8","8.2","33.6","13.8","719","155","8.5","4.1","58.1","13.0","19.6","13.7","11.3","7.5","1.8","2.1","0.7","1.2","3021","527","3.5","1.7","95.0","2.4","0.0","0.9","0.0","0.9","0.0","0.9","0.2","0.4","1.4","1.3","0.4","0.5","3.5","1.7","47929","7704","46492","10061","44991","9417","28549","5168","2876","2940","17262","2999","9437","1092","(X)","(X)","538","439","10085","5696","6873","3403","46183","9263","N","N","N","N","N","N","N","N","N","N","N","N","21221","2802","19444","6218","21406","2842","-","**","-","**","-","**","N","N","12956","11681","N","N","19444","6218",
"1400000US26163503200","Census Tract 5032, Wayne County, Michigan","1053","182","927","181","927","181","0","11","0","11","174","73","81","63","442","103","7","12","69","35","374","108","599","177","75","43","294","86","89","121","141","100","0","11","0","11","2564","510","323","354","2241","379","0","11","0","11","0","11","0","11","0","11","0","11","323","354","1053","182","88.0","6.3","88.0","6.3","0.0","2.6","0.0","2.6","16.5","6.9","7.7","6.2","42.0","10.4","0.7","1.1","6.6","3.4","35.5","10.8","599","177","12.5","7.2","49.1","16.6","14.9","17.4","23.5","15.0","0.0","4.5","0.0","4.5","2564","510","12.6","12.3","87.4","12.3","0.0","1.1","0.0","1.1","0.0","1.1","0.0","1.1","0.0","1.1","0.0","1.1","12.6","12.3","44428","8177","42820","9036","42820","9036","-","**","-","**","13980","3239","10347","823","(X)","(X)","N","N","10561","4186","7855","3648","38412","12223","N","N","N","N","N","N","N","N","N","N","N","N","18541","3288","29294","5853","16991","3040","-","**","-","**","-","**","-","**","-","**","-","**","29294","5853",
"1400000US26163503300","Census Tract 5033, Wayne County, Michigan","1485","208","1239","212","1239","212","35","41","12","18","300","99","180","103","644","150","19","21","178","83","326","122","663","148","83","68","400","138","37","33","110","84","0","11","33","29","3727","626","45","46","3655","615","0","11","13","32","0","11","0","11","14","22","14","22","45","46","1485","208","83.4","7.3","83.4","7.3","2.4","2.8","0.8","1.3","20.2","7.2","12.1","6.7","43.4","9.2","1.3","1.4","12.0","5.6","22.0","8.4","663","148","12.5","9.7","60.3","15.5","5.6","4.9","16.6","12.1","0.0","4.1","5.0","4.3","3727","626","1.2","1.2","98.1","1.5","0.0","0.7","0.3","0.9","0.0","0.7","0.0","0.7","0.4","0.6","0.4","0.6","1.2","1.2","40188","5545","38409","5631","37947","5733","N","N","N","N","14392","1846","9018","1754","(X)","(X)","N","N","16992","7894","9491","3496","40989","7834","22298","10198","36528","9599","67200","11340","43112","8621","-","**","105612","6965","16818","2423","45169","12714","16538","2409","-","**","N","N","-","**","-","**","-","**","-","**","45169","12714",
"1400000US26163503400","Census Tract 5034, Wayne County, Michigan","466","116","426","119","420","120","6","10","11","15","87","42","67","39","192","109","20","25","96","41","97","106","218","72","5","13","145","58","20","27","48","41","0","11","0","11","910","230","40","42","746","190","0","11","109","71","0","11","0","11","15","20","0","11","40","42","466","116","91.4","6.0","90.1","6.4","1.3","2.1","2.4","3.3","18.7","10.5","14.4","8.7","41.2","16.2","4.3","5.3","20.6","9.3","20.8","18.8","218","72","2.3","5.8","66.5","18.7","9.2","12.2","22.0","15.0","0.0","11.8","0.0","11.8","910","230","4.4","4.4","82.0","8.6","0.0","3.0","12.0","6.8","0.0","3.0","0.0","3.0","1.6","2.1","0.0","3.0","4.4","4.4","40911","9079","35621","9843","36006","9976","N","N","N","N","14690","2653","15270","6404","(X)","(X)","N","N","8654","4402","6980","2171","47491","13197","N","N","N","N","N","N","N","N","N","N","N","N","21338","5052","7978","8394","23630","5076","-","**","11688","12365","-","**","-","**","N","N","-","**","7978","8394",
"1400000US26163503500","Census Tract 5035, Wayne County, Michigan","775","111","581","127","571","126","50","46","18","20","205","86","40","30","390","116","7","11","98","53","313","98","480","123","75","59","217","105","39","47","137","80","12","18","0","11","2304","498","9","14","2288","498","7","11","0","11","0","11","0","11","0","11","0","11","9","14","775","111","75.0","11.1","73.7","11.1","6.5","5.8","2.3","2.6","26.5","11.0","5.2","3.9","50.3","14.5","0.9","1.4","12.6","7.1","40.4","11.8","480","123","15.6","11.8","45.2","18.1","8.1","9.3","28.5","15.1","2.5","3.7","0.0","5.6","2304","498","0.4","0.6","99.3","0.8","0.3","0.5","0.0","1.2","0.0","1.2","0.0","1.2","0.0","1.2","0.0","1.2","0.4","0.6","38885","5548","39014","6105","38954","6017","8486","8338","N","N","17230","2862","12093","5700","(X)","(X)","N","N","15360","6683","5974","2161","35743","7327","N","N","N","N","N","N","N","N","N","N","N","N","13303","2869","N","N","13334","2897","N","N","-","**","-","**","-","**","-","**","-","**","N","N",
"1400000US26163503600","Census Tract 5036, Wayne County, Michigan","752","165","653","160","635","151","18","27","20","16","137","49","33","26","263","134","15","16","87","41","199","96","397","117","58","37","272","107","15","24","46","38","6","10","0","11","1573","345","39","29","1513","347","0","11","21","30","0","11","0","11","0","11","2","4","37","29","752","165","86.8","6.4","84.4","6.8","2.4","3.4","2.7","2.2","18.2","6.8","4.4","3.5","35.0","13.3","2.0","2.2","11.6","5.8","26.5","11.4","397","117","14.6","9.5","68.5","13.9","3.8","5.8","11.6","9.1","1.5","2.5","0.0","6.7","1573","345","2.5","2.0","96.2","2.8","0.0","1.7","1.3","1.9","0.0","1.7","0.0","1.7","0.0","1.7","0.1","0.3","2.4","2.0","50632","17456","35406","5094","36181","5063","N","N","215205","316876","16077","3116","7497","1945","(X)","(X)","N","N","53482","59458","17605","8042","35596","12132","N","N","N","N","N","N","N","N","N","N","N","N","24871","9687","25944","8792","24966","10064","-","**","N","N","-","**","-","**","-","**","N","N","27059","9245",
"1400000US26163503900","Census Tract 5039, Wayne County, Michigan","654","132","440","136","440","136","9","12","30","24","284","62","138","61","315","122","3","5","205","58","117","64","478","124","114","56","256","120","9","15","31","27","20","33","48","32","2119","713","47","43","2065","713","0","11","0","11","0","11","0","11","7","11","0","11","47","43","654","132","67.3","10.7","67.3","10.7","1.4","2.0","4.6","3.9","43.4","12.4","21.1","9.1","48.2","11.8","0.5","0.9","31.3","11.0","17.9","8.9","478","124","23.8","11.8","53.6","15.3","1.9","3.2","6.5","5.8","4.2","6.9","10.0","7.2","2119","713","2.2","2.2","97.5","2.1","0.0","1.3","0.0","1.3","0.0","1.3","0.0","1.3","0.3","0.6","0.0","1.3","2.2","2.2","46381","8922","42964","9845","42856","9817","N","N","967","842","20489","3577","9194","1677","(X)","(X)","N","N","15963","4596","8877","5341","54052","12461","N","N","N","N","N","N","N","N","N","N","N","N","15401","4656","17072","9348","15409","4776","-","**","-","**","-","**","-","**","N","N","-","**","17072","9348",
"1400000US26163504000","Census Tract 5040, Wayne County, Michigan","393","77","203","61","196","59","25","26","18","19","208","61","57","37","246","83","7","11","112","47","89","49","248","90","93","71","107","63","17","27","6","14","0","11","25","25","1174","273","20","19","1136","270","18","32","0","11","0","11","0","11","0","11","0","11","20","19","393","77","51.7","15.2","49.9","15.0","6.4","6.7","4.6","4.7","52.9","12.5","14.5","8.1","62.6","14.9","1.8","2.7","28.5","10.9","22.6","12.0","248","90","37.5","20.7","43.1","22.3","6.9","11.0","2.4","5.7","0.0","10.5","10.1","11.0","1174","273","1.7","1.6","96.8","3.1","1.5","2.7","0.0","2.3","0.0","2.3","0.0","2.3","0.0","2.3","0.0","2.3","1.7","1.6","34023","6661","35240","7674","34486","7023","N","N","N","N","17368","3120","9358","664","(X)","(X)","N","N","12036","3117","7990","5180","39692","8894","N","N","N","N","N","N","N","N","N","N","N","N","12639","1868","13410","5521","12631","1943","N","N","-","**","-","**","-","**","-","**","-","**","13410","5521",
"1400000US26163504100","Census Tract 5041, Wayne County, Michigan","589","187","417","181","417","181","7","9","0","11","136","43","94","52","258","66","24","27","107","36","53","30","276","76","64","31","153","69","6","8","28","26","11","14","14","22","1359","331","0","11","1359","331","0","11","0","11","0","11","0","11","0","11","0","11","0","11","589","187","70.8","11.3","70.8","11.3","1.2","1.5","0.0","4.6","23.1","10.3","16.0","9.7","43.8","17.4","4.1","4.7","18.2","8.0","9.0","5.9","276","76","23.2","11.5","55.4","17.0","2.2","3.0","10.1","9.1","4.0","5.4","5.1","7.9","1359","331","0.0","2.0","100.0","2.0","0.0","2.0","0.0","2.0","0.0","2.0","0.0","2.0","0.0","2.0","0.0","2.0","0.0","2.0","39381","8727","43875","11864","43745","11847","N","N","-","**","14598","3242","8933","602","(X)","(X)","N","N","15571","4037","6758","3919","48618","18172","N","N","N","N","N","N","N","N","N","N","N","N","17772","4168","-","**","17772","4168","-","**","-","**","-","**","-","**","-","**","-","**","-","**",
"1400000US26163504200","Census Tract 5042, Wayne County, Michigan","647","96","417","89","417","89","7","12","25","19","276","62","157","65","320","80","67","45","168","53","75","47","423","89","120","49","131","58","97","59","23","24","38","36","14","18","2200","477","63","70","2127","479","1","3","0","11","0","11","0","11","9","14","0","11","63","70","647","96","64.5","9.8","64.5","9.8","1.1","1.9","3.9","3.0","42.7","10.2","24.3","9.5","49.5","10.5","10.4","6.8","26.0","8.3","11.6","7.6","423","89","28.4","10.8","31.0","13.0","22.9","12.3","5.4","5.8","9.0","7.9","3.3","4.3","2200","477","2.9","3.3","96.7","3.4","0.0","0.1","0.0","1.2","0.0","1.2","0.0","1.2","0.4","0.7","0.0","1.2","2.9","3.3","48006","11103","43055","8097","42966","8044","N","N","4796","9733","14572","2401","12313","2713","(X)","(X)","2572","2115","39352","35401","3299","2299","56903","17020","N","N","N","N","N","N","N","N","N","N","N","N","15341","4014","4290","2565","15643","4200","N","N","-","**","-","**","-","**","N","N","-","**","4290","2565",
"1400000US26163504300","Census Tract 5043, Wayne County, Michigan","680","99","440","94","440","94","0","11","35","25","323","73","146","51","318","79","46","40","264","72","94","47","412","91","98","36","190","71","20","22","84","46","5","10","15","18","1982","416","89","96","1880","403","0","11","0","11","0","11","11","12","2","4","0","11","89","96","680","99","64.7","7.7","64.7","7.7","0.0","4.0","5.1","3.8","47.5","9.6","21.5","7.8","46.8","9.1","6.8","5.5","38.8","8.4","13.8","6.7","412","91","23.8","8.6","46.1","12.3","4.9","5.2","20.4","9.9","1.2","2.4","3.6","4.3","1982","416","4.5","4.7","94.9","4.6","0.0","1.4","0.0","1.4","0.0","1.4","0.6","0.6","0.1","0.2","0.0","1.4","4.5","4.7","55455","16309","48948","19123","48948","19123","-","**","6006","8499","19090","3618","10274","1825","(X)","(X)","2378","3925","26736","9313","12003","8054","70293","25187","N","N","N","N","N","N","N","N","N","N","N","N","19233","4151","6108","9624","19914","4323","-","**","-","**","-","**","N","N","N","N","-","**","6108","9624",
"1400000US26163504400","Census Tract 5044, Wayne County, Michigan","536","78","404","69","389","66","27","29","36","31","189","67","113","61","306","87","13","15","138","58","115","56","315","68","21","19","221","70","0","11","73","50","0","11","0","11","1526","310","27","28","1485","319","14","23","0","11","0","11","0","11","0","11","0","11","27","28","536","78","75.4","9.9","72.6","10.2","5.0","5.4","6.7","5.7","35.3","12.1","21.1","10.3","57.1","11.7","2.4","2.8","25.7","10.3","21.5","10.3","315","68","6.7","6.0","70.2","16.2","0.0","8.4","23.2","15.4","0.0","8.4","0.0","8.4","1526","310","1.8","1.9","97.3","2.9","0.9","1.6","0.0","1.8","0.0","1.8","0.0","1.8","0.0","1.8","0.0","1.8","1.8","1.9","32234","5712","21827","3987","22192","3980","N","N","4831","5034","16728","3899","10731","3476","(X)","(X)","2123","514","20811","5440","8796","2849","37961","7704","25214","14349","29878","7277","-","**","66096","13134","-","**","-","**","11632","2141","21078","6247","11419","2210","N","N","-","**","-","**","-","**","-","**","-","**","21078","6247",
"1400000US26163505100","Census Tract 5051, Wayne County, Michigan","1821","544","1164","506","1164","506","20","32","54","45","592","217","349","214","899","539","99","66","336","112","88","78","622","98","161","78","269","104","125","87","55","48","12","30","0","11","3477","723","389","209","3071","736","0","11","0","11","0","11","17","26","0","11","22","34","367","200","1821","544","63.9","13.1","63.9","13.1","1.1","1.8","3.0","2.7","32.5","12.3","19.2","11.3","49.4","17.1","5.4","3.8","18.5","8.9","4.8","4.6","622","98","25.9","11.6","43.2","14.7","20.1","13.6","8.8","8.0","1.9","4.9","0.0","4.3","3477","723","11.2","6.3","88.3","6.5","0.0","0.8","0.0","0.8","0.0","0.8","0.5","0.8","0.0","0.8","0.6","1.0","10.6","6.0","30218","8230","31348","11879","30643","11268","N","N","3715","3077","16475","3115","7547","3417","(X)","(X)","2752","1485","13457","4544","13140","9295","44394","12338","N","N","N","N","N","N","N","N","N","N","N","N","16584","3784","14233","5953","16740","4130","-","**","-","**","-","**","N","N","-","**","-","**","15087","5592",
"1400000US26163505200","Census Tract 5052, Wayne County, Michigan","1282","288","1035","293","893","178","151","221","27","26","253","82","159","69","663","277","45","41","179","75","315","136","660","265","136","61","395","248","28","36","64","58","12","19","25","25","3006","696","95","89","2785","633","5","11","0","11","25","41","96","156","0","11","117","160","74","81","1282","288","80.7","6.9","69.7","13.4","11.8","15.4","2.1","2.2","19.7","7.6","12.4","5.9","51.7","12.9","3.5","3.4","14.0","7.0","24.6","10.0","660","265","20.6","11.8","59.8","19.6","4.2","5.5","9.7","8.6","1.8","3.0","3.8","4.2","3006","696","3.2","3.1","92.6","5.3","0.2","0.4","0.0","0.9","0.8","1.3","3.2","4.9","0.0","0.9","3.9","4.9","2.5","2.8","34987","7594","31619","7968","36377","5141","N","N","1630","2231","15353","2583","6151","1388","(X)","(X)","4671","3862","17094","3690","12546","9506","32527","13078","N","N","N","N","N","N","N","N","N","N","N","N","15772","2599","10877","4939","16604","2313","-","**","-","**","N","N","-","**","-","**","N","N","11353","6424",
"1400000US26163505400","Census Tract 5054, Wayne County, Michigan","840","196","619","193","619","193","18","29","14","22","254","87","156","88","415","111","39","48","167","67","242","165","406","98","75","54","220","82","17","28","64","56","0","11","30","30","2347","562","178","169","2077","572","14","22","0","11","0","11","45","75","33","46","0","11","178","169","840","196","73.7","10.7","73.7","10.7","2.1","3.4","1.7","2.6","30.2","12.2","18.6","11.2","49.4","15.3","4.6","5.6","19.9","8.5","28.8","16.2","406","98","18.5","11.6","54.2","15.9","4.2","6.9","15.8","13.0","0.0","6.5","7.4","7.7","2347","562","7.6","7.2","88.5","8.6","0.6","1.0","0.0","1.2","0.0","1.2","1.9","3.1","1.4","2.0","0.0","1.2","7.6","7.2","36792","6603","32587","7080","32378","7047","N","N","N","N","18029","4988","11128","1596","(X)","(X)","N","N","10202","4538","11006","4259","41416","11036","N","N","N","N","N","N","N","N","N","N","N","N","14405","2352","10125","8718","14955","2463","N","N","-","**","-","**","N","N","N","N","-","**","10125","8718",
"1400000US26163505600","Census Tract 5056, Wayne County, Michigan","1609","202","1175","171","1150","169","57","44","17","15","333","104","139","76","481","134","17","19","263","90","127","68","893","202","222","143","333","109","104","73","194","79","24","37","16","25","4128","871","52","42","3981","877","0","11","0","11","0","11","44","68","51","95","6","10","52","42","1609","202","73.0","8.2","71.5","8.2","3.5","2.7","1.1","1.0","20.7","6.2","8.6","5.0","29.9","7.2","1.1","1.2","16.3","5.9","7.9","4.2","893","202","24.9","12.9","37.3","11.0","11.6","7.9","21.7","9.5","2.7","4.1","1.8","2.9","4128","871","1.3","1.1","96.4","3.0","0.0","0.7","0.0","0.7","0.0","0.7","1.1","1.6","1.2","2.3","0.1","0.2","1.3","1.1","38311","6095","43054","6722","43343","6846","13056","7620","7659","13924","17000","3881","8746","729","(X)","(X)","N","N","12741","2906","5198","1525","43528","10907","N","N","N","N","N","N","N","N","N","N","N","N","15962","3790","30738","14016","15940","3939","-","**","-","**","-","**","N","N","N","N","N","N","30738","14016",
"1400000US26163505700","Census Tract 5057, Wayne County, Michigan","1181","156","724","152","712","148","33","23","48","36","458","86","249","87","668","155","59","33","337","85","101","60","639","127","178","62","190","72","87","94","122","50","0","11","62","33","3216","525","64","44","3131","525","10","19","11","17","0","11","0","11","0","11","266","397","64","44","1181","156","61.3","8.2","60.3","8.0","2.8","2.0","4.1","2.9","38.8","7.2","21.1","6.8","56.6","7.6","5.0","2.6","28.5","6.9","8.6","5.0","639","127","27.9","8.5","29.7","11.0","13.6","12.7","19.1","8.9","0.0","4.2","9.7","5.2","3216","525","2.0","1.3","97.4","1.5","0.3","0.6","0.3","0.5","0.0","0.8","0.0","0.8","0.0","0.8","8.3","11.6","2.0","1.3","37256","4295","36971","4988","37189","5034","8758","9542","2188","3291","17196","2244","8115","1288","(X)","(X)","1707","855","18107","5195","10173","4309","48036","5790","22343","4890","44116","10480","61132","26994","60810","13442","-","**","90298","18140","14730","1931","3325","5132","14944","1998","N","N","N","N","-","**","-","**","-","**","N","N","3325","5132",
"1400000US26163505800","Census Tract 5058, Wayne County, Michigan","1208","155","834","141","825","140","26","20","81","90","306","116","224","80","585","121","37","26","131","61","209","115","842","154","207","87","463","106","10","12","152","112","0","11","10","10","3653","554","1301","324","1935","479","0","11","25","31","0","11","103","127","289","261","11","17","1301","324","1208","155","69.0","7.4","68.3","7.5","2.2","1.7","6.7","7.0","25.3","8.5","18.5","6.8","48.4","7.8","3.1","2.2","10.8","4.7","17.3","8.6","842","154","24.6","9.6","55.0","11.8","1.2","1.4","18.1","11.6","0.0","3.2","1.2","1.3","3653","554","35.6","8.6","53.0","9.2","0.0","0.7","0.7","0.8","0.0","0.7","2.8","3.4","7.9","7.0","0.3","0.5","35.6","8.6","28625","3962","29257","4297","29332","4307","7731","12497","5791","1776","15246","3149","9366","1537","(X)","(X)","3286","1774","13414","3756","5107","1626","29844","5331","N","N","N","N","N","N","N","N","N","N","N","N","9682","1320","8852","1909","11598","2003","-","**","16440","26661","-","**","4966","1204","1695","1664","N","N","8852","1909",
"1400000US26163506100","Census Tract 5061, Wayne County, Michigan","686","104","498","107","498","107","56","46","45","30","213","65","60","38","217","74","0","11","160","57","64","48","465","105","33","22","254","102","69","60","79","45","30","26","0","11","1862","327","185","127","1628","306","23","33","11","28","0","11","0","11","15","23","100","96","169","126","686","104","72.6","9.2","72.6","9.2","8.2","6.3","6.6","4.6","31.0","8.0","8.7","5.6","31.6","10.3","0.0","3.9","23.3","8.3","9.3","6.5","465","105","7.1","4.8","54.6","15.0","14.8","11.7","17.0","11.2","6.5","5.5","0.0","5.7","1862","327","9.9","6.5","87.4","6.9","1.2","1.7","0.6","1.5","0.0","1.5","0.0","1.5","0.8","1.2","5.4","4.7","9.1","6.6","46906","10211","46877","10963","44528","9481","20893","12200","2144","1377","21074","3512","15800","4506","(X)","(X)","-","**","17044","3363","8947","5297","57850","14061","47530","9438","41493","12590","114378","39869","54801","13544","85703","18296","-","**","18748","4248","40082","23267","16486","3492","N","N","20918","16038","-","**","-","**","-","**","N","N","43876","23517",
"1400000US26163506200","Census Tract 5062, Wayne County, Michigan","798","271","640","255","623","256","51","44","12","14","211","45","104","100","256","123","25","29","139","51","24","21","510","268","29","25","358","269","60","43","25","20","0","11","38","40","1986","600","58","40","1919","601","0","11","0","11","0","11","0","11","9","13","0","11","58","40","798","271","80.2","11.3","78.1","11.9","6.4","6.0","1.5","1.8","26.4","10.1","13.0","12.0","32.1","15.8","3.1","3.9","17.4","9.3","3.0","3.0","510","268","5.7","5.8","70.2","20.1","11.8","10.3","4.9","5.3","0.0","5.2","7.5","9.7","1986","600","2.9","2.2","96.6","2.4","0.0","1.4","0.0","1.4","0.0","1.4","0.0","1.4","0.5","0.7","0.0","1.4","2.9","2.2","41613","11110","41820","11834","41609","12227","16520","8880","N","N","15189","2064","7804","2607","(X)","(X)","N","N","13306","3768","15771","16245","49121","18972","25490","22617","35667","10556","68482","25357","56940","14938","-","**","158189","69164","19691","3456","36576","22363","19075","3336","-","**","-","**","-","**","-","**","N","N","-","**","36576","22363",
"1400000US26163506300","Census Tract 5063, Wayne County, Michigan","631","104","358","78","358","78","12","16","37","24","277","79","113","52","283","90","49","36","137","54","41","30","333","68","121","49","119","54","24","25","53","35","16","19","0","11","1491","226","39","25","1423","217","0","11","0","11","0","11","11","19","18","26","4","7","35","23","631","104","56.7","10.9","56.7","10.9","1.9","2.6","5.9","3.9","43.9","10.2","17.9","8.4","44.8","9.5","7.8","5.7","21.7","8.4","6.5","5.0","333","68","36.3","13.1","35.7","14.1","7.2","7.2","15.9","10.4","4.8","5.6","0.0","7.9","1491","226","2.6","1.7","95.4","2.6","0.0","1.8","0.0","1.8","0.0","1.8","0.7","1.3","1.2","1.7","0.3","0.5","2.3","1.5","34340","6180","36497","9446","36164","9502","N","N","9443","8314","14553","2901","10225","2512","(X)","(X)","1308","1398","20455","6959","4878","2800","38441","7384","N","N","N","N","N","N","N","N","N","N","N","N","15574","2563","32697","6910","15394","2660","-","**","-","**","-","**","N","N","-","**","N","N","31789","7201",
"1400000US26163506400","Census Tract 5064, Wayne County, Michigan","289","96","169","92","165","92","10","11","19","14","63","29","23","18","104","47","18","21","99","38","52","83","220","97","61","34","76","84","6","8","50","24","27","24","0","11","1991","503","528","258","1386","332","5","10","4","8","0","11","0","11","68","59","248","165","500","235","289","96","58.5","18.6","57.1","19.1","3.5","4.0","6.6","5.3","21.8","12.1","8.0","7.1","36.0","16.1","6.2","8.1","34.3","14.6","18.0","24.5","220","97","27.7","17.5","34.5","26.9","2.7","3.9","22.7","13.9","12.3","11.6","0.0","11.7","1991","503","26.5","9.1","69.6","8.9","0.3","0.5","0.2","0.4","0.0","1.4","0.0","1.4","3.4","2.8","12.5","8.8","25.1","8.1","36200","14509","43550","24869","43384","25407","N","N","N","N","18697","4194","8657","1647","(X)","(X)","N","N","11890","5804","N","N","41480","18566","N","N","N","N","N","N","N","N","N","N","N","N","9701","2826","6481","3207","11303","3844","-","**","-","**","-","**","-","**","3356","3256","8187","3255","6726","3302",
"1400000US26163506500","Census Tract 5065, Wayne County, Michigan","744","121","523","127","512","125","18","20","23","23","230","75","176","68","227","81","33","34","188","71","69","33","464","95","93","43","282","86","0","11","43","40","12","17","34","28","2030","351","98","124","1932","330","0","11","0","11","0","11","0","11","0","11","40","45","87","123","744","121","70.3","9.3","68.8","9.1","2.4","2.7","3.1","3.0","30.9","10.3","23.7","9.0","30.5","10.7","4.4","4.7","25.3","9.6","9.3","4.6","464","95","20.0","9.7","60.8","11.8","0.0","5.8","9.3","8.1","2.6","3.7","7.3","6.0","2030","351","4.8","5.9","95.2","5.9","0.0","1.3","0.0","1.3","0.0","1.3","0.0","1.3","0.0","1.3","2.0","2.3","4.3","5.8","43882","7299","43820","8481","43987","8604","N","N","774","728","18982","5644","9945","1861","(X)","(X)","3194","737","9736","4340","24070","17246","48659","9291","N","N","N","N","N","N","N","N","N","N","N","N","16906","2967","14834","5137","17011","3127","-","**","-","**","-","**","-","**","-","**","29945","2134","12574","2132",
"1400000US26163506600","Census Tract 5066, Wayne County, Michigan","1297","406","978","420","959","418","57","45","28","27","779","399","159","85","326","95","28","30","461","365","92","58","848","388","138","71","588","368","77","54","23","30","5","11","17","29","3490","907","115","123","3259","941","0","11","85","145","0","11","30","92","1","3","105","99","68","59","1297","406","75.4","11.4","73.9","11.8","4.4","3.3","2.2","2.2","60.1","13.8","12.3","8.0","25.1","11.2","2.2","2.5","35.5","19.9","7.1","4.6","848","388","16.3","10.5","69.3","15.7","9.1","7.9","2.7","4.1","0.6","1.3","2.0","3.0","3490","907","3.3","3.7","93.4","5.6","0.0","0.8","2.4","4.3","0.0","0.8","0.9","2.6","0.0","0.1","3.0","2.9","1.9","1.8","53559","22642","49660","25447","39025","13033","195486","362943","1514","2127","18611","2632","11884","3936","(X)","(X)","1343","1100","8576","7405","5177","6066","64086","32260","N","N","N","N","N","N","N","N","N","N","N","N","18713","9245","16763","21834","19137","9963","-","**","11318","1131","-","**","N","N","N","N","18376","16549","21043","17783",
"1400000US26163506700","Census Tract 5067, Wayne County, Michigan","373","67","255","64","239","63","16","16","48","26","184","54","15","17","107","55","0","11","140","54","86","51","249","64","59","41","127","54","27","34","15","15","0","11","21","22","973","221","41","38","932","218","0","11","0","11","0","11","0","11","0","11","17","20","24","31","373","67","68.4","13.3","64.1","13.6","4.3","4.2","12.9","6.5","49.3","14.3","4.0","4.5","28.7","12.5","0.0","7.1","37.5","14.2","23.1","11.4","249","64","23.7","15.4","51.0","18.3","10.8","12.6","6.0","5.7","0.0","10.4","8.4","8.8","973","221","4.2","3.8","95.8","3.8","0.0","2.8","0.0","2.8","0.0","2.8","0.0","2.8","0.0","2.8","1.7","2.0","2.5","3.2","53470","8298","53913","9898","54146","10539","N","N","3408","2684","20158","4180","10380","3894","(X)","(X)","-","**","11331","2853","6766","6116","58478","9642","N","N","N","N","N","N","N","N","N","N","N","N","22018","4148","11227","6253","22492","4274","-","**","-","**","-","**","-","**","-","**","N","N","14775","2553",
"1400000US26163506800","Census Tract 5068, Wayne County, Michigan","1637","213","1030","226","993","221","64","46","14","18","527","114","330","130","461","166","24","30","361","107","104","67","981","232","300","108","433","158","56","68","96","78","0","11","96","124","4236","873","93","102","4059","854","0","11","0","11","0","11","20","33","64","100","0","11","93","102","1637","213","62.9","9.2","60.7","9.3","3.9","2.8","0.9","1.1","32.2","7.5","20.2","7.8","28.2","9.6","1.5","1.8","22.1","6.4","6.4","4.1","981","232","30.6","10.6","44.1","12.9","5.7","6.7","9.8","8.2","0.0","2.8","9.8","11.6","4236","873","2.2","2.5","95.8","3.3","0.0","0.6","0.0","0.6","0.0","0.6","0.5","0.8","1.5","2.3","0.0","0.6","2.2","2.5","40091","6746","42271","8480","42809","8698","16084","3905","N","N","15727","2366","10109","1579","(X)","(X)","N","N","25293","7376","12296","11186","39999","7550","N","N","N","N","N","N","N","N","N","N","N","N","16412","2506","6294","13454","16798","2581","-","**","-","**","-","**","N","N","N","N","-","**","6294","13454",
"1400000US26163506900","Census Tract 5069, Wayne County, Michigan","1311","240","894","261","894","261","32","42","68","50","420","97","220","81","537","129","41","33","403","218","100","66","876","262","165","83","394","251","113","76","162","88","11","18","31","41","3792","761","57","55","3660","753","0","11","0","11","0","11","25","39","50","43","0","11","57","55","1311","240","68.2","9.4","68.2","9.4","2.4","3.2","5.2","4.0","32.0","9.2","16.8","6.8","41.0","11.7","3.1","2.6","30.7","12.5","7.6","5.1","876","262","18.8","10.5","45.0","17.7","12.9","8.9","18.5","11.1","1.3","2.2","3.5","4.8","3792","761","1.5","1.4","96.5","2.3","0.0","0.7","0.0","0.7","0.0","0.7","0.7","1.0","1.3","1.2","0.0","0.7","1.5","1.4","48912","13086","44415","6198","42477","6479","N","N","148740","268070","17175","2897","8741","958","(X)","(X)","2298","2126","9809","4694","11190","3147","47199","6987","N","N","N","N","N","N","N","N","N","N","N","N","18991","5430","38954","13298","18749","5739","-","**","-","**","-","**","N","N","N","N","-","**","38954","13298",
"1400000US26163507000","Census Tract 5070, Wayne County, Michigan","991","120","492","124","492","124","39","30","10","15","334","85","225","111","507","111","73","63","232","68","225","103","725","130","308","101","315","103","0","11","73","56","9","14","20","30","2985","654","78","51","2852","671","0","11","0","11","0","11","3","5","52","78","7","17","78","51","991","120","49.6","10.3","49.6","10.3","3.9","3.0","1.0","1.6","33.7","7.0","22.7","10.6","51.2","8.0","7.4","6.1","23.4","6.5","22.7","9.1","725","130","42.5","12.4","43.4","11.3","0.0","3.7","10.1","7.4","1.2","2.0","2.8","4.1","2985","654","2.6","1.9","95.5","3.7","0.0","0.9","0.0","0.9","0.0","0.9","0.1","0.2","1.7","2.7","0.2","0.6","2.6","1.9","36757","7555","40371","12792","39955","12660","5244","4878","N","N","21205","3377","10894","2109","(X)","(X)","1879","1756","23824","4889","3366","2497","38007","10073","N","N","N","N","N","N","N","N","N","N","N","N","13137","2776","29722","12940","12882","3004","-","**","-","**","-","**","N","N","N","N","N","N","29722","12940",
"1400000US26163507100","Census Tract 5071, Wayne County, Michigan","1024","403","495","169","453","162","140","154","292","341","227","90","126","76","509","373","12","18","171","67","133","65","528","116","178","82","93","54","107","70","143","66","7","15","0","11","2338","599","16","23","2248","616","40","60","0","11","0","11","0","11","34","38","1","3","16","23","1024","403","48.3","20.3","44.2","19.4","13.7","14.0","28.5","24.7","22.2","13.1","12.3","7.4","49.7","21.6","1.2","1.8","16.7","9.3","13.0","9.0","528","116","33.7","13.6","17.6","9.7","20.3","11.1","27.1","12.1","1.3","2.9","0.0","5.1","2338","599","0.7","1.0","96.2","4.3","1.7","2.6","0.0","1.2","0.0","1.2","0.0","1.2","1.5","1.8","0.0","0.1","0.7","1.0","32929","11454","44737","9640","43053","13470","18871","9095","5938","1104","15267","5721","11152","2253","(X)","(X)","N","N","23007","12095","7556","6191","46853","10502","N","N","N","N","N","N","N","N","N","N","N","N","15377","2918","9444","1740","15524","3134","-","**","-","**","-","**","-","**","26582","37729","N","N","9444","1740",
"1400000US26163507200","Census Tract 5072, Wayne County, Michigan","427","117","263","106","263","106","7","11","34","31","165","68","42","38","179","75","19","19","95","62","58","54","265","112","77","59","148","93","0","11","26","25","14","23","0","11","1301","559","22","17","1139","556","7","10","0","11","0","11","0","11","133","173","0","11","22","17","427","117","61.6","15.4","61.6","15.4","1.6","2.5","8.0","7.5","38.6","15.5","9.8","9.2","41.9","17.1","4.4","4.4","22.2","12.9","13.6","12.1","265","112","29.1","20.6","55.8","22.9","0.0","9.8","9.8","9.7","5.3","8.7","0.0","9.8","1301","559","1.7","1.7","87.5","13.6","0.5","0.8","0.0","2.1","0.0","2.1","0.0","2.1","10.2","13.2","0.0","2.1","1.7","1.7","40573","9675","35962","12694","36043","12673","N","N","8150","7470","24608","4594","8533","1647","(X)","(X)","674","449","28515","14028","7745","4338","54039","13100","N","N","N","N","N","N","N","N","N","N","N","N","14118","4273","10032","1993","14958","4893","N","N","-","**","-","**","-","**","7850","318","-","**","10032","1993",
"1400000US26163507300","Census Tract 5073, Wayne County, Michigan","680","115","471","120","450","117","21","34","43","31","203","53","96","69","242","95","48","44","226","63","48","34","398","103","84","48","97","57","28","25","113","81","61","54","15","16","1683","336","23","24","1641","338","0","11","0","11","0","11","0","11","19","22","22","27","17","22","680","115","69.3","10.2","66.2","10.5","3.1","4.9","6.3","4.8","29.9","8.7","14.1","8.9","35.6","12.8","7.1","6.6","33.2","10.8","7.1","5.2","398","103","21.1","11.0","24.4","14.3","7.0","6.3","28.4","17.5","15.3","12.5","3.8","4.5","1683","336","1.4","1.5","97.5","2.0","0.0","1.6","0.0","1.6","0.0","1.6","0.0","1.6","1.1","1.4","1.3","1.6","1.0","1.3","46548","7936","48328","10029","49635","10142","N","N","5860","4693","17140","3356","10445","3347","(X)","(X)","702","509","14999","4212","15250","7250","52862","10460","N","N","N","N","N","N","N","N","N","N","N","N","20440","2702","6339","3381","20720","2823","-","**","-","**","-","**","-","**","N","N","N","N","8406","2674",
"1400000US26163507400","Census Tract 5074, Wayne County, Michigan","868","140","594","135","583","132","11","19","16","25","227","88","188","93","270","119","57","43","98","64","97","68","466","135","123","60","159","79","0","11","141","90","0","11","43","66","2135","541","25","41","2052","535","21","33","0","11","0","11","32","44","5","11","48","49","25","41","868","140","68.4","9.6","67.2","9.3","1.3","2.2","1.8","2.9","26.2","9.5","21.7","10.6","31.1","12.9","6.6","4.8","11.3","7.0","11.2","7.8","466","135","26.4","12.7","34.1","14.8","0.0","5.7","30.3","16.8","0.0","5.7","9.2","13.0","2135","541","1.2","1.9","96.1","3.2","1.0","1.6","0.0","1.3","0.0","1.3","1.5","2.0","0.2","0.5","2.2","2.3","1.2","1.9","37525","8463","39884","9236","40038","9387","N","N","N","N","19105","5909","8211","1248","(X)","(X)","537","418","13626","10664","12733","7951","46030","8387","N","N","N","N","N","N","N","N","N","N","N","N","15953","3317","N","N","15655","3414","N","N","-","**","-","**","N","N","-","**","8090","2447","N","N",
"1400000US26163507500","Census Tract 5075, Wayne County, Michigan","904","126","455","97","449","97","6","9","102","69","363","70","207","87","334","92","74","47","214","62","133","57","392","88","75","37","202","75","47","43","24","22","0","11","44","34","2141","377","120","73","2021","363","0","11","0","11","0","11","0","11","0","11","0","11","120","73","904","126","50.3","8.3","49.7","8.4","0.7","1.0","11.3","6.8","40.2","7.8","22.9","8.4","36.9","8.8","8.2","4.9","23.7","6.9","14.7","6.0","392","88","19.1","9.0","51.5","12.3","12.0","10.5","6.1","5.3","0.0","6.8","11.2","9.1","2141","377","5.6","3.3","94.4","3.3","0.0","1.3","0.0","1.3","0.0","1.3","0.0","1.3","0.0","1.3","0.0","1.3","5.6","3.3","43066","12291","52813","20329","53227","20567","N","N","1121","1426","15317","2941","12354","5347","(X)","(X)","3864","3074","22165","9519","12341","10242","43521","8872","21912","9243","30782","6886","77909","33927","58921","32917","-","**","93707","14902","19732","5187","23982","11277","19479","5476","-","**","-","**","-","**","-","**","-","**","-","**","23982","11277",
"1400000US26163508000","Census Tract 5080, Wayne County, Michigan","662","167","383","167","261","76","138","146","0","11","96","43","210","74","350","83","86","43","142","148","30","26","194","54","31","26","146","57","0","11","17","17","0","11","0","11","1321","379","215","282","1076","254","0","11","0","11","0","11","13","20","17","24","0","11","215","282","662","167","57.9","14.4","39.4","12.8","20.8","17.9","0.0","4.1","14.5","6.7","31.7","11.9","52.9","15.8","13.0","6.7","21.5","17.9","4.5","4.1","194","54","16.0","13.9","75.3","17.4","0.0","13.2","8.8","8.4","0.0","13.2","0.0","13.2","1321","379","16.3","18.4","81.5","18.9","0.0","2.1","0.0","2.1","0.0","2.1","1.0","1.6","1.3","1.8","0.0","2.1","16.3","18.4","17555","3858","18652","8440","26522","6958","1604","311","-","**","8773","3151","10690","1810","(X)","(X)","1820","1789","7856","1692","3950","2363","25427","5163","N","N","N","N","N","N","N","N","N","N","N","N","9081","2355","8130","8703","8551","2030","-","**","-","**","-","**","N","N","-","**","-","**","8130","8703",
"1400000US26163508100","Census Tract 5081, Wayne County, Michigan","457","88","284","82","277","82","34","31","7","10","155","47","48","32","146","63","31","28","124","55","34","31","266","73","52","39","74","47","28","24","69","59","16","24","27","30","1382","346","223","212","1074","309","1","2","2","5","0","11","0","11","82","129","124","193","99","86","457","88","62.1","12.7","60.6","13.1","7.4","6.8","1.5","2.3","33.9","10.6","10.5","6.9","31.9","12.6","6.8","5.9","27.1","12.1","7.4","6.6","266","73","19.5","13.4","27.8","16.0","10.5","9.9","25.9","19.7","6.0","8.9","10.2","10.9","1382","346","16.1","14.6","77.7","15.7","0.1","0.2","0.1","0.4","0.0","2.0","0.0","2.0","5.9","8.9","9.0","13.3","7.2","6.4","41768","14176","44634","17199","41394","14900","35585","21990","N","N","15897","2747","8952","1353","(X)","(X)","4500","4729","18247","7800","32097","30741","57227","21424","N","N","N","N","N","N","N","N","N","N","N","N","14977","3659","16368","5399","14072","4182","N","N","N","N","-","**","-","**","23277","3086","17906","1383","14441","10155",
"1400000US26163509000","Census Tract 5090, Wayne County, Michigan","668","134","456","141","433","138","100","56","45","28","193","63","81","37","179","53","22","21","118","50","78","37","295","60","89","38","91","45","48","31","44","38","12","20","11","16","1528","293","146","67","1253","251","73","101","0","11","0","11","0","11","56","41","83","98","146","67","668","134","68.3","10.5","64.8","11.3","15.0","8.0","6.7","4.3","28.9","9.9","12.1","5.7","26.8","8.3","3.3","3.1","17.7","7.8","11.7","5.5","295","60","30.2","13.7","30.8","13.1","16.3","9.7","14.9","12.2","4.1","6.9","3.7","5.5","1528","293","9.6","4.1","82.0","7.3","4.8","6.3","0.0","1.8","0.0","1.8","0.0","1.8","3.7","2.7","5.4","6.1","9.6","4.1","60367","21474","74211","27656","75244","29077","12595","11625","3887","1471","19856","3480","7263","2544","(X)","(X)","173","23","12631","4439","5064","3017","46483","10283","N","N","N","N","N","N","N","N","N","N","N","N","27169","11377","32811","11348","20585","9287","N","N","-","**","-","**","-","**","13782","11538","N","N","32811","11348",
"1400000US26163509100","Census Tract 5091, Wayne County, Michigan","1492","264","1144","246","1117","247","53","48","85","72","392","119","108","70","689","176","110","101","140","67","113","70","948","204","149","90","408","176","15","26","180","83","87","86","109","71","5077","799","424","376","994","303","0","15","3642","878","0","15","0","15","17","27","30","43","394","374","1492","264","76.7","7.8","74.9","8.1","3.6","3.3","5.7","5.0","26.3","8.0","7.2","4.8","46.2","10.4","7.4","6.5","9.4","4.9","7.6","4.8","948","204","15.7","8.7","43.0","12.9","1.6","2.7","19.0","10.7","9.2","8.7","11.5","7.7","5077","799","8.4","7.1","19.6","7.2","0.0","0.5","71.7","10.2","0.0","0.5","0.0","0.5","0.3","0.6","0.6","0.8","7.8","7.1","42351","9111","47830","10930","48801","11116","3894","2822","3692","1983","11194","1889","9287","2339","(X)","(X)","350","159","14668","4301","5958","3639","43643","11024","N","N","N","N","N","N","N","N","N","N","N","N","13044","3004","39853","10969","13863","4378","-","**","9750","2495","-","**","-","**","N","N","N","N","40315","11693",
"1400000US26163510600","Census Tract 5106, Wayne County, Michigan","1636","271","1140","177","1129","175","43","39","101","64","413","229","315","235","655","138","57","53","151","67","65","63","1347","263","332","229","559","159","135","85","174","104","76","62","71","54","6071","879","2136","572","1264","628","0","15","2558","581","0","15","57","95","56","66","8","14","2128","573","1636","271","69.7","11.5","69.0","11.4","2.6","2.4","6.2","3.9","25.2","11.0","19.3","12.3","40.0","9.7","3.5","3.5","9.2","4.4","4.0","4.0","1347","263","24.6","13.9","41.5","11.6","10.0","6.7","12.9","7.7","5.6","4.5","5.3","4.0","6071","879","35.2","8.4","20.8","9.0","0.0","0.5","42.1","9.0","0.0","0.5","0.9","1.6","0.9","1.1","0.1","0.2","35.1","8.4","38594","6725","44742","7462","44616","7502","14749","16214","5750","3346","10831","4790","11539","2229","(X)","(X)","461","341","19317","5378","7720","3306","36793","6660","15168","7828","32958","9127","45814","19625","45879","10130","97978","25703","63192","11418","10941","1913","11542","3626","9004","4729","-","**","11581","3628","-","**","N","N","N","N","N","N","11559","3646",
"1400000US26163511200","Census Tract 5112, Wayne County, Michigan","664","185","439","191","439","191","24","31","15","14","140","52","37","34","289","147","20","24","53","30","31","29","247","58","122","61","107","57","0","11","5","8","0","11","13","15","1199","238","81","64","1106","239","12","15","0","11","0","11","0","11","0","11","0","11","81","64","664","185","66.1","13.9","66.1","13.9","3.6","4.5","2.3","2.3","21.1","8.3","5.6","5.8","43.5","18.3","3.0","3.9","8.0","5.0","4.7","4.4","247","58","49.4","20.6","43.3","20.8","0.0","10.5","2.0","3.1","0.0","10.5","5.3","6.1","1199","238","6.8","5.3","92.2","5.9","1.0","1.3","0.0","2.3","0.0","2.3","0.0","2.3","0.0","2.3","0.0","2.3","6.8","5.3","24478","8007","26808","12380","26526","12426","N","N","580","916","19089","4237","7262","2428","(X)","(X)","N","N","15998","10361","21568","11919","27311","8525","N","N","N","N","N","N","N","N","N","N","N","N","13866","3659","48306","12590","11114","2845","N","N","-","**","-","**","-","**","-","**","-","**","48306","12590",
"1400000US26163511300","Census Tract 5113, Wayne County, Michigan","864","219","602","192","587","191","50","54","27","25","232","97","143","83","546","188","66","47","111","50","57","51","583","190","154","91","311","148","46","40","51","52","0","11","21","25","2886","939","1545","899","1056","244","0","11","175","141","0","11","30","41","80","60","0","11","1545","899","864","219","69.7","11.7","67.9","11.8","5.8","6.2","3.1","2.8","26.9","10.4","16.6","8.7","63.2","10.6","7.6","5.5","12.8","6.6","6.6","5.8","583","190","26.4","14.1","53.3","14.9","7.9","6.9","8.7","8.7","0.0","4.6","3.6","4.4","2886","939","53.5","16.6","36.6","13.9","0.0","0.9","6.1","5.0","0.0","0.9","1.0","1.4","2.8","2.3","0.0","0.9","53.5","16.6","34234","7356","37160","6700","37246","7007","10142","9688","374","150","17784","2787","8968","1469","(X)","(X)","1506","1389","13578","3075","3209","2748","40104","7983","N","N","N","N","N","N","N","N","N","N","N","N","10645","2416","8447","1555","14352","5373","-","**","4913","1460","-","**","N","N","6755","3855","-","**","8447","1555",
"1400000US26163511400","Census Tract 5114, Wayne County, Michigan","886","117","518","127","502","127","82","69","61","41","266","53","199","93","369","107","73","53","136","48","96","69","347","95","75","46","116","65","86","66","70","55","0","11","0","11","2051","465","338","278","1416","326","166","241","0","11","0","11","11","18","120","96","53","52","338","278","886","117","58.5","11.1","56.7","11.4","9.3","7.5","6.9","4.7","30.0","7.0","22.5","10.4","41.6","11.6","8.2","6.0","15.3","5.6","10.8","7.7","347","95","21.6","12.6","33.4","17.8","24.8","17.0","20.2","14.1","0.0","7.6","0.0","7.6","2051","465","16.5","12.1","69.0","15.0","8.1","10.9","0.0","1.3","0.0","1.3","0.5","0.9","5.9","4.8","2.6","2.5","16.5","12.1","37134","8646","42902","11631","43312","11712","5860","6158","19634","25253","17812","4216","9846","3077","(X)","(X)","1278","650","15105","8464","6609","5365","49455","14364","28419","7807","40459","33045","81607","15630","47401","20842","-","**","-","**","16670","4165","23599","25101","17485","3050","3020","734","-","**","-","**","N","N","N","N","-","**","23599","25101",
"1400000US26163511900","Census Tract 5119, Wayne County, Michigan","873","252","495","150","495","150","52","39","36","23","182","55","96","71","276","217","22","19","304","257","109","54","164","56","16","26","78","47","6","8","59","34","5","7","0","11","1512","362","350","141","1142","374","0","11","20","16","0","11","0","11","0","11","45","51","305","135","873","252","56.7","17.8","56.7","17.8","6.0","5.0","4.1","2.9","20.8","8.5","11.0","8.2","31.6","18.6","2.5","2.2","34.8","20.9","12.5","7.6","164","56","9.8","15.7","47.6","19.4","3.7","5.1","36.0","20.6","3.0","4.4","0.0","15.4","1512","362","23.1","10.5","75.5","10.7","0.0","1.8","1.3","1.1","0.0","1.8","0.0","1.8","0.0","1.8","3.0","3.4","20.2","10.0","43443","17018","42108","13358","39884","13047","21175","14935","264819","329415","17253","7015","12936","5524","(X)","(X)","723","743","7915","4795","6831","3742","60668","17485","N","N","N","N","N","N","N","N","N","N","N","N","25851","9525","33088","9699","23357","12095","-","**","N","N","-","**","-","**","-","**","51849","22491","30320","9966",
"1400000US26163512800","Census Tract 5128, Wayne County, Michigan","904","133","453","112","453","112","10","10","8","9","261","66","171","58","512","97","35","27","91","46","38","33","377","86","183","66","145","66","5","6","21","19","18","18","5","8","2404","445","96","67","2221","427","0","11","0","11","0","11","49","80","38","44","63","82","83","57","904","133","50.1","10.1","50.1","10.1","1.1","1.1","0.9","1.0","28.9","7.4","18.9","6.6","56.6","7.9","3.9","3.0","10.1","5.2","4.2","3.4","377","86","48.5","14.7","38.5","14.2","1.3","1.6","5.6","5.2","4.8","4.6","1.3","2.0","2404","445","4.0","2.7","92.4","4.4","0.0","1.1","0.0","1.1","0.0","1.1","2.0","3.3","1.6","1.8","2.6","3.4","3.5","2.3","24186","4504","33324","6802","33127","6772","N","N","N","N","13834","2079","9727","1415","(X)","(X)","5289","1536","12124","3702","4758","3711","32182","8405","N","N","N","N","N","N","N","N","N","N","N","N","9409","2030","9601","5226","9234","2138","-","**","-","**","-","**","4894","1568","N","N","6500","3223","9193","5803",
"1400000US26163513200","Census Tract 5132, Wayne County, Michigan","595","115","406","107","397","107","26","23","45","25","222","79","43","26","197","74","24","19","117","43","68","57","328","102","69","33","104","61","79","76","51","49","17","19","8","12","1511","435","225","62","1230","436","0","11","16","16","0","11","0","11","40","31","0","11","225","62","595","115","68.2","9.4","66.7","9.5","4.4","3.8","7.6","4.2","37.3","12.7","7.2","4.6","33.1","11.4","4.0","3.3","19.7","7.5","11.4","9.1","328","102","21.0","10.6","31.7","17.1","24.1","18.3","15.5","15.0","5.2","5.7","2.4","3.5","1511","435","14.9","5.9","81.4","7.2","0.0","1.8","1.1","1.1","0.0","1.8","0.0","1.8","2.6","2.2","0.0","1.8","14.9","5.9","44863","6895","48764","7875","48699","8133","17873","11992","9776","4807","13486","2415","8298","1810","(X)","(X)","488","220","25506","11284","1603","1452","53285","9811","N","N","N","N","N","N","N","N","N","N","N","N","18738","3133","22176","7090","18004","3557","-","**","N","N","-","**","-","**","17075","19557","-","**","22176","7090",
"1400000US26163513300","Census Tract 5133, Wayne County, Michigan","1208","154","884","135","866","136","116","58","120","45","446","116","58","49","247","80","30","39","334","93","76","35","572","114","101","49","113","58","208","78","118","86","32","22","0","11","2521","357","730","275","1698","349","0","11","16","24","0","11","29","39","48","37","72","55","687","245","1208","154","73.2","7.7","71.7","7.8","9.6","4.7","9.9","3.7","36.9","8.3","4.8","4.0","20.4","6.6","2.5","3.3","27.6","6.7","6.3","3.0","572","114","17.7","8.3","19.8","9.8","36.4","13.3","20.6","12.8","5.6","4.1","0.0","4.7","2521","357","29.0","9.9","67.4","10.0","0.0","1.1","0.6","0.9","0.0","1.1","1.2","1.6","1.9","1.5","2.9","2.2","27.3","8.9","85755","13399","86032","12833","78507","11266","69524","78852","64624","67054","21602","3345","6198","2347","(X)","(X)","N","N","26554","6341","10186","5482","108493","22129","96724","102753","56413","20002","134403","23699","127567","25221","90794","52425","-","**","42970","6235","35951","9541","45760","8188","-","**","N","N","-","**","N","N","14598","17676","N","N","37810","9655",
"1400000US26163513700","Census Tract 5137, Wayne County, Michigan","1606","264","996","270","988","269","16","21","298","230","929","252","176","72","644","138","77","58","632","244","189","143","869","258","185","82","509","245","93","66","18","20","23","36","41","47","3428","661","68","57","3322","666","0","11","18","20","0","11","0","11","20","25","0","11","68","57","1606","264","62.0","8.8","61.5","8.8","1.0","1.3","18.6","12.3","57.8","10.1","11.0","4.6","40.1","10.0","4.8","3.6","39.4","11.0","11.8","8.2","869","258","21.3","11.3","58.6","15.5","10.7","7.4","2.1","2.5","2.6","4.3","4.7","5.5","3428","661","2.0","1.8","96.9","2.0","0.0","0.8","0.5","0.6","0.0","0.8","0.0","0.8","0.6","0.7","0.0","0.8","2.0","1.8","69692","14796","66759","13977","66829","14096","N","N","8649","9238","19582","2279","8069","1070","(X)","(X)","2157","1622","30875","17110","18862","7683","84913","20801","N","N","N","N","N","N","N","N","N","N","N","N","29587","6097","34122","18158","29114","6282","-","**","N","N","-","**","-","**","N","N","-","**","34122","18158",
"1400000US26163513800","Census Tract 5138, Wayne County, Michigan","1123","190","710","158","694","156","35","30","77","55","273","56","220","85","536","141","29","27","204","74","161","78","571","146","122","49","308","118","19","17","106","82","0","11","16","25","2721","455","144","68","2492","435","12","17","0","11","0","11","5","10","68","79","0","11","144","68","1123","190","63.2","9.0","61.8","9.2","3.1","2.7","6.9","4.8","24.3","5.3","19.6","6.8","47.7","9.2","2.6","2.4","18.2","6.9","14.3","6.9","571","146","21.4","9.9","53.9","13.6","3.3","3.2","18.6","12.6","0.0","4.7","2.8","4.3","2721","455","5.3","2.6","91.6","3.2","0.4","0.6","0.0","1.0","0.0","1.0","0.2","0.4","2.5","2.8","0.0","1.0","5.3","2.6","31593","5446","35730","6681","35264","6874","25566","20423","7832","3632","12650","1799","9643","1620","(X)","(X)","2379","1252","14776","5243","5275","2054","34554","7164","N","N","N","N","N","N","N","N","N","N","N","N","14019","2083","33144","9920","13172","2117","-","**","-","**","-","**","N","N","N","N","-","**","33144","9920",
"1400000US26163513900","Census Tract 5139, Wayne County, Michigan","521","109","329","119","329","119","8","11","7","12","217","75","142","67","216","99","0","11","137","69","39","42","334","91","87","51","80","62","43","37","118","77","6","8","0","11","1566","492","10","14","1511","493","0","11","0","11","0","11","0","11","45","43","0","11","10","14","521","109","63.1","15.3","63.1","15.3","1.5","2.1","1.3","2.3","41.7","15.0","27.3","11.9","41.5","16.3","0.0","5.1","26.3","12.6","7.5","7.8","334","91","26.0","17.3","24.0","17.6","12.9","10.2","35.3","17.9","1.8","2.3","0.0","7.9","1566","492","0.6","0.9","96.5","3.7","0.0","1.7","0.0","1.7","0.0","1.7","0.0","1.7","2.9","2.9","0.0","1.7","0.6","0.9","40826","14173","41605","15506","41274","15551","N","N","N","N","19926","4272","8294","1498","(X)","(X)","-","**","11086","4102","5231","5626","53057","17853","N","N","N","N","N","N","N","N","N","N","N","N","14478","2985","N","N","14194","2861","-","**","-","**","-","**","-","**","18842","31346","-","**","N","N",
"1400000US26163514100","Census Tract 5141, Wayne County, Michigan","1127","391","513","117","513","117","0","11","31","29","628","379","340","364","518","383","9","15","194","106","69","43","445","117","95","50","223","91","35","30","53","44","0","11","39","36","2673","593","61","67","2602","606","0","11","0","11","0","11","0","11","10","23","10","22","51","62","1127","391","45.5","17.0","45.5","17.0","0.0","2.4","2.8","2.9","55.7","16.4","30.2","23.8","46.0","21.3","0.8","1.3","17.2","10.4","6.1","4.3","445","117","21.3","11.2","50.1","14.1","7.9","6.6","11.9","9.4","0.0","6.0","8.8","7.6","2673","593","2.3","2.6","97.3","2.8","0.0","1.0","0.0","1.0","0.0","1.0","0.0","1.0","0.4","0.8","0.4","0.8","1.9","2.5","27571","6939","37831","6536","37831","6536","-","**","5610","1026","10820","4424","6879","3712","(X)","(X)","N","N","8566","4661","9959","7643","38574","7971","N","N","N","N","N","N","N","N","N","N","N","N","12499","2527","18184","14096","12411","2538","-","**","-","**","-","**","-","**","N","N","-","**","21749","12315",
"1400000US26163514200","Census Tract 5142, Wayne County, Michigan","1005","288","667","282","667","282","120","184","7","11","405","116","169","79","372","163","43","37","237","98","333","248","513","191","98","74","302","166","47","54","33","34","10","18","23","26","2206","572","168","196","2038","534","0","11","0","11","0","11","0","11","0","11","51","80","168","196","1005","288","66.4","12.8","66.4","12.8","11.9","16.5","0.7","1.1","40.3","13.6","16.8","8.6","37.0","14.0","4.3","3.6","23.6","10.8","33.1","17.2","513","191","19.1","14.3","58.9","17.5","9.2","10.0","6.4","7.3","1.9","3.6","4.5","5.3","2206","572","7.6","8.5","92.4","8.5","0.0","1.2","0.0","1.2","0.0","1.2","0.0","1.2","0.0","1.2","2.3","3.8","7.6","8.5","50662","16940","54183","23981","41563","21694","N","N","N","N","13680","2387","10301","1709","(X)","(X)","5605","2723","23008","12772","5317","2953","44756","14660","N","N","N","N","N","N","N","N","N","N","N","N","24792","9472","76929","31410","20495","7903","-","**","-","**","-","**","-","**","-","**","N","N","76929","31410",
"1400000US26163514300","Census Tract 5143, Wayne County, Michigan","1008","159","494","113","469","115","35","32","32","28","409","87","286","114","502","159","36","31","228","119","97","78","529","139","183","104","215","83","11","18","89","60","15","23","16","22","2831","689","123","69","2702","693","1","3","0","11","0","11","0","11","5","12","10","18","113","66","1008","159","49.0","9.0","46.5","9.3","3.5","3.3","3.2","2.8","40.6","9.3","28.4","10.2","49.8","10.7","3.6","3.2","22.6","10.5","9.6","7.1","529","139","34.6","15.1","40.6","14.5","2.1","3.6","16.8","11.2","2.8","4.4","3.0","4.1","2831","689","4.3","2.7","95.4","2.7","0.0","0.1","0.0","1.0","0.0","1.0","0.0","1.0","0.2","0.4","0.4","0.7","4.0","2.6","27185","4906","33417","7621","34052","7386","15354","20314","1888","3409","16194","2318","5806","1945","(X)","(X)","814","711","8824","2504","5247","3751","31739","7999","N","N","N","N","N","N","N","N","N","N","N","N","11302","2497","15613","11137","11090","2579","N","N","-","**","-","**","-","**","N","N","N","N","12767","7912",
"1400000US26163514500","Census Tract 5145, Wayne County, Michigan","472","216","314","212","300","213","22","26","165","204","157","59","46","38","155","68","0","11","76","47","13","14","155","53","65","48","66","38","6","10","6","9","6","11","6","11","911","248","0","11","911","248","0","11","0","11","0","11","0","11","0","11","0","11","0","11","472","216","66.5","18.6","63.6","20.5","4.7","6.0","35.0","29.2","33.3","18.9","9.7","9.1","32.8","19.6","0.0","5.7","16.1","12.1","2.8","3.3","155","53","41.9","24.0","42.6","22.9","3.9","6.6","3.9","5.9","3.9","7.0","3.9","7.3","911","248","0.0","3.0","100.0","3.0","0.0","3.0","0.0","3.0","0.0","3.0","0.0","3.0","0.0","3.0","0.0","3.0","0.0","3.0","43097","13966","45517","17424","47144","16824","N","N","3627","851","21355","3422","4533","2470","(X)","(X)","-","**","20361","7899","N","N","45566","12146","N","N","N","N","N","N","N","N","N","N","N","N","23111","11693","-","**","23111","11693","-","**","-","**","-","**","-","**","-","**","-","**","-","**",
"1400000US26163515200","Census Tract 5152, Wayne County, Michigan","579","149","307","87","307","87","29","37","6","10","292","133","92","69","219","98","14","18","145","119","56","55","238","85","146","76","34","19","31","30","19","30","8","12","0","11","1706","430","396","232","1304","367","0","11","6","10","0","11","0","11","0","11","118","167","278","145","579","149","53.0","14.5","53.0","14.5","5.0","6.5","1.0","1.7","50.4","14.1","15.9","11.6","37.8","16.6","2.4","3.2","25.0","16.4","9.7","9.5","238","85","61.3","19.0","14.3","9.1","13.0","12.1","8.0","12.3","3.4","4.8","0.0","10.9","1706","430","23.2","11.7","76.4","11.7","0.0","1.6","0.4","0.6","0.0","1.6","0.0","1.6","0.0","1.6","6.9","9.2","16.3","7.9","39594","12203","51373","19413","50405","19350","N","N","N","N","13634","2453","14421","4779","(X)","(X)","N","N","11306","10640","3284","802","32342","14213","N","N","N","N","N","N","N","N","N","N","N","N","17030","4354","23907","12130","14950","3808","-","**","N","N","-","**","-","**","-","**","12558","5055","28724","19078",
"1400000US26163515300","Census Tract 5153, Wayne County, Michigan","1880","243","792","156","729","144","139","63","132","62","675","209","513","140","855","159","81","59","269","180","163","103","391","100","130","68","117","66","85","65","59","38","0","11","0","11","3261","446","872","247","2127","366","16","28","22","25","0","11","40","41","184","149","62","46","845","246","1880","243","42.1","7.3","38.8","6.4","7.4","3.4","7.0","3.3","35.9","8.2","27.3","8.1","45.5","7.7","4.3","3.2","14.3","8.5","8.7","5.3","391","100","33.2","15.8","29.9","16.3","21.7","13.7","15.1","9.4","0.0","6.8","0.0","6.8","3261","446","26.7","6.6","65.2","8.5","0.5","0.9","0.7","0.8","0.0","0.8","1.2","1.3","5.6","4.3","1.9","1.4","25.9","6.7","38296","5702","64387","10312","66125","11216","20069","8968","9735","7582","10247","2128","8814","1203","(X)","(X)","1388","1124","22646","14273","12718","5332","63603","15253","33778","20082","50322","21173","126066","24606","65666","35901","-","**","-","**","24776","3164","37131","6855","19174","2855","-","**","N","N","-","**","15608","5778","30690","10360","25890","15353","36980","7064",
"1400000US26163515400","Census Tract 5154, Wayne County, Michigan","793","120","676","129","650","133","152","78","153","43","212","37","17","16","23","21","3","9","159","40","142","99","385","88","39","26","101","68","177","51","44","51","7","11","17","18","1759","326","1139","284","542","138","22","22","18","19","0","11","7","9","31","32","12","13","1135","283","793","120","85.2","5.4","82.0","6.4","19.2","9.1","19.3","5.8","26.7","5.9","2.1","2.0","2.9","2.6","0.4","1.1","20.1","5.4","17.9","10.3","385","88","10.1","7.3","26.2","14.8","46.0","14.2","11.4","12.2","1.8","2.8","4.4","4.6","1759","326","64.8","7.6","30.8","7.2","1.3","1.3","1.0","1.1","0.0","1.5","0.4","0.6","1.8","1.7","0.7","0.7","64.5","7.6","114011","13284","108963","14796","106748","14150","28111","17497","29446","22948","26438","5579","7471","6016","(X)","(X)","N","N","34226","9749","7548","2593","158378","22633","N","N","N","N","N","N","N","N","N","N","N","N","52394","5293","57395","6967","44496","6782","N","N","N","N","-","**","N","N","N","N","N","N","57484","6981",
"1400000US26163515700","Census Tract 5157, Wayne County, Michigan","2804","483","1400","374","1380","375","71","56","312","146","1165","336","338","276","490","251","46","73","815","247","258","146","418","161","190","133","69","56","134","69","25","40","0","11","0","11","3456","538","746","245","2637","569","0","11","0","11","0","11","20","31","53","40","58","69","708","238","2804","483","49.9","11.5","49.2","11.6","2.5","2.0","11.1","5.5","41.5","10.7","12.1","9.3","17.5","8.8","1.6","2.6","29.1","9.3","9.2","5.4","418","161","45.5","22.7","16.5","11.8","32.1","16.5","6.0","9.7","0.0","6.4","0.0","6.4","3456","538","21.6","7.5","76.3","7.6","0.0","0.8","0.0","0.8","0.0","0.8","0.6","0.9","1.5","1.2","1.7","2.1","20.5","7.3","52890","11119","68279","19521","66251","19139","58662","30764","13111","8550","16133","2877","13688","4566","(X)","(X)","N","N","24712","8341","18710","10253","106945","30218","N","N","N","N","N","N","N","N","N","N","N","N","43532","8449","49699","9282","41030","10666","-","**","-","**","-","**","N","N","96725","45117","N","N","50824","9696",
"1400000US26163516000","Census Tract 5160, Wayne County, Michigan","864","170","669","166","655","171","53","40","27","22","345","146","170","94","294","143","14","21","205","112","166","112","571","198","76","48","294","151","97","67","77","68","15","31","12","17","2497","708","333","147","1957","690","0","11","21","33","0","11","13","20","173","251","22","22","323","148","864","170","77.4","8.6","75.8","9.3","6.1","5.1","3.1","2.7","39.9","11.6","19.7","9.7","34.0","14.2","1.6","2.5","23.7","10.6","19.2","11.1","571","198","13.3","8.3","51.5","15.3","17.0","11.1","13.5","11.1","2.6","5.3","2.1","3.1","2497","708","13.3","7.0","78.4","11.4","0.0","1.1","0.8","1.4","0.0","1.1","0.5","0.8","6.9","9.5","0.9","0.9","12.9","7.0","50181","9153","44047","8244","44308","8415","8411","10429","4444","5687","18999","3952","7930","2812","(X)","(X)","N","N","11626","2529","20763","11995","57514","12439","N","N","N","N","N","N","N","N","N","N","N","N","18859","3552","31092","7122","17806","3852","-","**","N","N","-","**","N","N","7301","3148","13386","9745","31916","7305",
"1400000US26163516400","Census Tract 5164, Wayne County, Michigan","503","161","352","165","343","164","31","27","33","34","165","86","106","75","179","95","18","18","79","52","11","17","227","61","103","71","35","30","11","12","78","61","0","11","0","11","1027","277","173","105","784","219","9","15","0","11","0","11","0","11","61","69","11","18","173","105","503","161","70.0","17.3","68.2","17.5","6.2","5.0","6.6","6.9","32.8","17.6","21.1","14.9","35.6","17.1","3.6","3.7","15.7","10.8","2.2","3.4","227","61","45.4","27.4","15.4","12.6","4.8","4.9","34.4","27.4","0.0","11.4","0.0","11.4","1027","277","16.8","8.6","76.3","13.0","0.9","1.4","0.0","2.6","0.0","2.6","0.0","2.6","5.9","5.8","1.1","1.8","16.8","8.6","53523","16041","56229","20109","52815","18219","54100","42589","9579","9774","18291","6303","10674","4146","(X)","(X)","N","N","24167","13538","N","N","67228","19845","N","N","N","N","N","N","N","N","N","N","N","N","27673","6976","52398","25445","23224","5582","N","N","-","**","-","**","-","**","9695","22674","N","N","52398","25445",
"1400000US26163516500","Census Tract 5165, Wayne County, Michigan","1364","186","1081","189","1051","183","93","48","181","63","293","100","31","31","137","70","57","58","207","54","75","46","350","148","39","30","111","53","163","125","37","29","0","11","0","11","2085","380","822","289","1111","254","0","11","91","75","0","11","29","25","32","29","29","21","807","289","1364","186","79.3","7.2","77.1","7.2","6.8","3.4","13.3","4.9","21.5","6.9","2.3","2.3","10.0","4.9","4.2","4.1","15.2","4.4","5.5","3.3","350","148","11.1","9.2","31.7","14.7","46.6","19.5","10.6","8.5","0.0","7.6","0.0","7.6","2085","380","39.4","9.9","53.3","10.2","0.0","1.3","4.4","3.5","0.0","1.3","1.4","1.2","1.5","1.4","1.4","1.0","38.7","10.0","84364","15080","93287","16581","94496","17266","16420","10181","18374","14234","17160","3940","6203","1443","(X)","(X)","1454","886","21870","5322","14308","8073","131701","28139","64331","24800","106996","37931","181036","26499","59489","22479","-","**","-","**","56123","9325","77742","14703","41767","8982","-","**","46526","19441","-","**","N","N","66097","26850","63424","20269","77750","14957",
"1400000US26163516600","Census Tract 5166, Wayne County, Michigan","1250","284","896","249","880","251","94","84","65","58","303","70","327","198","473","214","169","147","132","74","171","105","539","151","67","70","383","145","26","34","63","55","0","11","0","11","2478","603","69","67","2342","595","31","46","6","10","0","11","21","24","9","18","21","24","69","67","1250","284","71.7","13.1","70.4","13.2","7.5","6.6","5.2","4.6","24.2","7.0","26.2","13.7","37.8","14.4","13.5","10.6","10.6","6.3","13.7","8.0","539","151","12.4","12.3","71.1","14.9","4.8","6.7","11.7","10.4","0.0","5.0","0.0","5.0","2478","603","2.8","2.7","94.5","4.4","1.3","1.8","0.2","0.4","0.0","1.1","0.8","1.0","0.4","0.7","0.8","1.0","2.8","2.7","33718","13075","32754","16348","33194","16850","1456","4610","19597","18151","16048","4681","9491","891","(X)","(X)","1683","844","13566","7592","8685","8558","27358","8811","N","N","N","N","N","N","N","N","N","N","N","N","17147","7226","12957","8699","17136","7637","N","N","N","N","-","**","N","N","N","N","N","N","12957","8699",
"1400000US26163516700","Census Tract 5167, Wayne County, Michigan","1697","284","930","261","930","261","104","79","18","24","706","124","335","145","820","294","86","71","365","99","176","94","817","266","174","95","464","158","16","18","133","215","0","11","30","38","3184","698","10","16","3083","723","0","11","32","42","0","11","0","11","59","63","0","11","10","16","1697","284","54.8","9.6","54.8","9.6","6.1","4.8","1.1","1.5","41.6","8.7","19.7","8.0","48.3","11.7","5.1","4.4","21.5","6.8","10.4","5.6","817","266","21.3","11.9","56.8","21.3","2.0","2.4","16.3","22.6","0.0","3.3","3.7","4.8","3184","698","0.3","0.5","96.8","3.5","0.0","0.9","1.0","1.4","0.0","0.9","0.0","0.9","1.9","2.1","0.0","0.9","0.3","0.5","43382","10439","58368","17487","53771","17602","41109","17932","N","N","11726","2081","10197","1986","(X)","(X)","1199","575","14648","5078","12189","13437","49272","19873","N","N","N","N","N","N","N","N","N","N","N","N","25617","6269","N","N","23546","6429","-","**","N","N","-","**","-","**","N","N","-","**","N","N",
"1400000US26163516800","Census Tract 5168, Wayne County, Michigan","286","69","222","71","202","67","53","43","0","11","105","49","16","16","136","66","15","22","85","42","25","26","145","62","12","15","98","53","0","11","14","22","5","8","16","26","996","453","209","140","780","438","0","11","0","11","0","11","6","14","1","3","6","9","209","140","286","69","77.6","12.7","70.6","14.3","18.5","14.3","0.0","9.2","36.7","16.9","5.6","5.9","47.6","16.3","5.2","7.5","29.7","12.4","8.7","9.2","145","62","8.3","10.8","67.6","22.6","0.0","17.2","9.7","14.9","3.4","6.1","11.0","16.9","996","453","21.0","15.0","78.3","14.9","0.0","2.7","0.0","2.7","0.0","2.7","0.6","1.5","0.1","0.3","0.6","0.9","21.0","15.0","36088","8500","36246","9978","34806","10296","19164","24874","-","**","12168","2049","N","N","(X)","(X)","N","N","5466","1808","7692","2514","42272","14817","N","N","N","N","N","N","N","N","N","N","N","N","11474","4883","11528","3133","11357","6354","-","**","-","**","-","**","N","N","N","N","N","N","11528","3133",
"1400000US26163516900","Census Tract 5169, Wayne County, Michigan","1388","194","637","190","637","190","63","57","114","48","669","133","147","80","452","169","124","84","426","97","109","75","248","84","64","47","67","43","18","16","54","56","42","41","3","7","2012","490","162","94","1762","485","0","11","0","11","0","11","0","11","88","78","0","11","162","94","1388","194","45.9","9.7","45.9","9.7","4.5","3.9","8.2","3.4","48.2","9.1","10.6","5.5","32.6","9.9","8.9","5.8","30.7","7.5","7.9","5.0","248","84","25.8","17.0","27.0","15.9","7.3","7.0","21.8","19.3","16.9","17.2","1.2","2.8","2012","490","8.1","4.8","87.6","6.2","0.0","1.4","0.0","1.4","0.0","1.4","0.0","1.4","4.4","3.9","0.0","1.4","8.1","4.8","39783","5757","45983","10732","43538","10148","24727","17035","7275","7272","16148","1959","8129","2190","(X)","(X)","2461","921","25152","4623","19084","15498","87193","22370","N","N","N","N","N","N","N","N","N","N","N","N","28660","4121","37124","19996","27255","3949","-","**","-","**","-","**","-","**","41215","20775","-","**","37124","19996",
"1400000US26163517000","Census Tract 5170, Wayne County, Michigan","2365","266","1813","247","1753","248","229","96","360","121","484","139","49","49","82","61","29","44","394","112","80","67","373","133","20","18","105","67","248","128","0","11","0","11","0","11","3261","456","1431","389","1288","247","0","11","447","218","0","11","11","18","84","66","65","42","1383","400","2365","266","76.7","5.6","74.1","5.9","9.7","4.1","15.2","5.1","20.5","5.6","2.1","2.1","3.5","2.6","1.2","1.9","16.7","4.9","3.4","2.8","373","133","5.4","5.2","28.2","18.0","66.5","18.0","0.0","7.1","0.0","7.1","0.0","7.1","3261","456","43.9","8.7","39.5","7.4","0.0","0.8","13.7","6.3","0.0","0.8","0.3","0.5","2.6","2.1","2.0","1.4","42.4","9.0","65608","8019","70048","9221","69649","8964","21407","10757","7821","4789","19124","2414","10890","4738","(X)","(X)","N","N","38267","6505","5951","4571","124407","22800","N","N","N","N","N","N","N","N","N","N","N","N","48011","4618","51471","7687","43762","5153","-","**","50997","20991","-","**","-","**","44621","12544","31291","20302","51896","7865",
"1400000US26163517100","Census Tract 5171, Wayne County, Michigan","889","228","513","95","495","97","113","46","132","53","382","189","44","32","82","56","64","53","356","186","41","26","160","52","38","22","48","27","52","37","22","26","0","11","0","11","1246","280","469","137","725","226","5","8","28","21","0","11","0","11","19","17","23","24","446","140","889","228","57.7","13.0","55.7","12.6","12.7","5.3","14.8","5.5","43.0","12.8","4.9","3.7","9.2","6.3","7.2","6.0","40.0","13.0","4.6","3.1","160","52","23.8","13.4","30.0","17.1","32.5","18.1","13.8","15.3","0.0","15.7","0.0","15.7","1246","280","37.6","9.5","58.2","9.4","0.4","0.6","2.2","1.8","0.0","2.2","0.0","2.2","1.5","1.4","1.8","1.9","35.8","9.8","65819","11297","72064","14733","72104","15473","11304","7848","12452","8441","25846","6349","10800","6368","(X)","(X)","4095","2854","22573","8299","30600","23785","137737","40491","N","N","N","N","N","N","N","N","N","N","N","N","47770","8335","51162","17139","42588","8256","N","N","104064","46316","-","**","-","**","N","N","N","N","50778","17870",
"1400000US26163517200","Census Tract 5172, Wayne County, Michigan","927","128","830","127","830","127","50","35","80","40","66","43","62","43","19","16","6","9","72","44","79","91","94","41","0","11","26","21","66","34","2","6","0","11","0","11","2371","195","1030","156","1051","170","14","26","125","68","0","11","63","67","88","56","168","73","950","147","927","128","89.5","5.7","89.5","5.7","5.4","3.8","8.6","4.3","7.1","4.5","6.7","4.7","2.0","1.7","0.6","1.0","7.8","4.7","8.5","9.0","94","41","0.0","25.0","27.7","18.6","70.2","18.7","2.1","6.6","0.0","25.0","0.0","25.0","2371","195","43.4","6.0","44.3","6.6","0.6","1.1","5.3","2.9","0.0","1.2","2.7","2.7","3.7","2.3","7.1","2.9","40.1","5.7","88244","17286","91553","18286","90881","18377","11148","15786","18660","14390","20129","4029","7606","2377","(X)","(X)","N","N","15079","4878","17785","19517","177024","52791","N","N","N","N","N","N","N","N","N","N","N","N","44147","9779","57000","10000","29769","18445","N","N","68690","13421","-","**","43808","40918","35888","20789","37552","16959","58104","10439",
"1400000US26163517300","Census Tract 5173, Wayne County, Michigan","1351","187","875","181","870","182","84","74","139","48","368","79","124","58","531","109","44","40","92","44","66","52","476","123","142","68","191","78","94","72","41","31","0","11","8","12","2607","417","867","280","1652","321","0","11","20","17","0","11","17","25","51","28","0","11","867","280","1351","187","64.8","7.7","64.4","7.7","6.2","5.3","10.3","3.8","27.2","6.3","9.2","4.3","39.3","7.5","3.3","3.0","6.8","3.3","4.9","3.7","476","123","29.8","12.7","40.1","13.7","19.7","12.9","8.6","6.3","0.0","5.6","1.7","2.4","2607","417","33.3","8.6","63.4","8.6","0.0","1.0","0.8","0.7","0.0","1.0","0.7","1.0","2.0","1.1","0.0","1.0","33.3","8.6","69113","15124","96521","23182","96301","23055","8027","2674","8242","6613","11091","953","7165","1518","(X)","(X)","5709","1879","21322","9480","8902","8229","70010","28108","N","N","N","N","N","N","N","N","N","N","N","N","36824","9118","76155","25400","16069","3801","-","**","61425","40295","-","**","-","**","43120","24419","-","**","76155","25400",
"1400000US26163517500","Census Tract 5175, Wayne County, Michigan","1882","272","680","143","670","142","34","31","43","28","666","117","571","256","970","258","109","62","200","71","136","67","317","78","129","73","111","69","59","44","18","28","0","11","0","11","2694","359","492","249","1874","272","0","11","248","140","0","11","23","33","57","48","43","43","484","248","1882","272","36.1","7.5","35.6","7.4","1.8","1.7","2.3","1.5","35.4","8.3","30.3","10.3","51.5","8.7","5.8","3.4","10.6","4.1","7.2","3.6","317","78","40.7","22.3","35.0","18.8","18.6","13.2","5.7","8.6","0.0","8.3","0.0","8.3","2694","359","18.3","8.0","69.6","8.4","0.0","1.0","9.2","5.0","0.0","1.0","0.9","1.2","2.1","1.8","1.6","1.6","18.0","7.9","23017","4618","39962","10667","35440","9055","100853","112563","4251","6804","11256","1872","7937","765","(X)","(X)","1312","563","9791","2986","13460","5415","36712","11375","N","N","N","N","N","N","N","N","N","N","N","N","16886","3213","27666","17438","13047","2557","-","**","26061","11330","-","**","-","**","16960","7779","9493","2526","28039","17751",
"1400000US26163518000","Census Tract 5180, Wayne County, Michigan","1466","322","1097","306","1097","306","116","129","115","58","330","154","113","64","267","121","21","21","292","154","98","59","355","108","14","19","100","61","124","67","55","52","42","41","20","28","2872","468","1043","369","1426","378","0","11","303","174","0","11","17","23","83","71","76","48","1026","368","1466","322","74.8","9.8","74.8","9.8","7.9","8.3","7.8","4.1","22.5","10.4","7.7","4.6","18.2","8.6","1.4","1.5","19.9","10.0","6.7","4.4","355","108","3.9","5.1","28.2","13.8","34.9","16.4","15.5","13.1","11.8","11.5","5.6","8.5","2872","468","36.3","10.0","49.7","10.9","0.0","1.0","10.6","6.0","0.0","1.0","0.6","0.8","2.9","2.6","2.6","1.7","35.7","10.0","58303","13419","60125","13332","57240","12811","27277","45705","48760","115828","16257","4430","8788","906","(X)","(X)","133","49","23323","7992","7519","2937","116818","40147","N","N","N","N","N","N","N","N","N","N","N","N","31320","6724","39917","18107","25901","3416","-","**","32070","7305","-","**","N","N","17767","6033","27532","19184","40471","18447",
"1400000US26163518900","Census Tract 5189, Wayne County, Michigan","889","145","391","84","391","84","24","26","58","33","383","129","259","88","356","85","74","41","183","74","55","33","397","123","159","123","199","51","9","13","11","14","0","11","19","24","1903","321","64","59","1803","324","7","11","0","11","0","11","19","28","10","11","12","18","64","59","889","145","44.0","9.9","44.0","9.9","2.7","2.9","6.5","3.7","43.1","10.4","29.1","9.4","40.0","9.9","8.3","4.9","20.6","8.3","6.2","3.6","397","123","40.1","20.3","50.1","18.9","2.3","3.2","2.8","3.6","0.0","6.7","4.8","6.3","1903","321","3.4","3.2","94.7","3.8","0.4","0.6","0.0","1.4","0.0","1.4","1.0","1.5","0.5","0.6","0.6","1.0","3.4","3.2","33273","6862","41849","12145","40064","11662","N","N","17674","15001","14214","3700","10108","1810","(X)","(X)","3634","1760","15990","4342","17002","9742","40370","12422","N","N","N","N","N","N","N","N","N","N","N","N","16386","3756","75456","46780","13959","3171","N","N","-","**","-","**","N","N","N","N","N","N","75456","46780",
"1400000US26163519000","Census Tract 5190, Wayne County, Michigan","428","73","228","68","224","68","13","16","24","23","189","45","58","28","126","50","50","32","122","38","11","11","157","42","75","34","47","37","5","8","21","22","0","11","9","13","869","181","133","69","706","174","11","17","0","11","0","11","0","11","19","22","3","6","130","69","428","73","53.3","11.6","52.3","11.9","3.0","3.6","5.6","5.3","44.2","9.1","13.6","6.5","29.4","9.7","11.7","6.8","28.5","8.6","2.6","2.7","157","42","47.8","20.7","29.9","21.0","3.2","4.6","13.4","13.5","0.0","16.0","5.7","8.3","869","181","15.3","7.5","81.2","9.6","1.3","1.9","0.0","3.1","0.0","3.1","0.0","3.1","2.2","2.5","0.3","0.7","15.0","7.6","39208","6965","44269","9681","44440","9629","N","N","563","398","18295","4852","10305","2944","(X)","(X)","3334","1821","17621","6924","N","N","46151","12196","N","N","N","N","N","N","N","N","N","N","N","N","20465","3991","26659","10706","19052","4174","N","N","-","**","-","**","-","**","13363","4619","N","N","27102","11012",
"1400000US26163519100","Census Tract 5191, Wayne County, Michigan","461","77","299","69","275","65","28","26","54","43","135","41","97","50","184","47","26","26","94","40","40","30","203","62","49","21","96","49","41","39","0","11","13","16","4","7","1245","325","198","80","927","303","10","12","85","98","0","11","5","7","20","19","31","34","186","75","461","77","64.9","9.5","59.7","10.0","6.1","5.5","11.7","8.7","29.3","8.7","21.0","10.5","39.9","9.5","5.6","5.6","20.4","8.0","8.7","6.5","203","62","24.1","12.2","47.3","18.1","20.2","16.7","0.0","12.6","6.4","7.2","2.0","3.8","1245","325","15.9","7.2","74.5","10.6","0.8","0.9","6.8","7.8","0.0","2.2","0.4","0.5","1.6","1.5","2.5","2.7","14.9","6.7","41774","11804","47097","16443","50491","17898","7032","4055","4083","4844","16586","3598","9342","2104","(X)","(X)","1104","1131","13497","4425","12815","14569","59974","21281","N","N","N","N","N","N","N","N","N","N","N","N","16966","3999","15935","7469","14926","3052","N","N","N","N","-","**","N","N","33370","19393","36655","28737","11732","4444",
"1400000US26163519200","Census Tract 5192, Wayne County, Michigan","645","113","340","99","329","98","16","20","17","24","229","55","123","57","201","66","20","23","143","41","49","36","299","64","97","50","129","57","0","11","38","32","12","20","23","22","1685","387","125","167","1419","222","1","4","137","167","0","11","0","11","3","6","4","7","125","167","645","113","52.7","12.7","51.0","12.6","2.5","3.2","2.6","3.8","35.5","10.2","19.1","9.0","31.2","10.0","3.1","3.6","22.2","7.7","7.6","5.4","299","64","32.4","15.1","43.1","15.5","0.0","8.8","12.7","9.8","4.0","6.6","7.7","7.9","1685","387","7.4","8.7","84.2","17.2","0.1","0.2","8.1","8.8","0.0","1.6","0.0","1.6","0.2","0.4","0.2","0.4","7.4","8.7","31813","6936","43620","10802","44942","10747","N","N","N","N","9978","2172","10737","1790","(X)","(X)","N","N","11727","4621","4802","4346","40668","10084","N","N","N","N","N","N","N","N","N","N","N","N","13750","3866","722","2986","16178","3142","-","**","-","**","-","**","-","**","N","N","N","N","722","2986",
"1400000US26163519300","Census Tract 5193, Wayne County, Michigan","489","101","325","101","305","100","20","28","8","10","148","46","72","33","237","64","76","52","73","27","64","42","200","50","58","32","100","34","27","26","15","12","0","11","0","11","1442","391","321","283","1064","265","0","11","0","11","0","11","41","66","16","16","8","19","313","276","489","101","66.5","10.6","62.4","12.1","4.1","5.5","1.6","2.1","30.3","10.4","14.7","6.8","48.5","11.7","15.5","10.3","14.9","5.7","13.1","8.7","200","50","29.0","14.1","50.0","13.6","13.5","12.5","7.5","5.6","0.0","12.8","0.0","12.8","1442","391","22.3","16.1","73.8","16.0","0.0","1.9","0.0","1.9","0.0","1.9","2.8","4.5","1.1","1.2","0.6","1.3","21.7","15.8","36493","6664","38081","8071","40049","8406","N","N","N","N","14686","2231","7426","1354","(X)","(X)","1670","961","23363","14121","14075","9701","48249","12560","31964","20519","44236","17815","100563","14333","43800","56783","-","**","-","**","14692","3094","16460","5086","14414","3607","-","**","-","**","-","**","-","**","N","N","N","N","16746","4732",
"1400000US26163520200","Census Tract 5202, Wayne County, Michigan","988","155","877","162","877","162","25","19","87","47","48","23","8","12","53","35","12","19","16","15","17","18","129","40","19","21","42","24","53","29","15","15","0","11","0","11","3022","392","1848","287","376","169","0","11","651","222","0","11","33","41","114","72","222","130","1710","262","988","155","88.8","5.4","88.8","5.4","2.5","2.0","8.8","4.8","4.9","2.6","0.8","1.2","5.4","3.6","1.2","2.0","1.6","1.5","1.7","1.8","129","40","14.7","15.5","32.6","16.5","41.1","17.0","11.6","12.3","0.0","19.1","0.0","19.1","3022","392","61.2","8.1","12.4","5.0","0.0","0.9","21.5","6.4","0.0","0.9","1.1","1.3","3.8","2.4","7.3","3.9","56.6","8.3","44169","10729","47475","11834","47035","11841","15420","20249","2244","1811","23981","7346","N","N","(X)","(X)","N","N","13538","7507","N","N","36795","9799","N","N","N","N","N","N","N","N","N","N","N","N","20209","6551","15601","3152","30861","37842","-","**","29060","17174","-","**","N","N","13704","9821","24427","13890","14726","3039",
"1400000US26163520300","Census Tract 5203, Wayne County, Michigan","1266","260","1014","253","1014","253","231","221","89","58","114","47","61","64","151","81","9","14","74","54","69","51","272","223","25","40","31","37","216","216","0","11","0","11","0","11","2718","553","1468","448","449","147","0","11","683","247","14","29","19","24","85","50","125","82","1366","444","1266","260","80.1","8.0","80.1","8.0","18.2","15.1","7.0","4.6","9.0","4.0","4.8","5.1","11.9","6.1","0.7","1.1","5.8","4.2","5.5","4.0","272","223","9.2","17.0","11.4","17.6","79.4","26.7","0.0","9.6","0.0","9.6","0.0","9.6","2718","553","54.0","9.3","16.5","5.7","0.0","1.0","25.1","7.6","0.5","1.1","0.7","0.9","3.1","2.1","4.6","3.2","50.3","9.2","64770","11805","71902","8643","67673","8527","18566","10416","56756","60162","15104","3376","6767","3380","(X)","(X)","N","N","21509","14484","4249","2082","107460","50170","N","N","N","N","N","N","N","N","N","N","N","N","32897","5912","41551","9118","24826","6236","-","**","24007","8908","-","**","N","N","N","N","24997","16390","42475","9706",
"1400000US26163520400","Census Tract 5204, Wayne County, Michigan","950","140","763","134","754","134","54","42","30","30","56","45","137","73","189","87","0","11","38","42","0","11","306","113","77","58","117","73","83","81","29","26","0","11","0","11","1884","396","577","166","1014","374","0","11","154","77","4","8","15","27","120","95","8","12","569","165","950","140","80.3","8.6","79.4","8.8","5.7","4.5","3.2","3.3","5.9","4.7","14.4","7.6","19.9","8.7","0.0","2.8","4.0","4.3","0.0","2.8","306","113","25.2","17.5","38.2","20.6","27.1","23.0","9.5","8.6","0.0","8.6","0.0","8.6","1884","396","30.6","9.5","53.8","11.2","0.0","1.4","8.2","4.3","0.2","0.5","0.8","1.5","6.4","5.0","0.4","0.7","30.2","9.4","47655","18423","53511","22606","53835","22927","4394","2039","237","156","11675","12055","7788","1751","(X)","(X)","-","**","71455","35946","-","**","42046","18835","N","N","N","N","N","N","N","N","N","N","N","N","24595","9959","33735","8939","10981","3587","-","**","87897","126619","N","N","N","N","13033","13428","N","N","33202","8969",
"1400000US26163520700","Census Tract 5207, Wayne County, Michigan","2297","273","1805","251","1657","245","203","145","276","126","329","121","231","129","324","121","71","61","210","124","111","127","228","99","16","25","96","97","107","53","9","14","0","11","0","11","3077","401","1706","320","976","279","26","40","252","129","0","11","47","44","70","80","96","77","1695","322","2297","273","78.6","6.8","72.1","7.6","8.8","6.3","12.0","5.2","14.3","5.1","10.1","5.2","14.1","5.1","3.1","2.6","9.1","5.3","4.8","5.3","228","99","7.0","10.4","42.1","30.8","46.9","28.5","3.9","6.0","0.0","11.3","0.0","11.3","3077","401","55.4","8.5","31.7","7.4","0.8","1.3","8.2","4.2","0.0","0.9","1.5","1.4","2.3","2.5","3.1","2.4","55.1","8.5","66462","8428","75655","9280","75466","9813","56703","22498","10359","9371","11328","4341","7874","2596","(X)","(X)","715","450","22986","18607","25431","16502","115167","30262","N","N","N","N","N","N","N","N","N","N","N","N","50162","7137","55852","8365","33562","7403","N","N","67038","36985","-","**","75530","17391","64606","18637","73017","17983","56193","8415",
"1400000US26163520800","Census Tract 5208, Wayne County, Michigan","1161","209","993","193","980","191","37","33","332","105","313","138","0","11","49","75","49","75","255","110","46","38","355","120","24","28","181","89","75","47","15","28","0","11","60","77","1789","435","580","157","853","400","0","11","308","140","0","11","13","21","35","33","58","54","540","149","1161","209","85.5","6.4","84.4","6.4","3.2","2.9","28.6","8.9","27.0","10.3","0.0","2.3","4.2","6.3","4.2","6.3","22.0","8.1","4.0","3.3","355","120","6.8","7.5","51.0","21.8","21.1","12.5","4.2","7.6","0.0","7.4","16.9","19.1","1789","435","32.4","10.1","47.7","13.8","0.0","1.5","17.2","7.9","0.0","1.5","0.7","1.2","2.0","1.8","3.2","3.1","30.2","9.4","132194","27836","129482","20435","129412","20796","47365","31787","32096","39490","18748","5653","-","**","(X)","(X)","N","N","29140","12400","17902","12818","195870","79885","N","N","N","N","N","N","N","N","N","N","N","N","86581","20086","92606","47913","72914","14342","-","**","111802","39032","-","**","N","N","111869","26813","31910","37036","98812","47404",
"1400000US26163521100","Census Tract 5211, Wayne County, Michigan","826","290","534","279","534","279","8","12","40","27","183","64","92","39","225","51","16","13","101","41","45","30","262","75","13","11","84","43","54","39","59","49","32","20","20","33","1834","424","860","284","468","147","24","30","17","26","0","11","338","293","127","143","696","217","464","211","826","290","64.6","14.2","64.6","14.2","1.0","1.4","4.8","3.5","22.2","10.0","11.1","6.3","27.2","11.3","1.9","1.7","12.2","5.7","5.4","4.1","262","75","5.0","4.2","32.1","15.8","20.6","13.8","22.5","16.4","12.2","7.8","7.6","11.3","1834","424","46.9","13.3","25.5","8.3","1.3","1.6","0.9","1.4","0.0","1.5","18.4","13.7","6.9","7.3","37.9","7.9","25.3","11.1","42243","6770","53473","11573","53151","11542","N","N","2378","2534","16527","2113","8288","980","(X)","(X)","3213","2229","19146","3833","10476","3947","66261","15305","N","N","N","N","N","N","N","N","N","N","N","N","20157","4547","22471","5132","16405","4674","23208","12651","-","**","-","**","22809","14809","13378","14183","18691","5584","19937","7263",
"1400000US26163521400","Census Tract 5214, Wayne County, Michigan","604","97","469","104","430","100","107","41","121","41","167","83","37","37","92","49","28","26","57","17","34","32","270","97","84","45","120","75","46","45","20","20","0","11","0","11","1121","179","570","186","408","129","0","11","14","14","0","11","114","87","15","14","149","91","546","189","604","97","77.6","9.7","71.2","10.4","17.7","6.4","20.0","6.8","27.6","11.4","6.1","6.2","15.2","8.5","4.6","4.4","9.4","3.0","5.6","5.2","270","97","31.1","15.5","44.4","18.8","17.0","14.4","7.4","7.4","0.0","9.7","0.0","9.7","1121","179","50.8","12.5","36.4","11.5","0.0","2.4","1.2","1.3","0.0","2.4","10.2","7.6","1.3","1.3","13.3","8.1","48.7","12.9","58627","9571","64330","12616","63327","13478","27479","7673","6856","4594","14369","4317","7273","1178","(X)","(X)","N","N","22637","17125","9424","5331","58001","19265","15306","14457","57132","24638","131604","63320","73255","61427","-","**","-","**","31662","5283","44005","8080","10914","4391","-","**","N","N","-","**","28826","14045","66993","29039","31634","13901","44554","8251",
"1400000US26163521500","Census Tract 5215, Wayne County, Michigan","631","89","428","83","409","79","33","28","69","43","199","64","117","62","192","77","32","40","89","45","65","43","249","73","31","28","103","62","38","43","77","39","0","11","0","11","1382","263","315","102","1023","294","0","11","8","12","0","11","15","16","21","22","136","133","308","102","631","89","67.8","9.9","64.8","9.9","5.2","4.4","10.9","6.7","31.5","9.3","18.5","9.0","30.4","10.8","5.1","6.3","14.1","7.3","10.3","6.3","249","73","12.4","10.4","41.4","18.7","15.3","17.1","30.9","16.3","0.0","10.4","0.0","10.4","1382","263","22.8","9.0","74.0","9.9","0.0","2.0","0.6","0.9","0.0","2.0","1.1","1.2","1.5","1.6","9.8","9.6","22.3","8.8","39089","6948","41629","7553","43124","7895","5439","2959","16028","10381","13857","2912","9353","1475","(X)","(X)","N","N","13422","3186","9357","6664","45977","6765","N","N","N","N","N","N","N","N","N","N","N","N","19353","4345","32092","8314","15979","4617","-","**","N","N","-","**","N","N","N","N","6608","3019","32333","8598",
"1400000US26163521800","Census Tract 5218, Wayne County, Michigan","1115","206","423","101","423","101","40","42","48","25","561","169","287","162","621","167","119","46","201","93","78","49","365","115","115","72","173","90","26","24","51","41","0","11","0","11","1875","335","115","67","1701","322","0","11","20","31","0","11","18","28","21","20","43","40","115","67","1115","206","37.9","7.6","37.9","7.6","3.6","3.8","4.3","2.2","50.3","9.4","25.7","11.1","55.7","9.1","10.7","4.4","18.0","8.1","7.0","4.7","365","115","31.5","17.8","47.4","18.1","7.1","6.3","14.0","11.1","0.0","7.3","0.0","7.3","1875","335","6.1","3.3","90.7","4.5","0.0","1.5","1.1","1.7","0.0","1.5","1.0","1.5","1.1","1.1","2.3","2.1","6.1","3.3","30166","5444","52836","13643","52022","13210","N","N","642","1522","11466","1635","6057","2681","(X)","(X)","1352","783","12186","3247","6076","3622","38559","12319","14937","10037","38115","15918","149404","39367","36822","11162","-","**","-","**","18866","3580","37016","22403","17563","3863","-","**","-","**","-","**","N","N","18214","5827","N","N","37016","22403",
"1400000US26163521900","Census Tract 5219, Wayne County, Michigan","1446","202","807","157","752","159","266","104","223","94","518","147","276","111","463","113","88","65","197","91","180","107","460","118","199","104","129","74","119","58","13","20","0","11","0","11","3068","447","1213","297","1584","293","0","11","100","89","0","11","23","35","148","114","129","113","1197","296","1446","202","55.8","8.0","52.0","8.2","18.4","7.1","15.4","6.5","35.8","8.7","19.1","7.3","32.0","7.5","6.1","4.4","13.6","6.0","12.4","7.5","460","118","43.3","17.5","28.0","16.6","25.9","11.3","2.8","4.2","0.0","5.8","0.0","5.8","3068","447","39.5","7.3","51.6","7.3","0.0","0.9","3.3","2.9","0.0","0.9","0.7","1.1","4.8","3.5","4.2","3.5","39.0","7.1","67138","13106","99538","22019","94528","21699","34744","15561","9696","6917","16310","5540","8764","2299","(X)","(X)","1041","727","12547","3261","6455","2536","68433","23555","N","N","N","N","N","N","N","N","N","N","N","N","31920","6234","51712","11266","12826","3726","-","**","46742","16143","-","**","N","N","66557","43235","70580","48418","51875","11492",
"1400000US26163522000","Census Tract 5220, Wayne County, Michigan","893","115","433","105","422","105","18","21","14","22","305","78","154","62","475","119","72","46","96","72","94","55","352","94","164","74","136","72","0","11","52","47","0","11","0","11","1829","354","61","68","1720","348","7","10","0","11","0","11","18","26","23","24","21","28","61","68","893","115","48.5","9.0","47.3","9.1","2.0","2.4","1.6","2.5","34.2","7.6","17.2","6.3","53.2","10.7","8.1","5.2","10.8","7.8","10.5","6.5","352","94","46.6","16.8","38.6","17.0","0.0","7.5","14.8","13.2","0.0","7.5","0.0","7.5","1829","354","3.3","3.7","94.0","4.4","0.4","0.6","0.0","1.5","0.0","1.5","1.0","1.4","1.3","1.3","1.1","1.5","3.3","3.7","24241","5722","33629","9949","34495","10285","N","N","N","N","13858","1870","9866","2240","(X)","(X)","1988","1596","8689","3848","3826","2819","22197","6469","8390","3280","40150","10554","-","**","18787","2240","-","**","-","**","12641","3116","7466","4968","12848","3329","-","**","-","**","-","**","N","N","12687","10884","N","N","7466","4968",
"1400000US26163522300","Census Tract 5223, Wayne County, Michigan","875","198","395","200","370","194","34","41","7","12","278","71","150","75","495","174","140","160","76","41","75","78","254","77","122","39","84","64","30","22","5","9","0","11","13","13","1398","270","44","29","1257","246","0","11","0","11","0","11","0","11","97","80","42","63","44","29","875","198","45.1","14.0","42.3","14.2","3.9","4.5","0.8","1.2","31.8","10.6","17.1","9.0","56.6","11.8","16.0","15.4","8.7","5.0","8.6","8.5","254","77","48.0","13.9","33.1","18.5","11.8","8.4","2.0","3.5","0.0","10.3","5.1","5.9","1398","270","3.1","2.1","89.9","6.0","0.0","1.9","0.0","1.9","0.0","1.9","0.0","1.9","6.9","5.2","3.0","4.3","3.1","2.1","18780","6127","27996","14960","29628","15742","N","N","N","N","10523","1633","8201","796","(X)","(X)","1078","509","11689","5424","2376","2226","15100","3903","N","N","N","N","N","N","N","N","N","N","N","N","11848","4007","30423","15427","10760","4074","-","**","-","**","-","**","-","**","17511","17146","N","N","30423","15427",
"1400000US26163522400","Census Tract 5224, Wayne County, Michigan","627","265","448","274","448","274","7","12","3","4","95","51","58","41","284","76","105","71","8","14","20","25","252","56","44","46","196","58","12","18","0","11","0","11","0","11","938","280","217","274","695","107","1","5","13","21","0","11","0","11","12","13","18","23","199","268","627","265","71.5","17.5","71.5","17.5","1.1","2.1","0.5","0.7","15.2","10.5","9.3","7.6","45.3","22.2","16.7","14.7","1.3","2.5","3.2","4.3","252","56","17.5","17.8","77.8","18.6","4.8","6.5","0.0","10.3","0.0","10.3","0.0","10.3","938","280","23.1","23.0","74.1","22.6","0.1","0.6","1.4","2.2","0.0","2.9","0.0","2.9","1.3","1.4","1.9","2.3","21.2","23.0","50407","40382","66546","48832","65961","49293","N","N","N","N","12235","4431","7593","2392","(X)","(X)","1040","451","N","N","N","N","19669","9558","N","N","N","N","N","N","N","N","N","N","N","N","33885","30748","116258","51346","8786","3246","N","N","N","N","-","**","-","**","N","N","44544","31789","122745","48000",
"1400000US26163522500","Census Tract 5225, Wayne County, Michigan","815","163","265","90","259","91","6","8","0","11","303","120","314","96","419","88","43","32","71","39","40","33","174","111","112","105","19","19","0","11","43","45","0","11","0","11","1661","454","287","115","1280","404","6","13","0","11","0","11","28","37","60","64","28","55","282","115","815","163","32.5","10.1","31.8","10.2","0.7","1.0","0.0","3.3","37.2","11.5","38.5","10.3","51.4","11.7","5.3","3.9","8.7","5.2","4.9","4.0","174","111","64.4","30.5","10.9","12.3","0.0","14.6","24.7","27.2","0.0","14.6","0.0","14.6","1661","454","17.3","6.3","77.1","7.3","0.4","0.8","0.0","1.6","0.0","1.6","1.7","2.2","3.6","3.9","1.7","3.3","17.0","6.2","39782","24893","88920","70390","90976","71931","N","N","-","**","14019","3936","9040","1466","(X)","(X)","3826","3567","18631","9128","7130","6348","34857","14294","N","N","N","N","N","N","N","N","N","N","N","N","22517","11961","21888","8530","23728","15799","N","N","-","**","-","**","N","N","10913","13160","N","N","21985","8768",
"1400000US26163522800","Census Tract 5228, Wayne County, Michigan","660","157","308","64","297","64","59","34","5","8","234","115","155","100","126","46","34","23","78","38","40","21","292","79","69","61","91","43","33","32","55","36","10","11","34","29","1576","277","338","176","1206","253","0","11","0","11","0","11","32","32","0","11","301","133","123","92","660","157","46.7","13.4","45.0","13.2","8.9","5.4","0.8","1.3","35.5","13.9","23.5","12.1","19.1","7.9","5.2","3.5","11.8","6.6","6.1","3.5","292","79","23.6","17.1","31.2","14.5","11.3","10.4","18.8","11.9","3.4","3.9","11.6","10.3","1576","277","21.4","10.1","76.5","9.9","0.0","1.7","0.0","1.7","0.0","1.7","2.0","2.0","0.0","1.7","19.1","8.2","7.8","5.5","41791","11141","56095","8275","49710","8588","42602","10960","N","N","15576","1821","13394","3217","(X)","(X)","3382","1716","48209","45219","17663","10199","63446","17888","N","N","N","N","N","N","N","N","N","N","N","N","18359","4169","17910","6174","18731","5615","-","**","-","**","-","**","N","N","-","**","16515","5603","17934","12906",
"1400000US26163523100","Census Tract 5231, Wayne County, Michigan","670","179","312","77","286","71","37","32","39","36","157","115","105","106","270","106","93","105","69","54","35","29","172","60","57","43","40","36","5","8","45","43","11","18","14","23","1225","272","673","240","210","122","0","11","15","25","5","8","223","173","99","113","647","245","375","203","670","179","46.6","16.6","42.7","15.4","5.5","5.0","5.8","5.8","23.4","15.2","15.7","14.5","40.3","14.9","13.9","14.5","10.3","8.3","5.2","4.5","172","60","33.1","21.7","23.3","21.5","2.9","5.2","26.2","22.2","6.4","10.3","8.1","13.7","1225","272","54.9","14.9","17.1","9.9","0.0","2.2","1.2","2.1","0.4","0.7","18.2","13.3","8.1","9.2","52.8","15.9","30.6","14.8","23188","7162","38615","5687","38103","5258","31095","35634","2731","1602","8381","6569","8162","1338","(X)","(X)","597","1171","15393","11531","2603","1466","40851","11638","N","N","N","N","N","N","N","N","N","N","N","N","13465","3190","12950","4821","13065","5910","-","**","N","N","N","N","10109","10168","18372","13115","13412","3590","12799","6776",
"1400000US26163523200","Census Tract 5232, Wayne County, Michigan","1021","132","819","148","708","149","191","75","66","56","218","103","147","99","344","123","149","90","216","111","111","63","753","159","104","80","429","153","97","53","63","46","28","28","32","39","3937","990","1777","448","95","83","83","59","0","11","0","11","1737","972","245","150","2986","989","771","297","1021","132","80.2","9.8","69.3","11.1","18.7","7.2","6.5","5.4","21.4","9.7","14.4","8.9","33.7","12.0","14.6","8.8","21.2","10.7","10.9","6.0","753","159","13.8","10.0","57.0","13.6","12.9","7.2","8.4","6.3","3.7","3.7","4.2","5.3","3937","990","45.1","14.1","2.4","2.2","2.1","1.6","0.0","0.7","0.0","0.7","44.1","15.8","6.2","3.9","75.8","8.6","19.6","8.3","48935","12069","49760","14943","41180","8155","60724","54502","3195","3257","17876","5333","8594","1085","(X)","(X)","5334","4315","11822","4030","4412","2860","55478","16154","N","N","N","N","N","N","N","N","N","N","N","N","12696","4158","15923","4239","19884","2244","102380","134886","-","**","-","**","5309","3313","8487","8169","11027","5035","17233","6029",
"1400000US26163523300","Census Tract 5233, Wayne County, Michigan","854","206","710","202","704","197","6","14","1","3","260","179","77","69","280","113","29","26","153","168","185","168","699","201","59","54","310","131","90","68","199","160","20","37","21","34","2830","784","1190","477","86","100","0","11","0","11","0","11","1513","675","41","46","2491","760","253","115","854","206","83.1","11.1","82.4","10.7","0.7","1.5","0.1","0.4","30.4","15.8","9.0","7.9","32.8","12.4","3.4","3.0","17.9","16.5","21.7","16.3","699","201","8.4","7.7","44.3","18.0","12.9","9.9","28.5","17.1","2.9","5.5","3.0","5.0","2830","784","42.0","15.6","3.0","3.5","0.0","1.0","0.0","1.0","0.0","1.0","53.5","15.9","1.4","1.5","88.0","4.8","8.9","4.4","46573","10680","46204","13270","46538","13069","N","N","N","N","19580","7876","8140","2605","(X)","(X)","3128","6904","3120","2042","3681","818","49849","11427","N","N","N","N","N","N","N","N","N","N","N","N","13402","3180","10689","4049","N","N","-","**","-","**","-","**","15804","3851","19773","27100","12828","3450","21688","8444",
"1400000US26163523400","Census Tract 5234, Wayne County, Michigan","887","148","610","160","549","128","87","90","162","92","256","81","143","72","384","136","50","47","145","68","105","88","417","144","62","45","122","81","98","94","81","47","33","30","21","21","2273","785","910","290","847","679","95","155","0","11","0","11","360","180","61","62","1042","287","363","90","887","148","68.8","10.8","61.9","11.5","9.8","9.3","18.3","8.8","28.9","9.2","16.1","8.1","43.3","11.8","5.6","5.1","16.3","7.5","11.8","9.0","417","144","14.9","10.4","29.3","16.0","23.5","18.2","19.4","11.4","7.9","8.0","5.0","5.6","2273","785","40.0","16.3","37.3","19.2","4.2","6.8","0.0","1.2","0.0","1.2","15.8","8.1","2.7","3.2","45.8","14.0","16.0","6.6","62824","26593","54203","12091","55383","13104","30559","21792","90117","127249","11609","2420","6967","2178","(X)","(X)","3354","2039","20230","8979","9454","10754","60893","15467","N","N","N","N","N","N","N","N","N","N","N","N","26693","11620","30094","7246","29671","30182","N","N","-","**","-","**","15410","5134","39062","27366","18962","6475","38995","8468",
"1400000US26163523800","Census Tract 5238, Wayne County, Michigan","1472","314","1228","314","1203","311","67","66","47","39","262","98","144","100","601","302","143","74","170","83","304","270","773","152","111","96","349","113","29","30","188","101","33","35","63","51","4534","748","2149","562","622","524","0","11","0","11","0","11","1622","580","141","112","2731","603","1199","524","1472","314","83.4","6.7","81.7","6.9","4.6","4.5","3.2","2.5","17.8","6.7","9.8","6.3","40.8","14.6","9.7","5.3","11.5","5.3","20.7","15.2","773","152","14.4","11.2","45.1","13.7","3.8","3.8","24.3","12.2","4.3","4.5","8.2","6.4","4534","748","47.4","13.7","13.7","10.7","0.0","0.6","0.0","0.6","0.0","0.6","35.8","9.6","3.1","2.5","60.2","8.2","26.4","12.3","46585","6984","47585","7673","47012","7873","28039","12102","4309","4492","15549","2596","10117","2430","(X)","(X)","1293","564","12789","3840","6731","1085","46774","7740","N","N","N","N","N","N","N","N","N","N","N","N","15391","2590","16451","3284","12069","3300","-","**","-","**","-","**","13993","5232","29950","25807","15705","3849","16723","5563",
"1400000US26163524001","Census Tract 5240.01, Wayne County, Michigan","981","140","666","142","614","119","83","96","42","38","182","70","159","81","431","92","100","71","119","54","38","34","625","124","104","58","308","133","84","64","64","48","0","11","65","56","3102","625","1220","295","141","78","0","11","0","11","0","11","1620","642","121","105","2480","614","471","144","981","140","67.9","8.1","62.6","10.1","8.5","9.1","4.3","3.9","18.6","7.6","16.2","8.3","43.9","9.8","10.2","7.5","12.1","5.9","3.9","3.4","625","124","16.6","9.2","49.3","14.7","13.4","10.4","10.2","7.7","0.0","4.3","10.4","9.3","3102","625","39.3","11.5","4.5","2.6","0.0","0.9","0.0","0.9","0.0","0.9","52.2","12.2","3.9","3.6","79.9","5.9","15.2","5.1","42728","8218","51430","13237","53300","12831","18383","1995","769","546","19088","4255","14650","4052","(X)","(X)","5152","1707","8910","3087","6666","3985","51162","9891","3089","4015","43113","8383","114543","20232","65544","8272","-","**","70149","12264","14142","3514","18439","4892","10696","5351","-","**","-","**","-","**","9560","3002","36179","35377","14137","4016","15307","5715",
"1400000US26163524101","Census Tract 5241.01, Wayne County, Michigan","1464","329","754","172","716","165","81","60","60","56","479","154","200","85","629","136","93","61","193","80","295","257","736","292","327","269","178","67","121","82","44","43","26","31","40","38","3660","791","1391","492","554","243","130","117","37","34","0","11","1521","700","27","44","2249","687","717","266","1464","329","51.5","12.8","48.9","12.4","5.5","4.2","4.1","3.9","32.7","9.6","13.7","6.4","43.0","11.6","6.4","4.2","13.2","5.5","20.2","14.5","736","292","44.4","23.1","24.2","13.8","16.4","11.1","6.0","6.1","3.5","4.2","5.4","6.1","3660","791","38.0","12.6","15.1","6.6","3.6","3.3","1.0","1.0","0.0","0.7","41.6","14.4","0.7","1.2","61.4","9.7","19.6","6.7","28757","4406","30831","5489","29268","5240","28278","5915","3577","1643","16642","3238","9196","2352","(X)","(X)","787","342","5909","2518","25814","11902","36676","6994","N","N","N","N","N","N","N","N","N","N","N","N","12185","2009","13040","3793","7209","2961","17857","8662","N","N","-","**","12738","3061","N","N","11559","2898","16766","3304",
"1400000US26163524200","Census Tract 5242, Wayne County, Michigan","1528","377","1258","367","1037","293","309","249","119","148","358","95","128","78","460","185","66","56","220","117","162","146","1149","374","120","80","616","316","122","143","204","116","41","44","46","55","5315","1366","2805","1047","289","300","81","83","0","15","0","15","1992","911","148","151","3179","1151","1594","752","1528","377","82.3","6.3","67.9","13.3","20.2","14.0","7.8","9.1","23.4","7.4","8.4","5.2","30.1","10.1","4.3","3.8","14.4","7.0","10.6","8.7","1149","374","10.4","7.0","53.6","16.0","10.6","11.7","17.8","11.1","3.6","3.9","4.0","4.9","5315","1366","52.8","13.2","5.4","5.7","1.5","1.6","0.0","0.5","0.0","0.5","37.5","14.2","2.8","2.8","59.8","13.5","30.0","12.3","46873","13301","47916","15197","49549","17820","28790","13915","5939","1572","11830","2351","6795","1717","(X)","(X)","2427","1335","18694","8653","7780","1354","49263","16761","N","N","N","N","N","N","N","N","N","N","N","N","14203","3928","16034","6714","16497","6514","8115","11215","-","**","-","**","11672","3586","12426","5749","11352","3240","20585","8459",
"1400000US26163524300","Census Tract 5243, Wayne County, Michigan","939","207","802","213","782","213","84","48","25","17","167","111","54","34","438","202","51","42","117","47","85","63","765","204","48","38","467","215","135","82","41","36","74","64","0","11","2994","652","1476","462","131","140","14","15","0","11","0","11","1198","548","175","126","2318","538","541","212","939","207","85.4","7.1","83.3","7.6","8.9","5.4","2.7","1.9","17.8","10.6","5.8","4.0","46.6","13.6","5.4","4.6","12.5","5.3","9.1","6.9","765","204","6.3","5.3","61.0","14.8","17.6","11.9","5.4","4.9","9.7","8.7","0.0","3.5","2994","652","49.3","13.5","4.4","4.7","0.5","0.5","0.0","0.9","0.0","0.9","40.0","14.9","5.8","3.7","77.4","7.0","18.1","5.5","42322","6113","43108","5677","41538","5923","24873","11735","3128","9231","12571","3163","8641","1897","(X)","(X)","5853","5359","9254","4599","13446","10806","42913","5842","18256","8619","36846","4296","42761","7966","55839","16431","90316","12755","-","**","12247","2756","11488","3117","14082","3218","N","N","-","**","-","**","12134","3545","18143","13889","11211","2867","16253","5947",
"1400000US26163524500","Census Tract 5245, Wayne County, Michigan","47","23","44","13","44","13","0","11","2","11","10","20","8","11","8","11","0","11","0","11","7","2","15","14","3","20","12","7","0","11","0","11","0","11","0","11","100","36","92","34","8","13","0","11","0","11","0","11","0","11","0","11","67","8","25","28","47","23","93.6","51.3","93.6","51.3","0.0","39.8","4.3","27.9","21.3","44.5","17.0","20.5","17.0","20.5","0.0","39.8","0.0","39.8","14.9","9.5","15","14","20.0","80.0","80.0","80.0","0.0","70.4","0.0","70.4","0.0","70.4","0.0","70.4","100","36","92.0","12.9","8.0","12.9","0.0","23.7","0.0","23.7","0.0","23.7","0.0","23.7","0.0","23.7","67.0","23.3","25.0","23.9","35836","19208","33436","7142","33436","7142","-","**","N","N","9300","20307","N","N","(X)","(X)","-","**","-","**","N","N","57393","124081","N","N","N","N","N","N","N","N","N","N","N","N","16937","6533","16591","7021","N","N","-","**","-","**","-","**","-","**","-","**","17807","2203","13332","61370",
"1400000US26163524600","Census Tract 5246, Wayne County, Michigan","788","288","528","271","528","271","14","21","58","39","232","67","92","50","251","101","70","39","88","38","29","28","366","107","106","83","123","53","57","42","65","40","15","23","0","11","1994","510","922","261","337","137","2","4","0","11","0","11","496","300","237","248","928","307","555","218","788","288","67.0","15.0","67.0","15.0","1.8","2.8","7.4","5.6","29.4","12.6","11.7","7.0","31.9","15.0","8.9","6.5","11.2","5.9","3.7","3.8","366","107","29.0","17.3","33.6","13.2","15.6","11.7","17.8","11.6","4.1","6.1","0.0","7.2","1994","510","46.2","12.3","16.9","7.6","0.1","0.2","0.0","1.4","0.0","1.4","24.9","12.9","11.9","10.6","46.5","13.2","27.8","9.2","32009","10209","37503","15516","37218","15436","N","N","2695","2323","14230","2812","6083","2193","(X)","(X)","2546","2095","12282","5752","5000","806","36844","11690","N","N","N","N","N","N","N","N","N","N","N","N","13351","3625","15572","5310","15816","5784","N","N","-","**","-","**","13947","5893","N","N","13073","3352","16978","8557",
"1400000US26163524700","Census Tract 5247, Wayne County, Michigan","1676","211","1061","195","1026","180","69","74","93","59","649","158","254","131","536","186","175","129","436","136","173","125","1018","207","194","96","442","191","262","181","95","103","25","33","0","11","3769","850","377","455","2937","769","0","11","0","11","0","11","399","302","56","65","721","475","55","49","1676","211","63.3","9.4","61.2","8.6","4.1","4.4","5.5","3.6","38.7","9.1","15.2","7.4","32.0","10.2","10.4","7.5","26.0","9.0","10.3","7.3","1018","207","19.1","8.7","43.4","16.8","25.7","16.5","9.3","10.0","2.5","3.3","0.0","2.7","3769","850","10.0","11.1","77.9","11.2","0.0","0.7","0.0","0.7","0.0","0.7","10.6","8.6","1.5","1.7","19.1","11.6","1.5","1.4","45099","7785","46324","9817","47499","10013","6025","9067","7333","4889","18004","3192","8284","1543","(X)","(X)","2947","2704","21479","7440","12045","9678","56993","10926","N","N","N","N","N","N","N","N","N","N","N","N","20922","3283","11153","15653","21318","2762","-","**","-","**","-","**","24028","1644","43795","9199","15205","9215","51436","50367",
"1400000US26163524800","Census Tract 5248, Wayne County, Michigan","1132","185","726","167","696","167","82","77","59","38","296","97","253","112","392","140","47","48","286","123","187","135","668","151","182","79","237","109","146","108","34","45","69","52","0","11","2739","621","459","369","1863","382","0","11","0","11","0","11","326","437","91","131","621","550","228","152","1132","185","64.1","9.2","61.5","10.2","7.2","6.5","5.2","3.4","26.1","9.8","22.3","8.7","34.6","12.4","4.2","4.4","25.3","9.3","16.5","10.1","668","151","27.2","13.1","35.5","13.6","21.9","13.3","5.1","6.8","10.3","7.7","0.0","4.0","2739","621","16.8","13.0","68.0","14.8","0.0","1.0","0.0","1.0","0.0","1.0","11.9","14.3","3.3","4.8","22.7","16.2","8.3","6.4","48623","11029","49568","11445","49909","11893","15239","12736","7502","7415","17428","3220","7326","2239","(X)","(X)","N","N","29911","27123","16221","8911","54387","15806","N","N","N","N","N","N","N","N","N","N","N","N","20957","6521","4927","6740","27558","6942","-","**","-","**","-","**","9648","3024","7176","2592","5978","4223","9701","12596",
"1400000US26163525400","Census Tract 5254, Wayne County, Michigan","780","95","351","89","339","88","20","19","68","53","273","72","275","81","459","97","56","45","123","47","76","49","386","91","111","62","109","65","45","36","90","51","4","6","27","30","2220","453","783","311","1046","319","19","24","0","11","0","11","209","167","163","187","685","305","335","230","780","95","45.0","9.9","43.5","9.7","2.6","2.3","8.7","6.3","35.0","8.8","35.3","9.6","58.8","10.0","7.2","5.7","15.8","6.3","9.7","6.1","386","91","28.8","13.3","28.2","14.3","11.7","9.4","23.3","13.2","1.0","1.6","7.0","7.9","2220","453","35.3","12.5","47.1","12.8","0.9","1.1","0.0","1.2","0.0","1.2","9.4","7.2","7.3","7.8","30.9","12.4","15.1","10.1","33534","6210","46636","7283","47311","7316","16545","7179","4462","4088","14011","1939","9622","1082","(X)","(X)","1368","1466","15823","4398","13030","4547","44361","6681","N","N","N","N","N","N","N","N","N","N","N","N","12715","2205","9882","3411","15897","3492","N","N","-","**","-","**","10810","5902","N","N","9762","3118","10933","6263",
"1400000US26163525700","Census Tract 5257, Wayne County, Michigan","1896","516","1556","498","1556","498","43","46","162","199","330","201","102","60","382","127","14","22","136","51","239","132","1336","482","72","52","459","166","171","120","369","420","159","143","106","75","5499","1219","3511","931","282","252","68","105","0","15","0","15","1403","742","235","122","3986","1001","1036","474","1896","516","82.1","11.6","82.1","11.6","2.3","2.5","8.5","10.2","17.4","10.8","5.4","3.7","20.1","9.0","0.7","1.2","7.2","3.6","12.6","7.4","1336","482","5.4","4.5","34.4","15.6","12.8","9.6","27.6","23.9","11.9","10.6","7.9","6.3","5499","1219","63.8","10.8","5.1","4.6","1.2","2.0","0.0","0.5","0.0","0.5","25.5","11.7","4.3","2.1","72.5","8.7","18.8","7.6","47262","7654","50259","6319","49726","6195","N","N","170","317","19884","4826","7987","2509","(X)","(X)","N","N","18585","7630","5921","1013","52213","8577","15490","12909","35844","6826","43939","4346","51894","8195","65817","14968","142091","42455","16801","3153","17762","5004","30766","9231","N","N","-","**","-","**","12977","2553","10139","4557","13132","3020","28968","7965",
"1400000US26163525800","Census Tract 5258, Wayne County, Michigan","633","127","532","133","526","133","23","20","13","15","89","51","30","24","258","104","20","22","16","14","28","28","431","130","58","48","108","60","103","91","102","57","24","27","36","58","2156","598","764","235","330","174","0","11","0","11","0","11","715","363","347","397","1570","613","317","138","633","127","84.0","9.8","83.1","9.5","3.6","3.3","2.1","2.5","14.1","8.0","4.7","4.0","40.8","13.4","3.2","3.5","2.5","2.4","4.4","4.5","431","130","13.5","10.7","25.1","13.9","23.9","17.4","23.7","13.7","5.6","6.1","8.4","12.8","2156","598","35.4","12.0","15.3","8.9","0.0","1.3","0.0","1.3","0.0","1.3","33.2","13.2","16.1","16.1","72.8","10.8","14.7","7.3","45642","11079","50331","12746","50414","12887","11239","8499","N","N","14304","4872","8623","1505","(X)","(X)","N","N","14963","12647","5971","1243","49258","15149","N","N","N","N","N","N","N","N","N","N","N","N","13043","3343","13566","4138","12777","14076","-","**","-","**","-","**","16774","4073","4458","2885","12587","3531","13311","4762",
"1400000US26163525900","Census Tract 5259, Wayne County, Michigan","711","95","570","81","564","80","37","25","48","35","242","46","98","46","294","70","31","24","96","39","69","36","513","70","90","37","205","55","66","40","87","46","11","12","54","37","2482","321","917","295","587","237","2","6","3","8","0","11","811","324","162","133","1801","314","270","140","711","95","80.2","7.0","79.3","7.1","5.2","3.5","6.8","4.8","34.0","6.7","13.8","6.4","41.4","9.0","4.4","3.3","13.5","5.8","9.7","5.2","513","70","17.5","6.4","40.0","9.6","12.9","7.4","17.0","8.8","2.1","2.3","10.5","7.1","2482","321","36.9","12.1","23.7","8.9","0.1","0.2","0.1","0.3","0.0","1.1","32.7","11.1","6.5","5.4","72.6","8.1","10.9","5.5","43324","6839","40263","6154","40212","6157","7305","4131","4465","3117","17980","3601","12795","3253","(X)","(X)","3274","1469","17455","4758","3728","733","48096","8679","N","N","N","N","N","N","N","N","N","N","N","N","13101","1830","15986","3317","12395","3308","N","N","N","N","-","**","10057","2019","14477","8278","11017","1769","22802","3596",
"1400000US26163526000","Census Tract 5260, Wayne County, Michigan","1005","156","630","117","578","118","58","49","32","28","413","143","111","45","379","98","25","22","314","126","80","53","558","90","79","46","358","109","4","6","99","61","0","11","18","22","3222","433","2277","460","109","95","0","11","0","11","0","11","630","255","206","177","1291","251","1616","394","1005","156","62.7","11.0","57.5","11.8","5.8","4.7","3.2","2.8","41.1","10.9","11.0","4.5","37.7","10.0","2.5","2.2","31.2","9.9","8.0","5.2","558","90","14.2","8.5","64.2","13.7","0.7","1.1","17.7","11.0","0.0","4.8","3.2","4.0","3222","433","70.7","10.3","3.4","2.9","0.0","0.8","0.0","0.8","0.0","0.8","19.6","7.6","6.4","5.5","40.1","6.9","50.2","9.1","53889","27822","64406","44627","68225","48290","19691","8558","4425","2237","18611","1735","8203","1251","(X)","(X)","2148","3718","13333","1354","7551","4739","67510","49102","N","N","N","N","N","N","N","N","N","N","N","N","17746","9605","17341","13567","15457","10931","-","**","-","**","-","**","23262","7802","6555","2697","34425","21954","6002","1775",
"1400000US26163526100","Census Tract 5261, Wayne County, Michigan","686","92","443","106","411","110","98","69","46","37","230","62","59","36","300","77","61","44","39","30","30","27","524","102","112","55","306","89","0","11","65","48","5","8","36","49","3267","683","2295","490","31","51","0","11","1","9","0","11","522","299","418","401","1254","508","1858","422","686","92","64.6","10.7","59.9","11.5","14.3","9.4","6.7","5.4","33.5","9.7","8.6","5.2","43.7","10.3","8.9","6.3","5.7","4.5","4.4","3.9","524","102","21.4","10.7","58.4","13.0","0.0","5.1","12.4","9.2","1.0","1.6","6.9","8.9","3267","683","70.2","11.0","0.9","1.6","0.0","0.8","0.0","0.3","0.0","0.8","16.0","8.8","12.8","11.2","38.4","11.1","56.9","10.2","32556","7965","37995","11092","30719","6329","42922","23850","5963","6870","14889","4103","13842","3529","(X)","(X)","664","270","11536","2830","16513","11262","36261","8694","N","N","N","N","N","N","N","N","N","N","N","N","8230","2385","7846","1655","-","**","-","**","-","**","-","**","2471","1116","18157","10523","10006","5153","7110","1953",
"1400000US26163526200","Census Tract 5262, Wayne County, Michigan","747","98","538","108","498","106","93","44","26","22","174","49","113","50","358","82","56","38","112","61","75","30","565","103","151","68","141","58","77","56","145","78","16","17","35","26","3391","643","2600","599","121","77","0","11","0","11","0","11","515","275","155","176","2250","593","1019","256","747","98","72.0","9.0","66.7","9.5","12.4","5.8","3.5","2.9","23.3","7.4","15.1","7.0","47.9","11.0","7.5","5.2","15.0","7.5","10.0","4.3","565","103","26.7","11.6","25.0","10.0","13.6","9.1","25.7","12.3","2.8","3.0","6.2","4.9","3391","643","76.7","9.6","3.6","2.4","0.0","0.8","0.0","0.8","0.0","0.8","15.2","7.6","4.6","5.1","66.4","7.5","30.1","7.7","37781","5510","42092","5856","41340","6184","22133","9864","10138","2000","13351","3239","8994","3341","(X)","(X)","1227","717","10028","1929","10427","8039","38609","7235","N","N","N","N","N","N","N","N","N","N","N","N","8844","1513","9024","1857","11939","7384","-","**","-","**","-","**","6840","2732","10077","3417","8026","1908","10763","2861",
"1400000US26163526300","Census Tract 5263, Wayne County, Michigan","1258","240","859","218","788","170","81","118","19","29","304","159","95","71","354","109","24","27","87","55","43","33","725","168","212","151","215","96","186","79","87","62","11","18","14","19","3228","481","2064","431","276","199","0","11","0","11","0","11","820","319","68","94","2684","468","362","256","1258","240","68.3","12.0","62.6","11.7","6.4","8.9","1.5","2.3","24.2","10.8","7.6","5.9","28.1","9.5","1.9","2.2","6.9","4.6","3.4","2.8","725","168","29.2","17.6","29.7","13.1","25.7","10.9","12.0","8.8","1.5","2.5","1.9","2.7","3228","481","63.9","10.0","8.6","5.9","0.0","0.8","0.0","0.8","0.0","0.8","25.4","9.6","2.1","2.9","83.1","7.7","11.2","7.8","38044","7207","48327","8338","49381","8860","N","N","N","N","12647","3166","8298","882","(X)","(X)","N","N","14291","8132","5565","5127","33202","8570","N","N","N","N","N","N","N","N","N","N","N","N","15350","3409","14827","4945","20734","11053","-","**","-","**","-","**","12797","3731","N","N","13115","2671","32563","21878",
"1400000US26163526400","Census Tract 5264, Wayne County, Michigan","402","118","286","113","268","108","20","29","18","24","106","61","27","22","134","76","31","32","37","25","98","58","310","105","87","53","110","63","21","22","39","37","47","70","6","14","1658","574","755","274","257","173","29","42","0","11","0","11","341","353","276","332","1243","535","135","142","402","118","71.1","16.5","66.7","16.9","5.0","6.8","4.5","5.9","26.4","13.0","6.7","5.6","33.3","15.7","7.7","7.7","9.2","6.5","24.4","12.0","310","105","28.1","17.7","35.5","18.1","6.8","7.3","12.6","11.0","15.2","19.6","1.9","4.5","1658","574","45.5","17.7","15.5","10.2","1.7","2.5","0.0","1.6","0.0","1.6","20.6","18.4","16.6","17.6","75.0","13.4","8.1","8.7","69053","32432","85574","39790","89608","40825","N","N","N","N","14742","6205","9496","4218","(X)","(X)","1329","1384","18259","11585","7005","3019","69932","34513","N","N","N","N","N","N","N","N","N","N","N","N","21333","10253","11585","4551","44588","23897","N","N","-","**","-","**","4388","5440","49034","19593","18957","12114","N","N",
"1400000US26163526500","Census Tract 5265, Wayne County, Michigan","593","96","242","81","242","81","9","15","12","20","197","60","204","90","236","112","45","44","68","52","69","48","239","100","73","72","104","58","42","50","20","22","0","11","0","11","1455","518","199","114","1097","493","0","11","0","11","0","11","159","183","0","11","374","184","10","15","593","96","40.8","12.9","40.8","12.9","1.5","2.5","2.0","3.3","33.2","11.3","34.4","12.9","39.8","16.2","7.6","7.3","11.5","8.4","11.6","7.6","239","100","30.5","25.1","43.5","23.1","17.6","17.8","8.4","9.1","0.0","10.9","0.0","10.9","1455","518","13.7","9.4","75.4","13.0","0.0","1.9","0.0","1.9","0.0","1.9","10.9","12.2","0.0","1.9","25.7","12.8","0.7","1.0","29928","11708","32196","8791","30457","7918","N","N","N","N","17157","5496","7953","1064","(X)","(X)","2187","2754","13834","7096","26393","19260","32626","10193","N","N","N","N","N","N","N","N","N","N","N","N","12933","7117","13339","11274","13251","9549","-","**","-","**","-","**","10233","3586","-","**","11072","5532","14050","9043",
"1400000US26163527900","Census Tract 5279, Wayne County, Michigan","664","104","377","79","362","80","32","26","67","30","189","43","129","37","302","65","37","23","185","90","51","27","367","72","95","42","175","60","23","21","69","39","0","11","5","8","2012","420","251","186","1488","270","0","11","0","11","0","11","58","48","215","244","256","187","83","74","664","104","56.8","10.9","54.5","11.0","4.8","3.8","10.1","4.7","28.5","7.2","19.4","5.5","45.5","8.7","5.6","3.7","27.9","11.1","7.7","4.0","367","72","25.9","10.1","47.7","13.0","6.3","5.6","18.8","10.3","0.0","7.2","1.4","2.0","2012","420","12.5","8.4","74.0","13.4","0.0","1.4","0.0","1.4","0.0","1.4","2.9","2.3","10.7","11.1","12.7","8.6","4.1","3.5","33470","6413","37734","6735","37604","6961","19150","19502","1984","1520","13085","2741","8460","1774","(X)","(X)","2103","814","20684","7523","7780","5802","37014","7779","N","N","N","N","N","N","N","N","N","N","N","N","12541","2347","8226","8166","13778","2727","-","**","-","**","-","**","N","N","10918","3210","3325","1404","18839","23305",
"1400000US26163530100","Census Tract 5301, Wayne County, Michigan","1312","437","674","347","654","347","71","50","26","23","287","120","221","81","775","439","45","43","177","103","43","41","259","113","78","62","100","61","32","55","49","41","0","11","0","11","2040","562","12","16","1972","592","0","11","0","11","0","11","0","11","56","71","1","2","12","16","1312","437","51.4","19.7","49.8","19.7","5.4","3.7","2.0","1.7","21.9","10.5","16.8","8.9","59.1","16.7","3.4","3.8","13.5","8.3","3.3","3.5","259","113","30.1","19.5","38.6","21.8","12.4","19.7","18.9","12.6","0.0","10.1","0.0","10.1","2040","562","0.6","0.8","96.7","3.9","0.0","1.3","0.0","1.3","0.0","1.3","0.0","1.3","2.7","3.8","0.0","0.1","0.6","0.8","39854","28041","61610","61179","30542","16084","303530","397702","18304","11916","14748","2726","9893","1626","(X)","(X)","253","148","20695","9530","4516","2196","47772","11910","N","N","N","N","N","N","N","N","N","N","N","N","26165","16839","19517","8580","26365","17427","-","**","-","**","-","**","-","**","N","N","N","N","19517","8580",
"1400000US26163530200","Census Tract 5302, Wayne County, Michigan","1246","229","850","237","850","237","88","94","35","31","614","188","237","109","410","123","49","41","349","107","180","91","687","166","101","67","285","131","54","55","224","116","0","11","23","29","3903","709","618","177","3087","649","0","11","165","118","0","11","0","11","33","36","62","46","577","164","1246","229","68.2","10.6","68.2","10.6","7.1","7.2","2.8","2.5","49.3","11.0","19.0","8.5","32.9","9.9","3.9","3.4","28.0","9.3","14.4","7.2","687","166","14.7","10.4","41.5","15.4","7.9","7.7","32.6","14.5","0.0","3.9","3.3","4.4","3903","709","15.8","4.4","79.1","5.1","0.0","0.7","4.2","3.0","0.0","0.7","0.0","0.7","0.8","0.9","1.6","1.2","14.8","4.1","49512","11615","45156","9708","44894","9740","2535","1467","1260","1413","16414","2438","7411","1435","(X)","(X)","896","1018","29566","18576","5936","2975","58198","20093","N","N","N","N","N","N","N","N","N","N","N","N","17701","3751","7249","3370","20102","4566","-","**","9211","8853","-","**","-","**","31321","28557","21692","16770","6939","3257",
"1400000US26163530300","Census Tract 5303, Wayne County, Michigan","427","118","318","121","310","120","45","44","40","34","187","51","57","38","212","111","34","32","59","33","18","21","327","123","60","42","239","119","0","11","14","19","0","11","14","21","1375","436","60","103","1282","423","0","11","0","11","0","11","0","11","33","41","0","11","60","103","427","118","74.5","11.6","72.6","12.2","10.5","9.8","9.4","8.1","43.8","15.2","13.3","8.8","49.6","15.4","8.0","7.4","13.8","8.1","4.2","4.8","327","123","18.3","12.5","73.1","15.5","0.0","8.1","4.3","6.0","0.0","8.1","4.3","6.8","1375","436","4.4","7.5","93.2","7.6","0.0","2.0","0.0","2.0","0.0","2.0","0.0","2.0","2.4","2.9","0.0","2.0","4.4","7.5","42308","14079","41229","17024","30607","10629","80500","80525","8485","7969","17516","4097","10079","6089","(X)","(X)","753","541","11646","6195","2917","6511","34744","12973","N","N","N","N","N","N","N","N","N","N","N","N","13542","5859","N","N","13123","6178","-","**","-","**","-","**","-","**","N","N","-","**","N","N",
"1400000US26163530400","Census Tract 5304, Wayne County, Michigan","489","102","315","107","271","110","44","31","25","20","145","47","89","48","194","87","10","19","88","44","86","38","247","97","60","35","165","99","0","11","12","15","0","11","10","15","1057","347","23","27","1034","349","0","11","0","11","0","11","0","11","0","11","0","11","23","27","489","102","64.4","12.7","55.4","14.2","9.0","6.6","5.1","4.2","29.7","11.3","18.2","9.7","39.7","13.3","2.0","3.9","18.0","8.8","17.6","7.2","247","97","24.3","14.7","66.8","19.2","0.0","10.5","4.9","6.5","0.0","10.5","4.0","6.5","1057","347","2.2","2.7","97.8","2.7","0.0","2.6","0.0","2.6","0.0","2.6","0.0","2.6","0.0","2.6","0.0","2.6","2.2","2.7","44403","23303","51240","36172","56246","42286","N","N","3160","3632","15586","3085","8782","1413","(X)","(X)","N","N","19958","9568","8069","7822","37237","9799","N","N","N","N","N","N","N","N","N","N","N","N","21355","11767","N","N","14468","3408","-","**","-","**","-","**","-","**","-","**","-","**","N","N",
"1400000US26163530500","Census Tract 5305, Wayne County, Michigan","797","154","445","142","431","141","88","54","63","34","300","90","132","57","315","119","6","9","177","56","39","36","402","135","109","73","194","110","25","30","40","44","15","19","19","24","1817","438","46","31","1730","441","0","11","0","11","0","11","0","11","41","46","30","46","46","31","797","154","55.8","11.5","54.1","11.7","11.0","6.0","7.9","4.8","37.6","10.5","16.6","7.9","39.5","10.9","0.8","1.1","22.2","7.9","4.9","4.7","402","135","27.1","17.8","48.3","16.9","6.2","7.5","10.0","10.0","3.7","4.8","4.7","6.5","1817","438","2.5","2.0","95.2","3.0","0.0","1.5","0.0","1.5","0.0","1.5","0.0","1.5","2.3","2.5","1.7","2.5","2.5","2.0","32954","5956","34115","5552","32967","5682","11051","7838","5081","5759","14975","2998","8353","951","(X)","(X)","N","N","28079","13501","5023","6019","36978","7199","N","N","N","N","N","N","N","N","N","N","N","N","14948","3645","31491","12401","14494","3676","-","**","-","**","-","**","-","**","15534","9082","N","N","31491","12401",
"1400000US26163530800","Census Tract 5308, Wayne County, Michigan","530","137","363","129","339","123","67","79","19","23","211","53","105","58","312","124","42","41","106","55","10","11","275","103","87","75","125","81","18","26","26","21","0","11","19","12","1532","403","64","44","1425","400","25","26","0","11","0","11","0","11","18","25","5","10","59","44","530","137","68.5","13.4","64.0","15.5","12.6","12.8","3.6","4.2","39.8","12.8","19.8","10.1","58.9","14.0","7.9","7.1","20.0","10.3","1.9","2.1","275","103","31.6","23.6","45.5","22.5","6.5","9.4","9.5","8.1","0.0","9.5","6.9","5.2","1532","403","4.2","2.9","93.0","4.3","1.6","1.7","0.0","1.8","0.0","1.8","0.0","1.8","1.2","1.7","0.3","0.7","3.9","2.8","27807","5685","24842","6800","25869","8046","N","N","N","N","12345","2029","9592","1742","(X)","(X)","4607","1786","16496","4023","N","N","29493","8108","N","N","N","N","N","N","N","N","N","N","N","N","11070","2219","10073","5445","11277","2363","N","N","-","**","-","**","-","**","-","**","N","N","9837","5990",
"1400000US26163530900","Census Tract 5309, Wayne County, Michigan","697","150","308","95","308","95","0","11","25","31","386","137","67","48","338","119","64","69","165","85","22","31","331","95","38","31","186","68","11","21","40","39","0","11","56","57","1812","392","41","41","1694","380","0","11","0","11","0","11","0","11","77","94","0","11","41","41","697","150","44.2","14.1","44.2","14.1","0.0","3.9","3.6","4.7","55.4","14.0","9.6","7.4","48.5","16.9","9.2","9.7","23.7","10.9","3.2","4.3","331","95","11.5","9.8","56.2","14.8","3.3","5.8","12.1","12.1","0.0","8.0","16.9","15.0","1812","392","2.3","2.2","93.5","5.4","0.0","1.5","0.0","1.5","0.0","1.5","0.0","1.5","4.2","5.2","0.0","1.5","2.3","2.2","32560","9243","43973","13220","43973","13220","-","**","N","N","14780","2491","8766","1358","(X)","(X)","N","N","15035","4691","N","N","52868","11246","N","N","N","N","N","N","N","N","N","N","N","N","17557","4026","22817","20535","16586","4034","-","**","-","**","-","**","-","**","36112","8791","-","**","22817","20535",
"1400000US26163531100","Census Tract 5311, Wayne County, Michigan","502","107","234","84","227","85","7","10","19","23","116","55","99","52","291","77","7","11","48","31","0","11","120","71","46","26","30","31","4","7","40","56","0","11","0","11","934","332","88","71","819","313","0","11","21","19","0","11","0","11","6","11","12","17","82","60","502","107","46.6","11.2","45.2","11.5","1.4","2.0","3.8","4.6","23.1","10.1","19.7","9.8","58.0","12.2","1.4","2.2","9.6","5.9","0.0","5.3","120","71","38.3","26.7","25.0","24.4","3.3","5.6","33.3","34.2","0.0","20.3","0.0","20.3","934","332","9.4","7.4","87.7","8.4","0.0","2.9","2.2","2.0","0.0","2.9","0.0","2.9","0.6","1.3","1.3","1.9","8.8","6.2","21000","4552","31140","6735","31432","6951","N","N","N","N","13358","2498","8795","889","(X)","(X)","N","N","15421","7979","-","**","29238","8006","N","N","N","N","N","N","N","N","N","N","N","N","12770","2766","6775","5018","13391","3106","-","**","N","N","-","**","-","**","N","N","N","N","7271","5022",
"1400000US26163531200","Census Tract 5312, Wayne County, Michigan","863","181","707","174","701","173","70","41","86","39","307","149","25","25","90","41","0","11","225","144","47","29","581","157","42","30","192","142","156","53","111","57","35","30","45","37","2660","533","305","142","2268","538","21","25","6","11","0","11","0","11","60","44","23","25","300","142","863","181","81.9","5.7","81.2","5.7","8.1","5.2","10.0","4.9","35.6","12.2","2.9","2.9","10.4","5.0","0.0","3.1","26.1","13.2","5.4","3.5","581","157","7.2","5.1","33.0","17.6","26.9","10.4","19.1","10.5","6.0","5.5","7.7","6.8","2660","533","11.5","5.7","85.3","5.9","0.8","1.0","0.2","0.4","0.0","1.0","0.0","1.0","2.3","1.7","0.9","1.0","11.3","5.7","104978","20036","96218","16061","93988","15422","30584","14722","6559","6045","20743","3752","16740","5725","(X)","(X)","-","**","64784","55112","13668","5564","108920","14803","35848","32186","96235","18082","139289","31511","98233","12980","195723","35297","84813","31568","34584","6359","51642","12556","32106","6897","N","N","N","N","-","**","-","**","29392","27788","49191","51951","50381","12012",
"1400000US26163531300","Census Tract 5313, Wayne County, Michigan","497","95","229","81","229","81","1","7","7","11","157","31","130","59","263","74","14","15","88","36","15","15","238","81","124","76","80","28","0","11","27","23","0","11","7","14","1031","227","24","27","962","233","0","11","0","11","0","11","0","11","45","47","0","11","24","27","497","95","46.1","14.2","46.1","14.2","0.2","1.5","1.4","2.2","31.6","8.3","26.2","11.9","52.9","15.3","2.8","3.1","17.7","7.8","3.0","3.1","238","81","52.1","19.0","33.6","12.8","0.0","10.9","11.3","9.9","0.0","10.9","2.9","6.4","1031","227","2.3","2.5","93.3","5.0","0.0","2.6","0.0","2.6","0.0","2.6","0.0","2.6","4.4","4.7","0.0","2.6","2.3","2.5","30939","7805","42745","8383","42741","8385","N","N","N","N","15436","4306","14104","4524","(X)","(X)","N","N","13683","7685","N","N","32963","13884","N","N","N","N","N","N","N","N","N","N","N","N","15948","4248","N","N","15972","4578","-","**","-","**","-","**","-","**","9893","841","-","**","N","N",
"1400000US26163531400","Census Tract 5314, Wayne County, Michigan","540","104","274","76","249","69","27","30","45","33","151","70","124","73","128","89","8","15","155","100","40","30","234","69","46","33","43","34","37","47","100","46","0","11","8","15","1356","434","44","26","1300","433","10","15","2","3","0","11","0","11","0","11","8","12","36","23","540","104","50.7","10.5","46.1","10.4","5.0","5.4","8.3","5.7","28.0","12.9","23.0","13.6","23.7","15.6","1.5","2.8","28.7","15.6","7.4","5.1","234","69","19.7","13.5","18.4","13.5","15.8","18.4","42.7","17.8","0.0","11.1","3.4","6.4","1356","434","3.2","2.1","95.9","3.0","0.7","1.2","0.1","0.2","0.0","2.0","0.0","2.0","0.0","2.0","0.6","0.9","2.7","1.9","35485","8567","43586","10539","47202","10762","7011","7666","24313","28863","14163","5092","10724","3169","(X)","(X)","N","N","16668","8979","1615","1389","51901","13477","N","N","N","N","N","N","N","N","N","N","N","N","14514","4576","24593","25201","14254","4545","N","N","N","N","-","**","-","**","-","**","N","N","26417","29519",
"1400000US26163531501","Census Tract 5315.01, Wayne County, Michigan","523","238","366","208","366","208","0","11","23","37","87","57","14","22","151","99","0","11","94","63","61","74","226","91","23","36","87","58","27","45","66","81","0","11","23","44","1283","453","39","37","995","293","6","13","0","11","0","11","0","11","243","359","0","11","39","37","523","238","70.0","16.1","70.0","16.1","0.0","5.1","4.4","7.7","16.6","12.2","2.7","4.5","28.9","18.7","0.0","5.1","18.0","12.9","11.7","13.5","226","91","10.2","14.9","38.5","32.5","11.9","19.0","29.2","28.1","0.0","11.4","10.2","19.0","1283","453","3.0","2.9","77.6","23.3","0.5","1.0","0.0","2.1","0.0","2.1","0.0","2.1","18.9","24.1","0.0","2.1","3.0","2.9","27658","9456","27971","11403","27971","11403","-","**","N","N","16968","4667","N","N","(X)","(X)","-","**","17630","11229","N","N","34473","16417","N","N","N","N","N","N","N","N","N","N","N","N","13578","4678","12887","7912","14132","5820","N","N","-","**","-","**","-","**","N","N","-","**","12887","7912",
"1400000US26163531502","Census Tract 5315.02, Wayne County, Michigan","332","96","246","98","237","97","18","21","17","19","102","47","56","49","166","115","53","49","53","34","61","56","228","81","23","38","80","40","77","105","48","57","0","11","0","11","861","271","0","11","792","228","0","11","0","11","0","11","0","11","69","103","0","11","0","11","332","96","74.1","16.4","71.4","17.0","5.4","6.3","5.1","5.6","30.7","12.8","16.9","14.8","50.0","25.6","16.0","14.9","16.0","9.5","18.4","18.5","228","81","10.1","16.5","35.1","14.7","33.8","36.8","21.1","28.8","0.0","11.3","0.0","11.3","861","271","0.0","3.1","92.0","10.4","0.0","3.1","0.0","3.1","0.0","3.1","0.0","3.1","8.0","10.4","0.0","3.1","0.0","3.1","45631","10565","47819","11763","47847","11575","N","N","N","N","9305","2962","7471","2283","(X)","(X)","7781","5552","17630","9101","10846","10793","56541","12355","N","N","N","N","N","N","N","N","N","N","N","N","18699","3358","-","**","17487","3893","-","**","-","**","-","**","-","**","N","N","-","**","-","**",
"1400000US26163531600","Census Tract 5316, Wayne County, Michigan","795","110","557","104","502","104","63","42","76","36","213","51","125","57","368","105","53","43","112","40","72","45","389","97","95","53","162","80","42","29","59","51","13","21","18","18","2006","440","56","41","1897","440","0","11","0","11","0","11","0","11","53","50","17","26","48","35","795","110","70.1","9.5","63.1","10.1","7.9","5.2","9.6","4.6","26.8","6.7","15.7","7.2","46.3","10.4","6.7","5.1","14.1","5.0","9.1","5.4","389","97","24.4","13.9","41.6","16.0","10.8","7.8","15.2","11.6","3.3","5.3","4.6","4.5","2006","440","2.8","2.1","94.6","3.9","0.0","1.4","0.0","1.4","0.0","1.4","0.0","1.4","2.6","2.5","0.8","1.3","2.4","1.8","46038","10545","48253","14316","52224","15815","10483","9921","20795","16758","17099","3571","11193","2834","(X)","(X)","3021","1044","19263","5065","10896","8949","47432","11526","N","N","N","N","N","N","N","N","N","N","N","N","19016","5403","25988","24669","19010","5720","-","**","-","**","-","**","-","**","N","N","-","**","30319","25912",
"1400000US26163531700","Census Tract 5317, Wayne County, Michigan","784","162","340","146","309","141","41","47","71","75","332","112","206","129","389","153","11","17","144","68","3","17","232","135","68","70","124","120","6","28","17","26","0","11","17","26","1620","621","9","15","1594","617","0","11","17","25","0","11","0","11","0","11","0","11","9","15","784","162","43.4","14.3","39.4","14.5","5.2","6.1","9.1","9.4","42.3","14.5","26.3","14.6","49.6","15.6","1.4","2.2","18.4","9.3","0.4","2.2","232","135","29.3","30.0","53.4","33.9","2.6","11.1","7.3","12.2","0.0","11.2","7.3","12.0","1620","621","0.6","0.9","98.4","1.9","0.0","1.7","1.0","1.7","0.0","1.7","0.0","1.7","0.0","1.7","0.0","1.7","0.6","0.9","35397","13134","56672","20683","59954","21378","N","N","N","N","9659","2556","10151","1941","(X)","(X)","N","N","21626","9637","N","N","64037","35082","N","N","N","N","N","N","N","N","N","N","N","N","19193","8327","N","N","19437","8536","-","**","N","N","-","**","-","**","-","**","-","**","N","N",
"1400000US26163531800","Census Tract 5318, Wayne County, Michigan","677","206","308","187","308","187","0","11","8","11","202","71","111","92","384","96","8","10","37","39","37","26","299","189","142","100","41","37","0","11","113","163","0","11","3","5","1249","433","22","34","1218","427","0","11","0","11","0","11","0","11","9","10","4","6","22","34","677","206","45.5","17.5","45.5","17.5","0.0","4.0","1.2","1.6","29.8","11.1","16.4","12.7","56.7","16.6","1.2","1.5","5.5","5.4","5.5","4.0","299","189","47.5","33.9","13.7","15.4","0.0","8.8","37.8","39.3","0.0","8.8","1.0","1.9","1249","433","1.8","2.7","97.5","2.8","0.0","2.2","0.0","2.2","0.0","2.2","0.0","2.2","0.7","0.8","0.3","0.5","1.8","2.7","30074","15789","46833","27437","46833","27437","-","**","N","N","14056","1902","9139","841","(X)","(X)","1263","884","21138","13394","4154","3649","44100","29862","N","N","N","N","N","N","N","N","N","N","N","N","16735","8503","10264","22948","15561","8685","-","**","-","**","-","**","-","**","N","N","N","N","10264","22948",
"1400000US26163531900","Census Tract 5319, Wayne County, Michigan","248","52","194","52","189","52","13","18","11","17","79","47","34","35","82","37","0","11","54","36","0","11","102","41","17","16","71","37","14","22","0","11","0","11","0","11","775","188","90","62","648","175","0","11","5","10","0","11","13","20","19","21","40","45","69","59","248","52","78.2","18.2","76.2","18.3","5.2","7.1","4.4","6.7","31.9","17.4","13.7","13.7","33.1","14.5","0.0","10.5","21.8","15.3","0.0","10.5","102","41","16.7","16.6","69.6","21.5","13.7","19.3","0.0","23.3","0.0","23.3","0.0","23.3","775","188","11.6","7.2","83.6","9.1","0.0","3.5","0.6","1.3","0.0","3.5","1.7","2.5","2.5","2.9","5.2","5.7","8.9","7.0","33013","9108","32677","10683","33354","11251","N","N","N","N","10371","4848","7847","1212","(X)","(X)","-","**","13011","6911","-","**","34008","10213","N","N","N","N","N","N","N","N","N","N","N","N","12863","3980","22228","22048","11950","3669","-","**","N","N","-","**","N","N","N","N","10563","8577","26087","31257",
"1400000US26163532100","Census Tract 5321, Wayne County, Michigan","842","107","665","115","628","112","95","59","160","59","229","62","64","30","210","73","0","11","241","75","61","31","473","111","64","39","183","70","98","42","58","36","7","10","63","70","1984","376","508","166","1384","360","0","11","54","75","0","11","21","27","17","15","51","71","465","150","842","107","79.0","6.9","74.6","7.7","11.3","6.8","19.0","6.5","27.2","7.3","7.6","3.6","24.9","8.2","0.0","3.2","28.6","8.5","7.2","3.9","473","111","13.5","8.0","38.7","13.3","20.7","9.3","12.3","7.3","1.5","2.2","13.3","12.9","1984","376","25.6","8.2","69.8","8.7","0.0","1.4","2.7","3.8","0.0","1.4","1.1","1.4","0.9","0.8","2.6","3.6","23.4","7.5","83381","16736","73969","17737","75272","18659","20196","17929","21999","19650","27302","7776","8266","1040","(X)","(X)","-","**","42061","11763","9502","6187","105137","24569","N","N","N","N","N","N","N","N","N","N","N","N","36992","7814","65628","26836","26564","5519","-","**","N","N","-","**","N","N","N","N","29065","5636","68762","27483",
"1400000US26163532400","Census Tract 5324, Wayne County, Michigan","642","218","358","80","358","80","23","22","5","12","213","206","115","50","348","222","33","21","32","25","28","30","238","58","33","37","76","51","82","43","47","32","0","11","0","11","1474","375","174","81","1231","364","0","11","0","11","15","21","0","11","54","40","43","36","174","81","642","218","55.8","21.3","55.8","21.3","3.6","3.6","0.8","1.9","33.2","22.2","17.9","9.1","54.2","18.6","5.1","3.1","5.0","4.0","4.4","5.0","238","58","13.9","14.5","31.9","18.1","34.5","19.1","19.7","12.3","0.0","10.9","0.0","10.9","1474","375","11.8","6.0","83.5","6.7","0.0","1.8","0.0","1.8","1.0","1.4","0.0","1.8","3.7","2.7","2.9","2.4","11.8","6.0","30411","5382","39397","8265","38870","8188","8196","7365","N","N","18735","7774","7985","865","(X)","(X)","842","716","11706","5106","N","N","35387","10606","N","N","N","N","N","N","N","N","N","N","N","N","14014","2153","20263","6423","13592","2306","-","**","-","**","N","N","-","**","5720","2684","N","N","20263","6423",
"1400000US26163532600","Census Tract 5326, Wayne County, Michigan","1004","218","697","224","684","225","94","78","84","81","232","76","159","67","462","183","76","60","117","78","88","84","389","179","60","55","217","154","59","74","26","44","0","11","27","38","1883","518","222","199","1441","450","12","17","95","76","0","11","36","55","77","58","36","55","222","199","1004","218","69.4","11.4","68.1","11.7","9.4","7.5","8.4","7.8","23.1","8.2","15.8","7.6","46.0","13.0","7.6","6.0","11.7","7.2","8.8","8.0","389","179","15.4","15.7","55.8","23.5","15.2","18.0","6.7","11.6","0.0","6.8","6.9","9.8","1883","518","11.8","9.7","76.5","11.8","0.6","0.9","5.0","4.2","0.0","1.4","1.9","2.8","4.1","3.2","1.9","2.8","11.8","9.7","42758","9617","52068","11857","52779","11841","2027","2049","5499","11936","12162","2504","8391","1458","(X)","(X)","225","38","10339","8401","9016","2327","46538","14019","N","N","N","N","N","N","N","N","N","N","N","N","23667","3816","44100","11878","19344","3802","N","N","32420","20338","-","**","-","**","44797","15211","-","**","44100","11878",
"1400000US26163532700","Census Tract 5327, Wayne County, Michigan","296","150","236","151","225","150","11","18","0","11","70","37","37","27","97","35","9","13","12","15","0","11","121","30","11","17","50","23","21","11","37","2","2","6","0","11","602","177","12","14","590","178","0","11","0","11","0","11","0","11","0","11","0","11","12","14","296","150","79.7","14.5","76.0","16.4","3.7","6.4","0.0","8.9","23.6","16.7","12.5","10.6","32.8","18.7","3.0","4.5","4.1","5.4","0.0","8.9","121","30","9.1","12.9","41.3","12.8","17.4","8.4","30.6","7.6","1.7","4.8","0.0","20.2","602","177","2.0","2.4","98.0","2.4","0.0","4.5","0.0","4.5","0.0","4.5","0.0","4.5","0.0","4.5","0.0","4.5","2.0","2.4","36268","8553","37975","10810","36829","10768","N","N","-","**","14654","5278","6368","3673","(X)","(X)","N","N","N","N","-","**","51387","15058","N","N","N","N","N","N","N","N","N","N","N","N","18519","3888","N","N","18765","3856","-","**","-","**","-","**","-","**","-","**","-","**","N","N",
"1400000US26163533000","Census Tract 5330, Wayne County, Michigan","609","90","377","88","359","90","64","43","52","42","177","70","85","45","363","85","7","10","64","38","46","35","416","92","154","70","92","55","85","45","22","32","17","19","46","40","1859","404","154","90","1596","347","0","11","78","103","5","7","14","23","12","19","14","23","154","90","609","90","61.9","11.7","58.9","12.3","10.5","7.4","8.5","6.4","29.1","9.4","14.0","7.9","59.6","10.6","1.1","1.6","10.5","6.1","7.6","6.0","416","92","37.0","14.4","22.1","12.1","20.4","9.5","5.3","7.6","4.1","4.4","11.1","9.5","1859","404","8.3","4.8","85.9","6.7","0.0","1.5","4.2","5.1","0.3","0.4","0.8","1.3","0.6","1.0","0.8","1.3","8.3","4.8","41760","7710","54382","11956","52572","12087","25445","18263","3971","3678","14563","3523","9729","2631","(X)","(X)","N","N","17719","8390","3991","1271","45725","9773","N","N","N","N","N","N","N","N","N","N","N","N","15304","2796","36123","14276","13613","2357","-","**","-","**","N","N","N","N","N","N","N","N","36123","14276",
"1400000US26163533100","Census Tract 5331, Wayne County, Michigan","687","115","355","93","343","88","19","21","30","26","368","92","104","57","286","93","21","22","142","61","38","35","315","89","56","41","216","72","0","11","0","11","30","37","13","18","1457","317","38","37","1410","314","0","11","0","11","0","11","0","11","9","13","0","11","38","37","687","115","51.7","9.4","49.9","8.9","2.8","3.0","4.4","3.9","53.6","13.1","15.1","7.4","41.6","10.9","3.1","3.3","20.7","8.6","5.5","5.1","315","89","17.8","12.0","68.6","14.9","0.0","8.4","0.0","8.4","9.5","10.7","4.1","5.7","1457","317","2.6","2.6","96.8","2.7","0.0","1.9","0.0","1.9","0.0","1.9","0.0","1.9","0.6","0.9","0.0","1.9","2.6","2.6","32967","7925","37891","12785","39159","13047","N","N","3163","3294","11966","2857","6817","2139","(X)","(X)","N","N","26317","18932","3253","3287","41631","14753","N","N","N","N","N","N","N","N","N","N","N","N","16526","2942","22218","3324","16123","3071","-","**","-","**","-","**","-","**","N","N","-","**","22218","3324",
"1400000US26163533200","Census Tract 5332, Wayne County, Michigan","374","84","173","65","173","65","0","11","39","24","168","70","93","41","144","61","49","46","89","41","18","27","224","67","117","63","57","31","8","11","0","11","24","35","18","27","1034","269","80","86","910","250","0","11","0","11","0","11","0","11","44","48","0","11","80","86","374","84","46.3","14.8","46.3","14.8","0.0","7.1","10.4","6.1","44.9","15.6","24.9","12.4","38.5","15.7","13.1","11.0","23.8","12.1","4.8","6.7","224","67","52.2","21.1","25.4","13.1","3.6","5.0","0.0","11.5","10.7","14.3","8.0","12.9","1034","269","7.7","8.0","88.0","9.0","0.0","2.6","0.0","2.6","0.0","2.6","0.0","2.6","4.3","4.6","0.0","2.6","7.7","8.0","47019","14777","49677","12673","49677","12673","-","**","63459","59251","17939","4443","11100","2543","(X)","(X)","2541","1427","22678","10040","N","N","51940","24576","N","N","N","N","N","N","N","N","N","N","N","N","17501","5045","20298","4064","17272","5781","-","**","-","**","-","**","-","**","17155","5207","-","**","20298","4064",
"1400000US26163533300","Census Tract 5333, Wayne County, Michigan","445","83","303","103","290","99","21","23","14","21","178","73","71","46","150","51","0","11","76","47","24","21","213","82","37","29","124","70","0","11","52","39","0","11","0","11","1144","303","52","50","1015","268","0","11","54","85","0","11","0","11","23","25","0","11","52","50","445","83","68.1","15.4","65.2","15.1","4.7","5.0","3.1","4.9","40.0","15.4","16.0","9.9","33.7","11.1","0.0","6.0","17.1","10.9","5.4","4.8","213","82","17.4","15.5","58.2","19.1","0.0","12.1","24.4","16.6","0.0","12.1","0.0","12.1","1144","303","4.5","4.3","88.7","8.1","0.0","2.4","4.7","7.2","0.0","2.4","0.0","2.4","2.0","2.1","0.0","2.4","4.5","4.3","36715","7364","36973","7423","37712","7330","N","N","N","N","14524","3750","9149","508","(X)","(X)","-","**","19436","5401","14663","14062","48090","9760","25451","23080","48430","10937","-","**","63387","13156","-","**","-","**","16930","2354","10971","8054","17255","2613","-","**","N","N","-","**","-","**","N","N","-","**","10971","8054",
"1400000US26163533400","Census Tract 5334, Wayne County, Michigan","1009","334","439","128","439","128","20","23","37","33","467","257","121","87","680","345","0","11","244","108","74","66","433","166","156","137","150","74","47","61","80","74","0","11","0","11","1821","484","0","11","1821","484","0","11","0","11","0","11","0","11","0","11","0","11","0","11","1009","334","43.5","17.1","43.5","17.1","2.0","2.5","3.7","3.6","46.3","15.7","12.0","9.1","67.4","15.5","0.0","2.7","24.2","13.4","7.3","7.4","433","166","36.0","22.5","34.6","18.4","10.9","13.2","18.5","17.0","0.0","6.1","0.0","6.1","1821","484","0.0","1.5","100.0","1.5","0.0","1.5","0.0","1.5","0.0","1.5","0.0","1.5","0.0","1.5","0.0","1.5","0.0","1.5","29276","16890","45019","32926","45146","32995","N","N","14695","17705","11991","2299","5721","2323","(X)","(X)","-","**","11385","6268","2191","912","46550","33073","N","N","N","N","N","N","N","N","N","N","N","N","17408","8657","-","**","17408","8657","-","**","-","**","-","**","-","**","-","**","-","**","-","**",
"1400000US26163533600","Census Tract 5336, Wayne County, Michigan","721","143","375","85","362","92","20","17","25","22","233","71","64","47","328","129","81","97","126","77","35","29","374","131","160","109","147","66","20","30","32","42","15","23","0","11","1575","384","27","31","1536","384","0","11","0","11","0","11","0","11","12","18","0","11","27","31","721","143","52.0","11.2","50.2","11.6","2.8","2.6","3.5","3.3","32.3","9.6","8.9","6.8","45.5","13.9","11.2","12.0","17.5","9.5","4.9","4.0","374","131","42.8","19.4","39.3","17.7","5.3","8.1","8.6","11.1","4.0","6.5","0.0","7.1","1575","384","1.7","2.0","97.5","2.3","0.0","1.7","0.0","1.7","0.0","1.7","0.0","1.7","0.8","1.2","0.0","1.7","1.7","2.0","29535","6463","37424","7508","37829","7811","N","N","2648","1169","14978","3968","12397","5349","(X)","(X)","4298","1820","17669","6146","9617","10702","33790","10962","N","N","N","N","N","N","N","N","N","N","N","N","14056","2816","N","N","14309","2913","-","**","-","**","-","**","-","**","N","N","-","**","N","N",
"1400000US26163533800","Census Tract 5338, Wayne County, Michigan","914","158","485","131","471","128","14","16","18","22","328","86","201","71","442","105","39","34","198","68","113","66","427","124","142","69","141","67","34","30","88","62","13","19","9","14","2216","521","205","227","1941","443","0","11","0","11","0","11","17","26","53","79","113","123","122","193","914","158","53.1","9.8","51.5","9.6","1.5","1.8","2.0","2.4","35.9","9.9","22.0","7.3","48.4","10.4","4.3","3.8","21.7","6.8","12.4","6.6","427","124","33.3","13.9","33.0","12.2","8.0","7.0","20.6","12.1","3.0","4.5","2.1","3.5","2216","521","9.3","9.5","87.6","9.9","0.0","1.2","0.0","1.2","0.0","1.2","0.8","1.2","2.4","3.6","5.1","5.6","5.5","8.4","42134","13025","55109","20345","55547","20894","N","N","N","N","16860","4166","9161","1935","(X)","(X)","1767","857","18991","6679","4931","3632","45077","9344","N","N","N","N","N","N","N","N","N","N","N","N","18066","5839","7392","3901","18440","6244","-","**","-","**","-","**","-","**","51449","4586","61980","167302","10080","668",
"1400000US26163533900","Census Tract 5339, Wayne County, Michigan","1867","248","1329","269","1279","267","192","150","58","44","327","120","108","70","352","142","24","27","108","75","138","104","349","163","30","26","154","133","144","89","21","24","0","11","0","11","2756","507","871","193","1552","376","13","27","283","346","0","11","0","11","37","39","91","80","859","194","1867","248","71.2","8.6","68.5","9.0","10.3","7.5","3.1","2.4","17.5","6.1","5.8","4.0","18.9","7.7","1.3","1.5","5.8","3.9","7.4","5.6","349","163","8.6","8.2","44.1","25.2","41.3","22.7","6.0","6.7","0.0","7.6","0.0","7.6","2756","507","31.6","7.9","56.3","11.0","0.5","1.0","10.3","11.5","0.0","1.0","0.0","1.0","1.3","1.4","3.3","3.0","31.2","7.8","51010","15387","64484","19991","64446","20752","17045","9701","2926","2193","14803","2710","8135","1583","(X)","(X)","N","N","10566","5540","18125","11543","119118","59522","N","N","N","N","N","N","N","N","N","N","N","N","33676","6722","46497","11396","21205","3575","N","N","61294","26503","-","**","-","**","N","N","17967","24053","45817","11216",
"1400000US26163534100","Census Tract 5341, Wayne County, Michigan","795","119","512","117","472","111","40","43","92","67","285","102","129","73","301","104","62","61","141","64","77","58","340","113","73","41","190","91","15","17","22","24","15","21","25","28","1547","349","31","32","1481","354","0","11","1","3","0","11","0","11","34","55","0","11","31","32","795","119","64.4","9.5","59.4","10.3","5.0","5.2","11.6","7.8","35.8","10.9","16.2","8.6","37.9","10.7","7.8","7.3","17.7","7.7","9.7","6.8","340","113","21.5","11.7","55.9","15.2","4.4","5.4","6.5","7.0","4.4","5.9","7.4","7.8","1547","349","2.0","2.1","95.7","4.1","0.0","1.8","0.1","0.2","0.0","1.8","0.0","1.8","2.2","3.6","0.0","1.8","2.0","2.1","38717","6889","40892","8989","42743","9678","19048","7209","5871","3767","15288","3568","8450","1104","(X)","(X)","200","124","21237","8681","11036","2273","46316","10008","N","N","N","N","N","N","N","N","N","N","N","N","20794","3990","23987","18044","20911","4239","-","**","-","**","-","**","-","**","N","N","-","**","23987","18044",
"1400000US26163534200","Census Tract 5342, Wayne County, Michigan","1038","161","628","106","574","97","108","72","38","36","364","86","191","81","574","128","59","46","325","107","165","97","683","147","242","113","300","88","68","56","16","22","0","11","57","39","3273","794","92","68","3113","794","0","11","0","11","0","11","3","5","65","84","3","5","92","68","1038","161","60.5","9.2","55.3","8.9","10.4","6.8","3.7","3.5","35.1","8.2","18.4","7.4","55.3","8.9","5.7","4.6","31.3","8.3","15.9","8.3","683","147","35.4","13.1","43.9","11.7","10.0","7.7","2.3","3.2","0.0","3.9","8.3","5.7","3273","794","2.8","2.1","95.1","4.2","0.0","0.8","0.0","0.8","0.0","0.8","0.1","0.2","2.0","2.7","0.1","0.2","2.8","2.1","37149","7524","36363","10738","37583","11464","11699","6737","421","417","18951","4176","10599","2890","(X)","(X)","1493","582","16723","4047","7653","7366","43900","10989","N","N","N","N","N","N","N","N","N","N","N","N","12304","3180","47889","33022","11467","3094","-","**","-","**","-","**","N","N","N","N","N","N","47889","33022",
"1400000US26163534300","Census Tract 5343, Wayne County, Michigan","560","118","350","95","338","95","60","44","7","11","166","83","112","66","301","116","31","37","112","74","50","39","335","84","64","42","174","75","0","11","58","48","34","43","5","12","1418","296","48","72","1308","300","0","11","27","34","0","11","35","59","0","11","83","92","0","11","560","118","62.5","13.3","60.4","13.2","10.7","7.4","1.3","1.9","29.6","11.5","20.0","11.0","53.8","14.7","5.5","6.4","20.0","11.2","8.9","7.0","335","84","19.1","11.1","51.9","18.5","0.0","7.9","17.3","12.9","10.1","13.5","1.5","3.6","1418","296","3.4","5.0","92.2","6.9","0.0","1.9","1.9","2.5","0.0","1.9","2.5","4.1","0.0","1.9","5.9","6.4","0.0","1.9","38085","9282","37044","11099","35601","11779","15538","3945","N","N","19869","2462","11246","2326","(X)","(X)","N","N","28315","15626","10848","6528","43424","14176","N","N","N","N","N","N","N","N","N","N","N","N","15398","3518","N","N","15226","3416","-","**","N","N","-","**","N","N","-","**","20095","25042","-","**",
"1400000US26163534400","Census Tract 5344, Wayne County, Michigan","688","131","374","103","331","85","68","66","106","105","236","119","142","60","363","96","47","39","119","99","6","9","306","77","80","27","169","61","40","44","15","22","0","11","2","8","1672","483","109","139","1559","501","0","11","0","11","0","11","0","11","4","17","29","54","80","125","688","131","54.4","14.2","48.1","12.9","9.9","9.1","15.4","13.3","34.3","13.2","20.6","9.0","52.8","15.1","6.8","5.7","17.3","12.2","0.9","1.3","306","77","26.1","8.7","55.2","13.7","13.1","13.5","4.9","6.7","0.0","8.6","0.7","2.4","1672","483","6.5","8.6","93.2","8.8","0.0","1.6","0.0","1.6","0.0","1.6","0.0","1.6","0.2","1.1","1.7","3.3","4.8","7.6","29510","11841","35724","20078","37986","23393","11581","17264","621","1396","14319","2444","11469","1653","(X)","(X)","5334","6075","10766","7832","N","N","39542","21932","N","N","N","N","N","N","N","N","N","N","N","N","12614","4543","8382","5254","12867","5082","-","**","-","**","-","**","-","**","N","N","N","N","10944","2800",
"1400000US26163534700","Census Tract 5347, Wayne County, Michigan","1342","318","797","291","797","291","40","45","171","240","581","195","299","262","380","130","29","28","450","293","333","278","753","294","125","91","310","126","197","234","59","42","33","48","29","44","3375","821","160","198","2436","445","262","340","0","11","1","4","0","11","516","763","0","11","160","198","1342","318","59.4","13.3","59.4","13.3","3.0","3.5","12.7","15.9","43.3","12.7","22.3","16.2","28.3","10.9","2.2","2.2","33.5","15.3","24.8","17.0","753","294","16.6","12.4","41.2","17.7","26.2","22.9","7.8","6.4","4.4","6.9","3.9","6.4","3375","821","4.7","6.3","72.2","17.4","7.8","10.1","0.0","0.8","0.0","0.1","0.0","0.8","15.3","19.8","0.0","0.8","4.7","6.3","43429","13720","41059","9316","39477","9206","N","N","198","477","18477","2846","6716","2802","(X)","(X)","2662","4075","25345","9927","3897","3498","46269","9496","N","N","N","N","N","N","N","N","N","N","N","N","16416","3196","3191","6199","16937","2651","3342","588","-","**","N","N","-","**","24713","2430","-","**","3191","6199",
"1400000US26163534800","Census Tract 5348, Wayne County, Michigan","961","187","643","177","617","163","108","117","33","34","269","76","150","80","454","140","8","13","201","108","236","146","560","158","59","44","404","152","28","37","67","53","0","11","2","5","2376","625","363","388","1976","532","0","11","0","11","0","11","0","11","37","59","373","372","98","86","961","187","66.9","10.4","64.2","10.2","11.2","11.2","3.4","3.6","28.0","8.5","15.6","9.0","47.2","11.6","0.8","1.4","20.9","10.4","24.6","12.0","560","158","10.5","8.5","72.1","13.4","5.0","6.6","12.0","9.3","0.0","4.8","0.4","0.9","2376","625","15.3","14.8","83.2","14.8","0.0","1.1","0.0","1.1","0.0","1.1","0.0","1.1","1.6","2.4","15.7","14.1","4.1","3.8","39764","8613","39805","9501","34914","6702","37528","36647","N","N","16851","4086","9453","1247","(X)","(X)","N","N","17388","10007","12382","8683","39356","8674","N","N","N","N","N","N","N","N","N","N","N","N","17174","3636","3788","1935","19954","3646","-","**","-","**","-","**","-","**","-","**","7328","6788","N","N",
"1400000US26163535000","Census Tract 5350, Wayne County, Michigan","1005","230","606","227","606","227","59","60","47","51","386","87","208","102","405","122","51","50","380","220","31","31","681","227","214","84","188","74","41","46","170","171","0","11","68","74","3151","985","83","156","2958","966","0","11","0","11","0","11","101","160","9","15","83","156","0","11","1005","230","60.3","12.0","60.3","12.0","5.9","6.0","4.7","5.1","38.4","10.8","20.7","8.8","40.3","10.7","5.1","5.2","37.8","15.0","3.1","3.0","681","227","31.4","15.1","27.6","12.8","6.0","7.2","25.0","18.2","0.0","4.0","10.0","9.2","3151","985","2.6","4.9","93.9","6.8","0.0","0.9","0.0","0.9","0.0","0.9","3.2","5.1","0.3","0.5","2.6","4.9","0.0","0.9","48709","13177","52255","13865","50610","14387","N","N","3111","1860","20344","4128","8658","1511","(X)","(X)","2259","1410","18813","5857","7148","10368","52475","17467","N","N","N","N","N","N","N","N","N","N","N","N","16453","3411","N","N","16683","3500","-","**","-","**","-","**","20641","898","N","N","N","N","-","**",
"1400000US26163535100","Census Tract 5351, Wayne County, Michigan","606","117","303","94","284","92","19","32","45","35","249","104","100","73","385","109","85","76","152","78","55","44","274","78","126","69","54","39","26","27","51","41","0","11","17","21","1503","364","0","11","1503","364","0","11","0","11","0","11","0","11","0","11","5","10","0","11","606","117","50.0","14.3","46.9","14.7","3.1","5.2","7.4","5.7","41.1","13.5","16.5","10.5","63.5","10.6","14.0","11.3","25.1","11.2","9.1","7.3","274","78","46.0","17.7","19.7","14.4","9.5","9.9","18.6","14.2","0.0","9.5","6.2","7.7","1503","364","0.0","1.8","100.0","1.8","0.0","1.8","0.0","1.8","0.0","1.8","0.0","1.8","0.0","1.8","0.3","0.7","0.0","1.8","37001","9552","46934","15765","48026","17013","N","N","1704","2214","14489","3792","10750","2771","(X)","(X)","3118","2891","17858","8369","8416","7836","50457","20971","N","N","N","N","N","N","N","N","N","N","N","N","15406","4121","-","**","15406","4121","-","**","-","**","-","**","-","**","-","**","N","N","-","**",
"1400000US26163535200","Census Tract 5352, Wayne County, Michigan","833","150","389","130","389","130","0","11","0","11","264","96","232","99","316","101","24","27","87","53","111","89","387","116","91","77","79","50","52","41","146","102","19","30","0","11","2013","533","42","62","1946","519","0","11","0","11","0","11","0","11","25","36","0","11","42","62","833","150","46.7","11.6","46.7","11.6","0.0","3.2","0.0","3.2","31.7","10.4","27.9","12.0","37.9","11.7","2.9","3.2","10.4","6.9","13.3","9.9","387","116","23.5","18.4","20.4","12.2","13.4","11.6","37.7","22.4","4.9","7.5","0.0","6.9","2013","533","2.1","3.1","96.7","4.8","0.0","1.4","0.0","1.4","0.0","1.4","0.0","1.4","1.2","1.8","0.0","1.4","2.1","3.1","37029","8108","60142","11723","60142","11723","-","**","-","**","14480","3202","8630","1008","(X)","(X)","N","N","11679","3935","5240","3312","52594","17299","N","N","N","N","N","N","N","N","N","N","N","N","15916","4976","N","N","16061","5101","-","**","-","**","-","**","-","**","N","N","-","**","N","N",
"1400000US26163535300","Census Tract 5353, Wayne County, Michigan","1525","179","1034","193","1034","193","42","66","47","39","443","96","219","113","598","189","15","23","297","90","81","56","977","188","223","78","463","149","13","18","178","120","12","19","88","66","4223","839","26","30","4119","853","0","11","0","11","0","11","0","11","78","75","0","11","26","30","1525","179","67.8","7.9","67.8","7.9","2.8","4.3","3.1","2.6","29.0","7.3","14.4","7.3","39.2","10.4","1.0","1.5","19.5","6.2","5.3","3.8","977","188","22.8","8.6","47.4","12.8","1.3","2.0","18.2","10.6","1.2","2.0","9.0","6.6","4223","839","0.6","0.7","97.5","2.1","0.0","0.6","0.0","0.6","0.0","0.6","0.0","0.6","1.8","1.8","0.0","0.6","0.6","0.7","37992","5402","42233","6386","41808","6046","N","N","6521","5082","14005","1896","9473","1706","(X)","(X)","N","N","15981","7218","11528","11415","43259","6353","N","N","N","N","N","N","N","N","N","N","N","N","14734","2230","12388","5685","14525","2256","-","**","-","**","-","**","-","**","26585","29129","-","**","12388","5685",
"1400000US26163535600","Census Tract 5356, Wayne County, Michigan","1925","688","1074","203","1074","203","107","74","164","86","618","124","634","607","896","656","38","36","389","87","242","137","833","163","168","103","291","127","166","100","147","83","61","62","0","11","4712","1002","278","200","4320","1014","67","114","0","11","0","11","0","11","47","78","0","11","278","200","1925","688","55.8","18.3","55.8","18.3","5.6","4.2","8.5","5.4","32.1","12.5","32.9","21.8","46.5","20.1","2.0","2.1","20.2","8.8","12.6","7.8","833","163","20.2","11.2","34.9","12.4","19.9","11.1","17.6","11.0","7.3","7.0","0.0","3.2","4712","1002","5.9","4.6","91.7","5.9","1.4","2.4","0.0","0.6","0.0","0.6","0.0","0.6","1.0","1.6","0.0","0.6","5.9","4.6","45278","12805","54762","11743","54577","11668","1851","1419","7242","5222","16327","2687","9365","644","(X)","(X)","1653","997","23288","7578","8300","2920","69280","11501","N","N","N","N","N","N","N","N","N","N","N","N","20406","3025","25792","10169","20044","3202","N","N","-","**","-","**","-","**","14370","1867","-","**","25792","10169",
"1400000US26163535700","Census Tract 5357, Wayne County, Michigan","464","86","363","85","314","84","71","50","13","21","121","51","107","59","248","78","0","11","84","37","5","9","323","86","68","50","155","62","19","23","81","43","0","11","0","11","1264","302","40","36","1042","269","9","20","0","11","0","11","0","11","173","157","83","69","40","36","464","86","78.2","9.4","67.7","10.9","15.3","10.3","2.8","4.6","26.1","9.3","23.1","11.1","53.4","11.3","0.0","5.8","18.1","7.6","1.1","1.8","323","86","21.1","13.8","48.0","13.9","5.9","6.8","25.1","12.5","0.0","8.2","0.0","8.2","1264","302","3.2","2.7","82.4","12.3","0.7","1.6","0.0","2.1","0.0","2.1","0.0","2.1","13.7","11.2","6.6","5.5","3.2","2.7","42713","7286","42136","8171","47292","10949","6280","3191","N","N","16548","6904","8279","1808","(X)","(X)","-","**","18885","3306","N","N","41278","9555","N","N","N","N","N","N","N","N","N","N","N","N","17486","3128","22803","1127","19059","3761","N","N","-","**","-","**","-","**","6792","916","N","N","22803","1127",
"1400000US26163535800","Census Tract 5358, Wayne County, Michigan","1775","240","1051","150","1045","151","83","60","45","35","514","156","154","78","857","216","83","100","303","82","79","53","1106","217","384","202","533","114","100","59","72","57","9","15","8","13","4538","855","202","164","3902","831","0","11","0","11","0","11","405","343","29","33","286","247","170","160","1775","240","59.2","10.0","58.9","10.0","4.7","3.5","2.5","2.0","29.0","7.9","8.7","4.3","48.3","10.4","4.7","5.4","17.1","5.1","4.5","3.0","1106","217","34.7","13.4","48.2","11.9","9.0","5.2","6.5","5.3","0.8","1.3","0.7","1.2","4538","855","4.5","3.8","86.0","7.9","0.0","0.6","0.0","0.6","0.0","0.6","8.9","7.3","0.6","0.7","6.3","5.4","3.7","3.6","33553","5560","39184","5832","38820","5713","7417","2143","5991","2829","18011","4742","10658","2139","(X)","(X)","5695","3954","18058","4130","15963","12115","32911","6366","N","N","N","N","N","N","N","N","N","N","N","N","14822","3565","24312","14706","15205","4063","-","**","-","**","-","**","3914","2800","N","N","6414","869","27421","19289",
"1400000US26163536100","Census Tract 5361, Wayne County, Michigan","1394","262","840","199","840","199","77","59","37","38","562","190","276","148","609","183","24","35","377","155","151","102","710","170","58","45","479","177","78","71","50","40","11","19","34","36","3397","689","158","112","3207","690","0","11","8","15","0","11","0","11","24","34","8","15","158","112","1394","262","60.3","11.9","60.3","11.9","5.5","4.3","2.7","2.8","40.3","10.7","19.8","9.4","43.7","10.4","1.7","2.6","27.0","9.8","10.8","7.3","710","170","8.2","6.7","67.5","13.3","11.0","10.0","7.0","5.9","1.5","2.8","4.8","5.2","3397","689","4.7","3.4","94.4","3.6","0.0","0.8","0.2","0.5","0.0","0.8","0.0","0.8","0.7","1.0","0.2","0.4","4.7","3.4","32113","6198","31918","6305","31180","6361","8040","3572","N","N","14923","2765","9608","1712","(X)","(X)","N","N","16903","8709","2928","2753","37741","7351","N","N","N","N","N","N","N","N","N","N","N","N","13934","2687","20638","10647","13570","2733","-","**","-","**","-","**","-","**","N","N","N","N","20638","10647",
"1400000US26163536200","Census Tract 5362, Wayne County, Michigan","937","229","557","85","550","84","50","39","49","37","430","219","92","61","348","203","6","10","281","126","38","33","434","99","49","29","169","64","124","56","61","52","5","12","26","41","2185","461","127","126","1997","428","0","11","0","11","0","11","0","11","61","65","0","11","127","126","937","229","59.4","15.2","58.7","15.5","5.3","4.2","5.2","4.0","45.9","13.9","9.8","6.8","37.1","15.7","0.6","1.1","30.0","11.7","4.1","3.6","434","99","11.3","6.4","38.9","14.7","28.6","10.2","14.1","10.2","1.2","2.7","6.0","9.4","2185","461","5.8","5.4","91.4","6.5","0.0","1.2","0.0","1.2","0.0","1.2","0.0","1.2","2.8","3.0","0.0","1.2","5.8","5.4","41856","7492","48864","8196","47178","7879","25388","14569","1402","1297","16709","2581","10950","1747","(X)","(X)","N","N","12837","3669","3516","3468","58600","8811","N","N","N","N","N","N","N","N","N","N","N","N","19100","2295","23636","7865","18902","2492","-","**","-","**","-","**","-","**","16126","3458","-","**","23636","7865",
"1400000US26163536300","Census Tract 5363, Wayne County, Michigan","970","242","712","222","631","203","107","78","40","27","293","154","214","139","323","168","32","39","191","77","14","21","682","233","134","133","325","167","0","11","170","163","28","43","25","30","3040","762","24","28","2942","762","0","11","0","11","0","11","0","11","74","74","13","29","24","28","970","242","73.4","13.5","65.1","13.7","11.0","7.7","4.1","3.1","30.2","13.2","22.1","13.4","33.3","15.1","3.3","4.1","19.7","9.6","1.4","2.2","682","233","19.6","17.8","47.7","23.8","0.0","3.9","24.9","20.4","4.1","6.1","3.7","4.6","3040","762","0.8","1.0","96.8","2.6","0.0","0.9","0.0","0.9","0.0","0.9","0.0","0.9","2.4","2.5","0.4","1.0","0.8","1.0","53025","20854","58312","25080","57553","28078","48621","6294","N","N","11669","4746","8508","1755","(X)","(X)","N","N","22294","12352","N","N","64406","29300","N","N","N","N","N","N","N","N","N","N","N","N","18832","8206","N","N","19299","8387","-","**","-","**","-","**","-","**","N","N","N","N","N","N",
"1400000US26163536400","Census Tract 5364, Wayne County, Michigan","794","146","469","97","449","94","33","40","21","25","282","103","158","92","372","130","59","49","177","74","76","61","548","95","156","103","210","88","0","11","140","62","11","22","31","34","2503","573","20","31","2483","574","0","11","0","11","0","11","0","11","0","11","0","11","20","31","794","146","59.1","12.9","56.5","12.9","4.2","5.0","2.6","3.3","35.5","11.0","19.9","11.1","46.9","12.2","7.4","6.3","22.3","10.5","9.6","7.2","548","95","28.5","15.8","38.3","16.8","0.0","4.9","25.5","12.1","2.0","4.1","5.7","6.1","2503","573","0.8","1.3","99.2","1.3","0.0","1.1","0.0","1.1","0.0","1.1","0.0","1.1","0.0","1.1","0.0","1.1","0.8","1.3","34903","8522","40662","10292","41055","10581","N","N","N","N","16189","3647","8400","2514","(X)","(X)","2897","1846","13207","5634","2972","2321","40673","9677","N","N","N","N","N","N","N","N","N","N","N","N","11807","2680","N","N","11756","2684","-","**","-","**","-","**","-","**","-","**","-","**","N","N",
"1400000US26163536500","Census Tract 5365, Wayne County, Michigan","850","178","536","169","495","170","60","52","56","54","236","112","170","76","362","132","24","26","173","93","176","145","508","161","99","65","213","85","151","141","13","21","13","21","19","28","2220","646","167","141","1838","568","0","11","39","58","0","11","0","11","176","133","25","42","167","141","850","178","63.1","12.6","58.2","13.1","7.1","6.5","6.6","6.4","27.8","11.9","20.0","9.7","42.6","16.0","2.8","3.1","20.4","11.1","20.7","13.6","508","161","19.5","12.8","41.9","17.5","29.7","21.5","2.6","4.4","2.6","4.3","3.7","5.9","2220","646","7.5","5.3","82.8","8.9","0.0","1.2","1.8","2.7","0.0","1.2","0.0","1.2","7.9","6.2","1.1","2.0","7.5","5.3","42166","10464","46303","14373","49670","15023","3862","4350","5688","4390","23674","4765","6646","1192","(X)","(X)","N","N","19231","4908","3544","1124","49258","14118","N","N","N","N","N","N","N","N","N","N","N","N","16852","4015","44057","21380","15758","4011","-","**","N","N","-","**","-","**","4538","5455","N","N","44057","21380",
"1400000US26163536600","Census Tract 5366, Wayne County, Michigan","1141","337","884","328","874","328","28","33","38","32","354","95","142","74","453","107","20","24","188","51","345","308","627","130","124","66","260","104","24","27","210","94","0","11","9","14","2621","549","12","17","2588","547","10","15","0","11","0","11","11","16","0","11","27","32","12","17","1141","337","77.5","9.1","76.6","9.3","2.5","3.0","3.3","2.9","31.0","11.4","12.4","6.5","39.7","12.9","1.8","2.3","16.5","6.4","30.2","19.9","627","130","19.8","9.7","41.5","14.0","3.8","4.3","33.5","13.1","0.0","4.3","1.4","2.3","2621","549","0.5","0.7","98.7","1.4","0.4","0.6","0.0","1.0","0.0","1.0","0.4","0.6","0.0","1.0","1.0","1.2","0.5","0.7","50382","25476","41432","16658","41904","16891","75","5479","-439","862","19050","3649","10451","1833","(X)","(X)","N","N","50087","69290","9286","9894","68630","41552","N","N","N","N","N","N","N","N","N","N","N","N","25539","11258","N","N","25162","11432","N","N","-","**","-","**","N","N","-","**","29237","16085","N","N",
"1400000US26163536700","Census Tract 5367, Wayne County, Michigan","372","84","210","81","178","66","32","43","34","29","98","34","111","56","179","74","30","32","74","45","22","31","207","76","75","44","61","47","67","60","4","6","0","11","0","11","892","279","2","4","852","276","0","11","32","42","0","11","0","11","6","16","0","11","2","4","372","84","56.5","15.8","47.8","15.7","8.6","10.7","9.1","8.3","26.3","9.8","29.8","13.5","48.1","17.7","8.1","8.2","19.9","12.0","5.9","7.9","207","76","36.2","20.9","29.5","21.1","32.4","22.9","1.9","2.8","0.0","12.4","0.0","12.4","892","279","0.2","0.5","95.5","6.1","0.0","3.0","3.6","4.8","0.0","3.0","0.0","3.0","0.7","1.8","0.0","3.0","0.2","0.5","41189","9722","44102","12107","48948","13525","N","N","34138","20061","19365","5916","10919","2008","(X)","(X)","1147","893","21820","12238","N","N","52529","15936","N","N","N","N","N","N","N","N","N","N","N","N","18061","5861","N","N","17186","5588","-","**","N","N","-","**","-","**","-","**","-","**","N","N",
"1400000US26163536800","Census Tract 5368, Wayne County, Michigan","635","201","449","200","449","200","0","11","35","27","164","60","48","44","252","92","17","27","106","50","59","48","386","181","87","59","120","66","12","19","106","154","16","27","45","35","1829","605","57","61","1724","591","35","39","0","11","0","11","0","11","13","16","27","31","40","56","635","201","70.7","14.1","70.7","14.1","0.0","4.2","5.5","4.6","25.8","11.2","7.6","7.4","39.7","16.5","2.7","4.3","16.7","9.8","9.3","8.0","386","181","22.5","17.2","31.1","18.8","3.1","5.2","27.5","30.1","4.1","7.0","11.7","10.9","1829","605","3.1","3.4","94.3","4.6","1.9","2.1","0.0","1.5","0.0","1.5","0.0","1.5","0.7","0.9","1.5","1.7","2.2","3.1","40677","9138","44075","11001","44075","11001","-","**","3757","3775","19896","4405","9077","707","(X)","(X)","N","N","16900","6878","7036","1071","41460","12225","N","N","N","N","N","N","N","N","N","N","N","N","15383","4337","N","N","13839","4294","20711","10296","-","**","-","**","-","**","N","N","N","N","N","N",
"1400000US26163536900","Census Tract 5369, Wayne County, Michigan","1038","147","607","138","589","140","18","19","72","49","495","123","160","103","424","124","41","53","337","89","57","44","572","111","167","83","310","79","0","11","95","78","0","11","0","11","2823","456","32","49","2592","434","0","11","0","11","0","11","0","11","199","197","194","197","32","49","1038","147","58.5","9.6","56.7","9.8","1.7","1.9","6.9","4.7","47.7","11.7","15.4","9.4","40.8","12.0","3.9","5.1","32.5","8.4","5.5","4.2","572","111","29.2","12.5","54.2","13.7","0.0","4.7","16.6","12.6","0.0","4.7","0.0","4.7","2823","456","1.1","1.8","91.8","6.9","0.0","1.0","0.0","1.0","0.0","1.0","0.0","1.0","7.0","6.7","6.9","6.7","1.1","1.8","36760","6212","36142","6731","36904","6895","N","N","2406","1941","16102","2669","8316","1789","(X)","(X)","N","N","17857","3897","12111","13541","43403","7618","36333","13582","40225","8730","-","**","66200","10398","-","**","-","**","14201","2498","22306","6105","14312","2569","-","**","-","**","-","**","-","**","N","N","N","N","22306","6105",
"1400000US26163537000","Census Tract 5370, Wayne County, Michigan","1162","269","736","243","688","240","81","48","41","28","586","235","283","240","617","235","40","42","329","216","76","51","676","235","145","68","408","239","11","17","57","49","7","13","48","44","3611","1269","39","37","3538","1259","0","11","0","11","0","11","0","11","34","38","10","15","39","37","1162","269","63.3","11.6","59.2","11.7","7.0","4.5","3.5","2.6","50.4","11.7","24.4","16.6","53.1","12.4","3.4","3.7","28.3","14.3","6.5","4.8","676","235","21.4","12.2","60.4","18.0","1.6","2.5","8.4","7.9","1.0","2.0","7.1","7.3","3611","1269","1.1","1.0","98.0","1.5","0.0","0.8","0.0","0.8","0.0","0.8","0.0","0.8","0.9","1.1","0.3","0.4","1.1","1.0","38305","8186","33449","13080","33876","13794","16195","5237","40910","54326","19586","5243","9280","1833","(X)","(X)","758","309","11571","2794","3608","2656","44600","9279","N","N","N","N","N","N","N","N","N","N","N","N","13233","3219","11628","14693","13181","3235","-","**","-","**","-","**","-","**","20435","16071","N","N","11628","14693",
"1400000US26163537100","Census Tract 5371, Wayne County, Michigan","817","205","475","166","469","167","6","9","26","22","365","159","233","162","357","137","34","26","240","57","28","31","401","69","91","50","197","68","43","42","53","40","0","11","17","28","2073","418","72","61","1968","426","0","11","0","11","0","11","0","11","33","52","35","44","55","49","817","205","58.1","12.5","57.4","12.7","0.7","1.2","3.2","2.9","44.7","13.6","28.5","14.7","43.7","14.6","4.2","3.2","29.4","9.2","3.4","4.0","401","69","22.7","11.3","49.1","14.9","10.7","10.5","13.2","10.2","0.0","6.6","4.2","6.8","2073","418","3.5","3.0","94.9","4.4","0.0","1.3","0.0","1.3","0.0","1.3","0.0","1.3","1.6","2.6","1.7","2.2","2.7","2.4","35329","6546","32765","11320","33177","11716","N","N","3488","3896","20820","5935","6068","2548","(X)","(X)","774","633","16568","3675","6921","3859","44534","9488","N","N","N","N","N","N","N","N","N","N","N","N","14335","2713","17999","8385","14321","2931","-","**","-","**","-","**","-","**","N","N","N","N","23324","7323",
"1400000US26163537200","Census Tract 5372, Wayne County, Michigan","199","48","104","37","101","37","3","4","0","11","87","33","55","38","109","41","23","30","25","16","21","15","123","37","54","35","41","25","0","11","13","15","15","16","0","11","489","150","10","10","471","149","0","11","0","11","0","11","0","11","8","8","0","11","10","10","199","48","52.3","15.7","50.8","16.0","1.5","2.2","0.0","12.9","43.7","12.8","27.6","15.3","54.8","14.5","11.6","13.7","12.6","8.6","10.6","7.6","123","37","43.9","22.3","33.3","19.5","0.0","19.9","10.6","12.6","12.2","13.0","0.0","19.9","489","150","2.0","2.2","96.3","2.8","0.0","5.5","0.0","5.5","0.0","5.5","0.0","5.5","1.6","1.6","0.0","5.5","2.0","2.2","32528","8183","39496","9678","40455","9885","N","N","-","**","9284","3147","8773","708","(X)","(X)","N","N","33112","13949","6567","1754","39454","12013","N","N","N","N","N","N","N","N","N","N","N","N","14037","3866","N","N","14213","4050","-","**","-","**","-","**","-","**","N","N","-","**","N","N",
"1400000US26163537300","Census Tract 5373, Wayne County, Michigan","729","137","463","133","463","133","1","3","8","12","230","77","117","61","332","122","20","26","158","75","108","71","260","120","103","72","83","71","0","11","26","29","31","50","17","29","1503","423","7","9","1451","405","0","11","0","11","0","11","0","11","45","71","1","4","7","9","729","137","63.5","10.8","63.5","10.8","0.1","0.4","1.1","1.6","31.6","10.2","16.0","8.2","45.5","14.1","2.7","3.7","21.7","9.4","14.8","10.0","260","120","39.6","24.0","31.9","22.0","0.0","10.0","10.0","11.0","11.9","16.7","6.5","11.9","1503","423","0.5","0.6","96.5","4.5","0.0","1.8","0.0","1.8","0.0","1.8","0.0","1.8","3.0","4.5","0.1","0.3","0.5","0.6","34659","9219","34803","7565","34800","7565","N","N","N","N","19098","6540","9666","738","(X)","(X)","N","N","17968","9300","6376","2195","43569","18818","N","N","N","N","N","N","N","N","N","N","N","N","18162","4605","10900","11069","17580","4737","-","**","-","**","-","**","-","**","38062","2423","N","N","10900","11069",
"1400000US26163537500","Census Tract 5375, Wayne County, Michigan","1111","264","740","177","740","177","87","117","62","46","571","241","221","151","451","249","90","115","239","76","160","132","763","170","108","85","360","159","63","65","204","108","13","24","15","23","2997","638","155","101","2686","622","23","34","0","11","0","11","26","43","107","105","39","63","155","101","1111","264","66.6","15.2","66.6","15.2","7.8","10.0","5.6","4.6","51.4","11.8","19.9","12.8","40.6","15.8","8.1","9.9","21.5","8.8","14.4","10.8","763","170","14.2","10.8","47.2","16.1","8.3","8.4","26.7","14.1","1.7","3.1","2.0","3.1","2997","638","5.2","3.4","89.6","5.8","0.8","1.1","0.0","0.9","0.0","0.9","0.9","1.5","3.6","3.5","1.3","2.1","5.2","3.4","58151","28074","42814","12640","41716","12797","N","N","166729","226788","11367","2991","10778","2806","(X)","(X)","2370","125","52960","60899","5264","1284","44505","10368","N","N","N","N","N","N","N","N","N","N","N","N","23064","10446","13015","10459","24488","11609","N","N","-","**","-","**","N","N","3756","2669","-","**","13015","10459",
"1400000US26163537600","Census Tract 5376, Wayne County, Michigan","1325","272","899","267","721","153","178","226","34","30","484","241","206","93","571","281","0","11","361","129","284","238","817","267","168","94","540","242","7","11","52","43","9","14","41","57","3775","874","93","61","3677","866","0","11","0","11","0","11","0","11","5","11","0","11","93","61","1325","272","67.8","10.6","54.4","13.3","13.4","14.9","2.6","2.2","36.5","13.6","15.5","7.1","43.1","14.3","0.0","2.1","27.2","8.9","21.4","14.4","817","267","20.6","11.1","66.1","12.2","0.9","1.3","6.4","5.4","1.1","1.7","5.0","7.3","3775","874","2.5","1.7","97.4","1.7","0.0","0.7","0.0","0.7","0.0","0.7","0.0","0.7","0.1","0.3","0.0","0.7","2.5","1.7","46292","10715","42799","15465","52536","13821","N","N","1482","1148","18954","3457","8940","1637","(X)","(X)","-","**","26629","11010","7682","7098","53960","18158","N","N","N","N","N","N","N","N","N","N","N","N","17547","4314","6631","4849","17847","4436","-","**","-","**","-","**","-","**","-","**","-","**","6631","4849",
"1400000US26163537700","Census Tract 5377, Wayne County, Michigan","1049","165","506","137","479","125","58","67","8","12","484","160","164","93","488","131","66","50","294","120","107","86","518","129","162","73","222","102","47","56","58","39","29","29","0","11","2716","455","14","22","2600","484","0","11","0","11","0","11","0","11","102","173","0","11","14","22","1049","165","48.2","11.4","45.7","11.0","5.5","6.2","0.8","1.2","46.1","11.2","15.6","9.1","46.5","10.6","6.3","4.6","28.0","10.1","10.2","7.8","518","129","31.3","11.8","42.9","15.1","9.1","10.3","11.2","7.7","5.6","5.9","0.0","5.2","2716","455","0.5","0.8","95.7","6.5","0.0","1.0","0.0","1.0","0.0","1.0","0.0","1.0","3.8","6.4","0.0","1.0","0.5","0.8","35021","9549","42908","14787","44917","15178","N","N","N","N","15735","2678","8266","1942","(X)","(X)","5667","5383","16094","4464","6384","5226","47999","16347","N","N","N","N","N","N","N","N","N","N","N","N","14768","3936","N","N","15329","4110","-","**","-","**","-","**","-","**","N","N","-","**","N","N",
"1400000US26163537800","Census Tract 5378, Wayne County, Michigan","612","100","273","72","241","69","39","36","33","22","204","52","171","82","324","88","41","26","106","45","30","30","301","76","125","60","84","34","32","33","32","25","24","29","4","8","1338","288","31","32","1291","289","0","11","0","11","6","9","10","15","0","11","0","11","31","32","612","100","44.6","10.6","39.4","11.0","6.4","5.8","5.4","3.9","33.3","9.3","27.9","11.3","52.9","9.9","6.7","4.3","17.3","7.9","4.9","4.6","301","76","41.5","14.8","27.9","12.3","10.6","10.3","10.6","8.2","8.0","9.4","1.3","2.6","1338","288","2.3","2.5","96.5","2.9","0.0","2.0","0.0","2.0","0.4","0.7","0.7","1.1","0.0","2.0","0.0","2.0","2.3","2.5","27746","5809","35255","10131","38466","10709","9087","3259","1161","1236","17242","2722","11394","2147","(X)","(X)","2490","1381","14944","4839","5520","7762","35985","7919","N","N","N","N","N","N","N","N","N","N","N","N","13059","2054","20532","2709","12888","2115","-","**","-","**","N","N","N","N","-","**","-","**","20532","2709",
"1400000US26163538100","Census Tract 5381, Wayne County, Michigan","1115","152","757","153","706","151","148","70","266","129","512","94","75","57","117","68","14","15","471","111","86","54","629","167","115","45","147","64","94","46","108","74","71","47","94","115","2456","497","531","154","1848","522","0","11","31","46","0","11","0","11","46","40","35","26","504","148","1115","152","67.9","7.9","63.3","8.2","13.3","6.4","23.9","9.4","45.9","8.9","6.7","5.2","10.5","5.8","1.3","1.3","42.2","8.6","7.7","4.8","629","167","18.3","7.7","23.4","10.7","14.9","7.1","17.2","11.4","11.3","7.3","14.9","15.7","2456","497","21.6","7.6","75.2","8.3","0.0","1.1","1.3","1.9","0.0","1.1","0.0","1.1","1.9","1.7","1.4","1.1","20.5","7.3","83647","9415","84704","12081","87732","12468","14741","9063","9972","3823","21946","2565","9519","3732","(X)","(X)","N","N","28847","5554","10805","10739","93976","13641","59641","19624","67509","7553","117301","23068","70920","22794","182873","54061","113395","36636","38754","3935","54871","6928","34662","4783","-","**","7026","996","-","**","-","**","38461","14555","59926","27276","53649","6990",
"1400000US26163538200","Census Tract 5382, Wayne County, Michigan","776","77","605","89","575","80","116","54","188","55","323","79","68","55","57","47","10","15","331","80","79","64","539","94","62","32","158","64","195","44","88","69","24","21","12","14","2010","236","456","154","1498","244","0","11","11","16","0","11","33","33","12","19","65","86","415","149","776","77","78.0","6.5","74.1","7.4","14.9","6.7","24.2","6.6","41.6","7.5","8.8","7.1","7.3","6.0","1.3","2.0","42.7","8.7","10.2","7.6","539","94","11.5","5.8","29.3","9.3","36.2","10.3","16.3","11.4","4.5","3.7","2.2","2.6","2010","236","22.7","7.4","74.5","7.9","0.0","1.4","0.5","0.8","0.0","1.4","1.6","1.6","0.6","0.9","3.2","4.3","20.6","7.2","173911","50281","168690","63115","173385","66046","20353","13377","37577","16639","31224","3494","5600","1982","(X)","(X)","N","N","43916","7673","10200","4628","164344","23319","N","N","N","N","N","N","N","N","N","N","N","N","66981","20116","121403","75022","51075","9417","-","**","N","N","-","**","N","N","N","N","23014","2852","129987","80406",
"1400000US26163538300","Census Tract 5383, Wayne County, Michigan","1255","349","965","333","961","331","34","31","47","35","384","168","43","38","430","216","64","51","161","139","96","74","356","144","25","31","277","136","36","26","18","24","0","11","0","11","2139","562","137","70","1956","557","0","11","20","31","0","11","8","13","18","26","0","11","137","70","1255","349","76.9","9.3","76.6","9.4","2.7","2.6","3.7","3.1","30.6","11.8","3.4","3.1","34.3","14.6","5.1","4.0","12.8","10.3","7.6","6.1","356","144","7.0","8.5","77.8","12.9","10.1","7.0","5.1","7.2","0.0","7.4","0.0","7.4","2139","562","6.4","3.7","91.4","4.1","0.0","1.3","0.9","1.4","0.0","1.3","0.4","0.6","0.8","1.2","0.0","1.3","6.4","3.7","40173","5991","41384","7576","41371","7772","5250","3668","10723","15378","15971","5378","5493","3711","(X)","(X)","1883","3154","16093","8129","9347","7017","63479","17883","N","N","N","N","N","N","N","N","N","N","N","N","24092","5178","25906","15321","23731","5364","-","**","N","N","-","**","N","N","-","**","-","**","25906","15321",
"1400000US26163538400","Census Tract 5384, Wayne County, Michigan","1690","390","1120","180","1106","179","131","77","343","129","837","379","45","41","114","73","0","11","890","375","146","91","1192","384","393","365","241","116","228","102","152","69","134","69","44","49","4510","661","1018","529","3061","573","16","24","85","123","0","11","112","147","218","134","111","115","1007","528","1690","390","66.3","16.0","65.4","15.8","7.8","4.8","20.3","8.6","49.5","12.5","2.7","2.5","6.7","4.5","0.0","1.6","52.7","11.8","8.6","5.5","1192","384","33.0","22.0","20.2","10.5","19.1","9.0","12.8","7.6","11.2","7.1","3.7","4.3","4510","661","22.6","10.0","67.9","9.4","0.4","0.6","1.9","2.8","0.0","0.6","2.5","3.5","4.8","3.0","2.5","2.6","22.3","10.0","95953","15658","92453","13091","92312","12947","11077","7063","6004","2343","27222","3214","10953","4672","(X)","(X)","-","**","33184","10595","25634","23629","107354","23589","N","N","N","N","N","N","N","N","N","N","N","N","36893","4182","40965","13331","37716","5035","N","N","N","N","-","**","18713","3016","26352","15996","24239","13488","40404","13189",
"1400000US26163538500","Census Tract 5385, Wayne County, Michigan","1945","223","1139","182","1075","183","95","65","267","163","939","200","278","111","755","181","169","102","609","140","155","109","1221","196","344","143","520","169","163","103","106","72","63","54","25","34","5059","722","212","124","4777","750","0","15","0","15","0","15","0","15","70","63","43","52","183","96","1945","223","58.6","8.4","55.3","8.6","4.9","3.3","13.7","7.5","48.3","8.2","14.3","5.7","38.8","9.4","8.7","5.1","31.3","7.8","8.0","5.5","1221","196","28.2","10.0","42.6","11.7","13.3","8.4","8.7","5.5","5.2","4.6","2.0","2.8","5059","722","4.2","2.6","94.4","2.9","0.0","0.5","0.0","0.5","0.0","0.5","0.0","0.5","1.4","1.3","0.8","1.0","3.6","2.0","63017","19309","66985","24081","68664","25720","26129","11027","31541","35410","18769","2938","7232","1396","(X)","(X)","2097","1708","26966","6695","9292","6963","82072","28435","N","N","N","N","N","N","N","N","N","N","N","N","25361","7058","28779","10334","25481","7516","-","**","-","**","-","**","-","**","N","N","N","N","25277","9393",
"1400000US26163538600","Census Tract 5386, Wayne County, Michigan","2127","251","1461","271","1294","236","327","193","231","149","951","193","340","144","433","143","83","73","565","142","107","71","1333","285","254","111","440","204","266","155","199","159","119","77","55","67","5294","811","280","189","4901","759","1","2","0","15","0","15","0","15","112","100","54","68","268","187","2127","251","68.7","8.0","60.8","8.3","15.4","7.9","10.9","6.5","44.7","7.7","16.0","6.8","20.4","6.5","3.9","3.4","26.6","7.5","5.0","3.4","1333","285","19.1","8.7","33.0","11.8","20.0","11.1","14.9","11.2","8.9","5.9","4.1","4.9","5294","811","5.3","3.4","92.6","4.6","0.0","0.1","0.0","0.5","0.0","0.5","0.0","0.5","2.1","1.8","1.0","1.3","5.1","3.3","54253","7665","51027","8889","56704","9204","3595","3720","3435","1762","22157","3334","9030","3201","(X)","(X)","2169","983","26808","6294","5461","3642","63177","11326","N","N","N","N","N","N","N","N","N","N","N","N","23054","3109","35611","9695","21610","3315","N","N","-","**","-","**","-","**","54798","35138","N","N","35737","10171",
"1400000US26163538700","Census Tract 5387, Wayne County, Michigan","1469","107","1046","145","1046","145","66","65","199","107","483","106","134","75","494","143","77","76","520","120","239","120","883","132","131","50","407","113","27","32","111","72","138","113","69","54","3924","598","44","35","3627","550","0","11","0","11","0","11","148","233","105","79","0","11","44","35","1469","107","71.2","8.4","71.2","8.4","4.5","4.4","13.5","7.3","32.9","7.4","9.1","5.3","33.6","9.1","5.2","5.1","35.4","7.9","16.3","7.7","883","132","14.8","6.1","46.1","11.4","3.1","3.6","12.6","7.4","15.6","12.1","7.8","6.5","3924","598","1.1","0.9","92.4","5.7","0.0","0.7","0.0","0.7","0.0","0.7","3.8","5.7","2.7","2.1","0.0","0.7","1.1","0.9","55105","14300","49545","11995","48985","11966","8882","11296","29823","40614","18917","3652","8469","2735","(X)","(X)","1019","1066","22035","15928","5781","3882","70363","19834","N","N","N","N","N","N","N","N","N","N","N","N","21529","5147","30282","188","22424","5668","-","**","-","**","-","**","N","N","17220","8594","-","**","30282","188",
"1400000US26163538800","Census Tract 5388, Wayne County, Michigan","825","183","619","187","610","186","32","28","69","35","222","43","16","18","122","50","18","19","188","43","46","40","570","185","92","44","290","184","82","55","85","46","5","16","16","17","2078","577","0","11","1977","576","0","11","0","11","0","11","22","23","79","99","24","25","0","11","825","183","75.0","7.9","73.9","8.1","3.9","3.4","8.4","4.5","26.9","7.5","1.9","2.3","14.8","6.8","2.2","2.3","22.8","7.0","5.6","4.9","570","185","16.1","8.9","50.9","18.8","14.4","10.3","14.9","9.6","0.9","2.8","2.8","3.0","2078","577","0.0","1.3","95.1","5.1","0.0","1.3","0.0","1.3","0.0","1.3","1.1","1.2","3.8","4.8","1.2","1.3","0.0","1.3","49450","8276","51971","10217","51207","10165","29178","25728","3967","1977","17052","3423","N","N","(X)","(X)","N","N","20487","7229","10059","8342","51124","11244","N","N","N","N","N","N","N","N","N","N","N","N","19955","4853","-","**","19376","4991","-","**","-","**","-","**","N","N","19890","3659","26667","13916","-","**",
"1400000US26163538900","Census Tract 5389, Wayne County, Michigan","1577","193","990","231","939","229","110","74","232","144","716","176","242","135","316","129","19","25","607","198","140","79","755","170","164","79","391","179","59","57","105","62","20","28","16","23","3334","713","53","53","2854","411","7","12","402","572","0","11","0","11","18","25","7","12","53","53","1577","193","62.8","10.7","59.5","10.7","7.0","4.7","14.7","8.7","45.4","9.0","15.3","8.3","20.0","8.5","1.2","1.6","38.5","11.8","8.9","4.9","755","170","21.7","11.1","51.8","16.0","7.8","7.5","13.9","9.0","2.6","3.8","2.1","2.9","3334","713","1.6","1.7","85.6","14.9","0.2","0.4","12.1","15.3","0.0","0.8","0.0","0.8","0.5","0.8","0.2","0.4","1.6","1.7","66777","19038","71822","27390","73401","28769","19825","11887","516","473","22252","3373","11258","1709","(X)","(X)","N","N","23138","5126","9467","10499","56884","12787","N","N","N","N","N","N","N","N","N","N","N","N","29956","5487","64445","36217","28106","6248","N","N","38538","5474","-","**","-","**","25722","13266","N","N","64445","36217",
"1400000US26163539000","Census Tract 5390, Wayne County, Michigan","1099","205","649","168","649","168","46","59","90","56","554","175","82","72","364","164","107","120","260","103","119","81","579","167","139","75","154","99","19","29","259","135","0","11","8","14","2705","786","102","107","2486","790","0","11","0","11","0","11","39","49","78","115","0","11","102","107","1099","205","59.1","11.1","59.1","11.1","4.2","5.2","8.2","5.3","50.4","12.5","7.5","6.6","33.1","12.0","9.7","10.2","23.7","8.5","10.8","7.3","579","167","24.0","13.5","26.6","15.4","3.3","5.2","44.7","17.6","0.0","4.6","1.4","2.4","2705","786","3.8","4.1","91.9","6.6","0.0","1.0","0.0","1.0","0.0","1.0","1.4","1.9","2.9","4.3","0.0","1.0","3.8","4.1","41281","9057","47702","13063","47572","13054","N","N","557","458","15792","2263","5932","1139","(X)","(X)","880","824","14512","2915","10559","6895","54518","12599","N","N","N","N","N","N","N","N","N","N","N","N","17955","4036","19131","11232","18093","4365","-","**","-","**","-","**","17144","2028","N","N","-","**","19131","11232",
"1400000US26163539100","Census Tract 5391, Wayne County, Michigan","742","148","423","119","418","119","22","19","63","57","368","143","180","128","338","133","62","51","239","139","111","43","490","160","138","113","251","112","10","14","49","33","9","13","33","33","1646","307","4","9","1517","337","47","61","63","86","0","11","0","11","15","16","63","86","4","9","742","148","57.0","11.8","56.3","11.8","3.0","2.7","8.5","7.6","49.6","11.9","24.3","14.5","45.6","13.3","8.4","6.7","32.2","14.5","15.0","6.2","490","160","28.2","18.3","51.2","17.4","2.0","3.0","10.0","7.3","1.8","2.7","6.7","6.9","1646","307","0.2","0.6","92.2","7.6","2.9","3.9","3.8","5.4","0.0","1.7","0.0","1.7","0.9","1.0","3.8","5.4","0.2","0.6","44569","10198","44467","9464","45247","9528","-4700","5124","7205","10280","18020","4100","9426","1054","(X)","(X)","905","465","16327","6740","13699","8643","56640","13225","N","N","N","N","N","N","N","N","N","N","N","N","19697","4191","3000","5619","20931","4415","N","N","N","N","-","**","-","**","N","N","N","N","3000","5619",
"1400000US26163539200","Census Tract 5392, Wayne County, Michigan","2139","336","1360","334","1180","363","306","171","144","142","1005","245","142","116","592","223","0","15","451","179","67","73","1132","330","223","137","607","289","79","79","157","133","0","15","66","74","5227","999","16","31","5178","996","33","56","0","15","0","15","0","15","0","15","14","25","16","31","2139","336","63.6","10.9","55.2","13.4","14.3","8.2","6.7","6.4","47.0","11.0","6.6","5.4","27.7","11.0","0.0","1.3","21.1","8.3","3.1","3.5","1132","330","19.7","11.1","53.6","14.9","7.0","7.2","13.9","11.8","0.0","2.4","5.8","6.9","5227","999","0.3","0.6","99.1","1.3","0.6","1.1","0.0","0.5","0.0","0.5","0.0","0.5","0.0","0.5","0.3","0.5","0.3","0.6","41825","8317","45163","10549","45089","10308","26850","8896","755","899","15585","4005","14371","8298","(X)","(X)","-","**","19816","3586","19301","22193","59385","13922","N","N","N","N","N","N","N","N","N","N","N","N","18050","4258","13350","11183","18112","4303","N","N","-","**","-","**","-","**","-","**","N","N","13350","11183",
"1400000US26163539300","Census Tract 5393, Wayne County, Michigan","2460","1037","2023","1047","1705","1009","357","300","908","1018","1419","1008","165","93","470","161","37","40","1202","993","196","133","1597","1018","167","63","357","137","99","75","906","1016","0","11","68","71","4506","1192","1","2","3750","701","1","3","0","11","0","11","748","1009","6","11","5","8","1","2","2460","1037","82.2","9.9","69.3","16.8","14.5","12.8","36.9","29.1","57.7","20.3","6.7","4.9","19.1","10.8","1.5","1.8","48.9","23.3","8.0","6.5","1597","1018","10.5","8.6","22.4","18.6","6.2","6.8","56.7","33.0","0.0","1.7","4.3","5.6","4506","1192","0.0","0.1","83.2","19.6","0.0","0.1","0.0","0.6","0.0","0.6","16.6","19.6","0.1","0.3","0.1","0.2","0.0","0.1","65703","15019","51237","10455","58733","7695","9837","14565","2134","669","22619","2357","10756","2398","(X)","(X)","770","1285","14982","5577","21070","12687","80741","11069","N","N","N","N","N","N","N","N","N","N","N","N","26440","4139","N","N","25776","4724","N","N","-","**","-","**","29551","386","N","N","N","N","N","N",
"1400000US26163539400","Census Tract 5394, Wayne County, Michigan","1548","247","914","164","895","159","85","56","127","68","678","189","140","83","510","197","15","24","534","207","221","81","848","149","161","96","323","114","26","31","205","102","68","57","65","49","3939","558","36","32","3767","555","3","5","0","11","0","11","93","148","40","46","68","76","22","25","1548","247","59.0","11.5","57.8","11.1","5.5","3.7","8.2","4.5","43.8","10.5","9.0","5.3","32.9","10.8","1.0","1.6","34.5","11.0","14.3","5.7","848","149","19.0","10.4","38.1","11.9","3.1","3.6","24.2","10.7","8.0","6.8","7.7","6.0","3939","558","0.9","0.8","95.6","4.1","0.1","0.1","0.0","0.7","0.0","0.7","2.4","3.7","1.0","1.2","1.7","1.9","0.6","0.6","49192","7526","49657","9404","50314","9011","4188","3237","2555","2134","18116","2913","8386","1706","(X)","(X)","N","N","27189","6627","11114","8314","58741","10161","N","N","N","N","N","N","N","N","N","N","N","N","19841","3125","43922","25421","18873","2916","32267","38702","-","**","-","**","N","N","N","N","31504","1951","30318","29822",
"1400000US26163539500","Census Tract 5395, Wayne County, Michigan","1253","239","864","233","864","233","15","25","36","31","473","111","290","155","521","216","0","11","347","105","90","54","756","204","123","81","252","130","154","175","227","87","0","11","0","11","3138","566","63","57","3025","556","1","2","34","56","0","11","0","11","15","24","6","13","57","57","1253","239","69.0","11.3","69.0","11.3","1.2","2.0","2.9","2.6","37.7","12.0","23.1","11.8","41.6","15.6","0.0","2.2","27.7","10.2","7.2","4.8","756","204","16.3","10.8","33.3","15.3","20.4","20.0","30.0","13.5","0.0","3.6","0.0","3.6","3138","566","2.0","1.8","96.4","2.4","0.0","0.1","1.1","1.8","0.0","0.9","0.0","0.9","0.5","0.8","0.2","0.4","1.8","1.8","56474","10404","57327","12085","56967","12094","N","N","2767","1946","20505","2711","8948","861","(X)","(X)","-","**","20557","6710","18952","14062","64567","14094","42071","24870","48329","22732","88749","10681","78376","21917","-","**","-","**","23737","4824","24614","17917","23971","4949","N","N","N","N","-","**","-","**","N","N","-","**","27205","20693",
"1400000US26163539600","Census Tract 5396, Wayne County, Michigan","1518","346","1028","319","1028","319","30","28","97","60","574","135","52","55","495","141","52","49","415","120","71","48","752","132","168","82","277","102","109","79","114","98","38","41","46","40","3565","557","48","43","3292","596","0","11","39","36","0","11","15","27","171","192","97","122","48","43","1518","346","67.7","9.7","67.7","9.7","2.0","1.9","6.4","4.1","37.8","11.0","3.4","3.9","32.6","10.1","3.4","3.3","27.3","8.9","4.7","3.5","752","132","22.3","10.0","36.8","12.9","14.5","10.2","15.2","12.0","5.1","5.4","6.1","5.4","3565","557","1.3","1.3","92.3","6.1","0.0","0.8","1.1","1.0","0.0","0.8","0.4","0.7","4.8","5.5","2.7","3.4","1.3","1.3","48026","6477","49904","7293","49764","7268","4773","9747","9209","3357","20753","3816","15321","6304","(X)","(X)","4542","2545","17864","3941","4934","4069","58797","9991","44068","10510","53977","15394","61194","15872","36422","7016","158429","19031","109089","24107","21290","4531","32827","5888","21239","4931","-","**","47767","42379","-","**","-","**","14867","7735","N","N","32827","5888",
"1400000US26163539700","Census Tract 5397, Wayne County, Michigan","1009","186","395","94","382","97","13","13","85","45","505","157","246","110","463","162","46","45","355","166","137","66","561","176","301","171","105","65","57","41","74","45","0","11","24","22","2168","444","4","6","2164","444","0","11","0","11","0","11","0","11","0","11","0","11","4","6","1009","186","39.1","10.4","37.9","10.5","1.3","1.4","8.4","4.7","50.0","10.9","24.4","10.0","45.9","11.6","4.6","4.4","35.2","12.6","13.6","6.5","561","176","53.7","18.0","18.7","12.7","10.2","7.7","13.2","7.8","0.0","4.8","4.3","4.0","2168","444","0.2","0.3","99.8","0.3","0.0","1.3","0.0","1.3","0.0","1.3","0.0","1.3","0.0","1.3","0.0","1.3","0.2","0.3","41981","6480","58323","11264","59877","11602","N","N","5765","3523","14327","3409","9757","681","(X)","(X)","4074","2981","19288","11163","15776","7383","54200","12740","N","N","N","N","N","N","N","N","N","N","N","N","20513","3574","28350","46979","20499","3577","-","**","-","**","-","**","-","**","-","**","-","**","28350","46979",
"1400000US26163540100","Census Tract 5401, Wayne County, Michigan","1387","335","963","271","916","268","72","42","41","32","347","114","135","86","483","245","29","26","212","73","87","81","763","166","209","87","321","129","51","43","100","61","65","73","17","25","3402","834","221","161","3181","820","0","11","0","11","0","11","0","11","0","11","231","248","221","161","1387","335","69.4","13.3","66.0","13.4","5.2","3.1","3.0","2.4","25.0","8.9","9.7","6.4","34.8","13.9","2.1","2.0","15.3","5.7","6.3","5.7","763","166","27.4","10.7","42.1","13.5","6.7","5.5","13.1","8.0","8.5","8.9","2.2","3.4","3402","834","6.5","4.7","93.5","4.7","0.0","0.8","0.0","0.8","0.0","0.8","0.0","0.8","0.0","0.8","6.8","7.1","6.5","4.7","32983","7250","33884","7589","34077","7876","19671","11333","3946","873","18464","3681","10803","2616","(X)","(X)","3400","2673","16497","4365","17172","14318","40326","6594","N","N","N","N","N","N","N","N","N","N","N","N","14043","2251","14488","9018","14012","2477","-","**","-","**","-","**","-","**","-","**","7237","5978","14488","9018",
"1400000US26163540200","Census Tract 5402, Wayne County, Michigan","1210","206","729","172","707","174","42","31","39","32","363","110","199","108","599","165","34","29","321","107","92","69","709","151","184","80","298","105","5","9","156","120","20","23","46","49","3113","583","80","158","2947","628","11","18","0","11","0","11","0","11","75","103","80","158","0","11","1210","206","60.2","9.2","58.4","9.6","3.5","2.6","3.2","2.7","30.0","8.4","16.4","8.0","49.5","8.1","2.8","2.4","26.5","8.3","7.6","5.5","709","151","26.0","11.4","42.0","13.5","0.7","1.2","22.0","14.1","2.8","3.3","6.5","6.9","3113","583","2.6","5.2","94.7","6.2","0.4","0.6","0.0","0.9","0.0","0.9","0.0","0.9","2.4","3.3","2.6","5.2","0.0","0.9","40204","7809","43490","11332","44336","11775","8540","4724","1836","2546","16662","3592","11694","2525","(X)","(X)","3068","2471","23758","6802","8315","11230","41479","7380","N","N","N","N","N","N","N","N","N","N","N","N","16049","3016","9200","782","16615","3257","N","N","-","**","-","**","-","**","-","**","9200","782","-","**",
"1400000US26163540300","Census Tract 5403, Wayne County, Michigan","1437","148","878","194","779","187","99","98","105","65","463","125","205","118","687","171","65","77","336","81","179","129","744","164","113","84","399","153","126","92","83","59","0","11","23","37","3490","712","89","130","3290","759","0","11","0","11","0","11","91","156","20","34","0","11","89","130","1437","148","61.1","10.7","54.2","11.3","6.9","6.6","7.3","4.6","32.2","8.7","14.3","7.9","47.8","10.1","4.5","5.1","23.4","6.2","12.5","8.1","744","164","15.2","10.9","53.6","14.8","16.9","12.2","11.2","7.5","0.0","3.6","3.1","4.8","3490","712","2.6","3.8","94.3","6.5","0.0","0.8","0.0","0.8","0.0","0.8","2.6","4.5","0.6","1.0","0.0","0.8","2.6","3.8","43970","11428","52329","16299","58108","17914","6852","2585","5593","1546","12143","4007","9273","1933","(X)","(X)","709","949","24611","7347","4549","2642","59962","19994","N","N","N","N","N","N","N","N","N","N","N","N","18665","5249","N","N","18664","5565","-","**","-","**","-","**","N","N","-","**","-","**","N","N",
"1400000US26163540400","Census Tract 5404, Wayne County, Michigan","1362","225","655","163","640","173","15","24","126","116","610","168","267","146","611","178","67","51","360","162","177","89","569","110","162","86","294","110","0","11","113","65","0","11","0","11","2803","365","24","22","2662","341","117","114","0","11","0","11","0","11","0","11","1","3","23","22","1362","225","48.1","10.7","47.0","11.3","1.1","1.8","9.3","8.0","44.8","10.2","19.6","9.3","44.9","11.3","4.9","3.8","26.4","9.7","13.0","6.7","569","110","28.5","14.6","51.7","17.3","0.0","4.7","19.9","10.2","0.0","4.7","0.0","4.7","2803","365","0.9","0.8","95.0","4.0","4.2","4.0","0.0","1.0","0.0","1.0","0.0","1.0","0.0","1.0","0.0","0.1","0.8","0.8","33207","6696","40993","11019","41893","11017","N","N","N","N","14780","1765","8327","1379","(X)","(X)","337","199","14613","4570","9532","3602","38107","10672","10442","7006","33221","12547","-","**","90479","37946","-","**","-","**","16580","2983","8213","3717","16029","3240","N","N","-","**","-","**","-","**","-","**","N","N","8087","4017",
"1400000US26163540500","Census Tract 5405, Wayne County, Michigan","1049","130","759","135","674","129","134","80","55","51","239","81","82","61","421","147","48","42","227","74","8","14","576","102","72","57","289","112","66","68","96","66","17","27","36","41","2605","430","31","36","2568","438","1","3","5","14","0","11","0","11","0","11","2","9","29","32","1049","130","72.4","7.2","64.3","8.6","12.8","7.4","5.2","4.8","22.8","8.9","7.8","5.7","40.1","12.8","4.6","4.2","21.6","7.3","0.8","1.3","576","102","12.5","9.8","50.2","16.0","11.5","12.0","16.7","11.6","3.0","4.7","6.3","7.2","2605","430","1.2","1.4","98.6","1.5","0.0","0.1","0.2","0.5","0.0","1.0","0.0","1.0","0.0","1.0","0.1","0.4","1.1","1.3","41517","7086","44428","9500","43610","10301","32301","30411","15913","13320","18071","3629","12659","4527","(X)","(X)","281","530","15702","5122","N","N","41667","9520","N","N","N","N","N","N","N","N","N","N","N","N","17296","3807","5916","20371","17436","3850","N","N","8000","23711","-","**","-","**","-","**","N","N","N","N",
"1400000US26163540600","Census Tract 5406, Wayne County, Michigan","1020","113","633","154","610","156","37","39","81","45","459","95","73","51","184","97","58","63","331","93","95","51","595","147","126","72","233","99","53","42","139","105","14","21","30","30","3127","1114","166","218","2148","406","0","11","0","11","0","11","749","1021","64","80","69","82","166","218","1020","113","62.1","11.4","59.8","11.8","3.6","3.8","7.9","4.5","45.0","10.3","7.2","5.0","18.0","9.8","5.7","6.3","32.5","9.3","9.3","5.0","595","147","21.2","11.8","39.2","14.4","8.9","6.9","23.4","15.5","2.4","3.5","5.0","5.1","3127","1114","5.3","7.0","68.7","24.8","0.0","0.9","0.0","0.9","0.0","0.9","24.0","26.7","2.0","2.8","2.2","2.8","5.3","7.0","60154","10481","62356","10697","64629","10069","1278","2359","2943","2026","21211","4000","9936","1081","(X)","(X)","305","318","29670","5556","14188","6097","70025","12958","N","N","N","N","N","N","N","N","N","N","N","N","22824","5995","22280","10514","27698","5222","-","**","-","**","-","**","9555","667","15928","1724","11939","8386","22280","10514",
"1400000US26163540700","Census Tract 5407, Wayne County, Michigan","1153","215","722","132","718","131","4","8","32","33","636","186","258","171","293","101","0","11","325","95","74","81","720","130","140","82","327","117","41","40","146","86","66","64","0","11","3176","751","226","190","2443","478","128","159","0","11","0","11","125","148","254","340","269","229","124","105","1153","215","62.6","11.4","62.3","11.4","0.3","0.7","2.8","2.8","55.2","10.8","22.4","12.0","25.4","8.9","0.0","2.4","28.2","9.2","6.4","6.9","720","130","19.4","11.1","45.4","14.3","5.7","5.7","20.3","11.7","9.2","8.3","0.0","3.7","3176","751","7.1","5.2","76.9","12.7","4.0","4.7","0.0","0.9","0.0","0.9","3.9","4.7","8.0","9.6","8.5","7.0","3.9","2.8","57605","24223","39773","10225","39983","10272","N","N","225491","273397","23613","6983","6969","2328","(X)","(X)","-","**","38764","45480","14493","13153","46883","9236","28381","15629","39948","10089","83929","16311","50160","25940","90223","22946","-","**","21545","9112","10476","1838","23502","11430","23477","3833","-","**","-","**","N","N","15245","1666","6823","4770","10350","3570",
"1400000US26163540800","Census Tract 5408, Wayne County, Michigan","938","163","716","167","716","167","66","97","34","22","435","121","57","39","293","105","55","34","261","67","59","60","677","174","122","64","308","129","125","111","73","48","16","20","33","32","2496","483","24","32","2468","486","4","26","0","11","0","11","0","11","0","11","0","11","24","32","938","163","76.3","7.6","76.3","7.6","7.0","9.8","3.6","2.5","46.4","10.1","6.1","4.2","31.2","10.1","5.9","3.7","27.8","8.1","6.3","6.2","677","174","18.0","8.9","45.5","15.4","18.5","14.5","10.8","7.1","2.4","3.0","4.9","4.9","2496","483","1.0","1.3","98.9","1.6","0.2","1.1","0.0","1.1","0.0","1.1","0.0","1.1","0.0","1.1","0.0","1.1","1.0","1.3","58437","9707","57828","12280","56869","11618","N","N","2124","2636","15805","2980","9332","2223","(X)","(X)","767","279","20438","6732","9378","7955","60945","12535","N","N","N","N","N","N","N","N","N","N","N","N","22497","3946","15175","2800","22604","3959","-","**","-","**","-","**","-","**","-","**","-","**","15175","2800",
"1400000US26163540900","Census Tract 5409, Wayne County, Michigan","1368","236","846","183","782","154","64","89","139","82","511","122","189","122","426","219","38","45","603","224","171","117","910","210","372","211","245","97","44","54","221","113","0","11","28","46","3513","659","70","44","3434","669","0","11","0","11","9","14","0","11","0","11","0","11","70","44","1368","236","61.8","12.1","57.2","11.8","4.7","6.2","10.2","6.1","37.4","10.3","13.8","8.3","31.1","12.5","2.8","3.3","44.1","12.6","12.5","8.0","910","210","40.9","17.0","26.9","11.1","4.8","5.9","24.3","12.8","0.0","3.0","3.1","5.0","3513","659","2.0","1.4","97.8","1.5","0.0","0.8","0.0","0.8","0.3","0.4","0.0","0.8","0.0","0.8","0.0","0.8","2.0","1.4","52821","8126","51949","6715","54241","6623","N","N","5008","4231","20467","2844","13155","3317","(X)","(X)","N","N","23404","3413","3136","1753","55229","12362","N","N","N","N","N","N","N","N","N","N","N","N","21687","3874","17207","16783","21807","4047","-","**","-","**","N","N","-","**","-","**","-","**","17207","16783",
"1400000US26163541000","Census Tract 5410, Wayne County, Michigan","1618","311","1148","300","1094","299","94","72","39","35","505","113","134","88","759","310","90","52","322","126","146","90","851","302","41","35","263","99","134","93","194","122","38","47","181","266","4054","1433","0","11","3985","1434","1","3","0","11","0","11","0","11","68","91","0","11","0","11","1618","311","71.0","8.0","67.6","8.5","5.8","4.6","2.4","2.2","31.2","8.7","8.3","5.6","46.9","12.7","5.6","3.3","19.9","8.5","9.0","5.5","851","302","4.8","4.2","30.9","14.5","15.7","11.7","22.8","14.4","4.5","5.8","21.3","25.7","4054","1433","0.0","0.7","98.3","2.4","0.0","0.1","0.0","0.7","0.0","0.7","0.0","0.7","1.7","2.4","0.0","0.7","0.0","0.7","54402","12907","62704","18820","64610","19790","13843","10241","1444","1450","13594","2032","13165","7069","(X)","(X)","2987","2004","18933","4989","6768","3657","57631","10074","N","N","N","N","N","N","N","N","N","N","N","N","23868","7678","-","**","23835","7806","N","N","-","**","-","**","-","**","25212","8185","-","**","-","**",
"1400000US26163541100","Census Tract 5411, Wayne County, Michigan","955","187","527","189","503","187","45","44","0","11","399","122","141","74","429","163","71","64","167","56","176","111","403","148","192","109","37","42","95","106","79","60","0","11","0","11","2029","505","105","141","1691","528","0","11","28","39","0","11","97","146","108","134","11","18","94","141","955","187","55.2","14.3","52.7","14.5","4.7","4.6","0.0","2.8","41.8","12.6","14.8","8.1","44.9","16.4","7.4","6.8","17.5","7.2","18.4","11.5","403","148","47.6","24.2","9.2","10.9","23.6","22.5","19.6","14.3","0.0","6.6","0.0","6.6","2029","505","5.2","6.9","83.3","11.8","0.0","1.3","1.4","2.1","0.0","1.3","4.8","7.0","5.3","7.1","0.5","0.9","4.6","6.9","39377","13188","51472","19330","52456","20195","16460","12516","-","**","13671","2559","8719","2364","(X)","(X)","N","N","14783","5625","7138","6561","50994","22414","N","N","N","N","N","N","N","N","N","N","N","N","20200","7141","12823","5102","18621","7498","-","**","N","N","-","**","N","N","N","N","N","N","11180","5945",
"1400000US26163541200","Census Tract 5412, Wayne County, Michigan","959","149","634","123","596","122","70","48","37","33","248","89","218","115","471","131","69","46","87","33","146","74","543","147","143","97","280","101","57","46","5","8","25","35","33","30","2188","408","180","82","2001","413","0","11","0","11","0","11","0","11","7","11","31","44","149","74","959","149","66.1","10.5","62.1","10.6","7.3","5.3","3.9","3.5","25.9","7.9","22.7","10.3","49.1","9.9","7.2","4.8","9.1","3.5","15.2","7.4","543","147","26.3","14.6","51.6","13.7","10.5","8.7","0.9","1.6","4.6","6.4","6.1","6.1","2188","408","8.2","4.0","91.5","4.0","0.0","1.2","0.0","1.2","0.0","1.2","0.0","1.2","0.3","0.5","1.4","2.1","6.8","3.5","36680","9351","40058","9657","41688","10101","7861","4140","6676","6713","17563","3746","10388","1570","(X)","(X)","2194","567","22130","7342","5721","3527","42399","8449","N","N","N","N","N","N","N","N","N","N","N","N","16602","4400","48466","34749","13761","2337","-","**","-","**","-","**","-","**","N","N","N","N","56430","39913",
"1400000US26163541300","Census Tract 5413, Wayne County, Michigan","1097","194","841","207","782","200","194","81","29","24","231","59","140","60","561","179","48","31","159","58","253","177","663","128","105","49","260","82","65","43","127","90","49","32","57","37","2930","414","586","148","2279","389","5","8","15","23","0","11","31","48","14","23","244","205","560","154","1097","194","76.7","7.9","71.3","8.3","17.7","7.3","2.6","2.3","21.1","6.2","12.8","5.2","51.1","11.1","4.4","2.9","14.5","5.4","23.1","13.0","663","128","15.8","7.8","39.2","11.2","9.8","6.6","19.2","11.0","7.4","4.8","8.6","5.7","2930","414","20.0","5.0","77.8","5.3","0.2","0.3","0.5","0.8","0.0","0.9","1.1","1.6","0.5","0.8","8.3","6.7","19.1","5.0","44981","5651","46940","6236","48030","6111","9884","3859","1100","1597","15937","3971","9979","2139","(X)","(X)","4871","3059","12275","3845","10166","5684","55419","7797","23809","8607","38474","9993","72852","18489","74950","11930","75722","33974","110089","27871","18315","2823","14141","4429","19300","3264","N","N","N","N","-","**","N","N","N","N","24675","15577","14751","4472",
"1400000US26163541400","Census Tract 5414, Wayne County, Michigan","1123","178","885","176","879","175","261","140","49","36","416","142","195","108","339","142","35","40","152","76","145","100","817","189","109","58","284","126","262","131","132","103","14","22","16","24","2732","549","306","152","2105","521","2","4","0","11","0","11","193","117","126","162","47","53","275","145","1123","178","78.8","7.5","78.3","7.6","23.2","10.8","4.4","3.3","37.0","10.1","17.4","9.2","30.2","11.9","3.1","3.5","13.5","6.5","12.9","8.4","817","189","13.3","7.1","34.8","15.8","32.1","12.6","16.2","11.2","1.7","2.7","2.0","3.1","2732","549","11.2","6.3","77.0","9.4","0.1","0.2","0.0","1.0","0.0","1.0","7.1","4.1","4.6","5.6","1.7","2.0","10.1","5.9","52870","9305","45555","10494","39123","10767","22709","12821","12022","8669","18758","2763","11057","2235","(X)","(X)","N","N","26115","9691","31054","28555","55846","8883","N","N","N","N","N","N","N","N","N","N","N","N","20545","4310","43118","24657","16730","3332","N","N","-","**","-","**","N","N","N","N","N","N","43629","27809",
"1400000US26163541500","Census Tract 5415, Wayne County, Michigan","1667","237","1008","155","993","155","72","78","136","73","446","123","343","228","766","242","89","58","346","117","212","134","830","156","287","142","354","113","48","60","79","51","18","22","44","55","4020","579","44","37","3890","583","28","45","0","11","0","11","0","11","58","46","0","11","44","37","1667","237","60.5","11.7","59.6","11.7","4.3","4.8","8.2","4.5","26.8","8.1","20.6","11.6","46.0","10.2","5.3","3.5","20.8","7.1","12.7","7.7","830","156","34.6","13.3","42.7","13.9","5.8","7.3","9.5","6.1","2.2","2.6","5.3","6.6","4020","579","1.1","1.0","96.8","1.9","0.7","1.1","0.0","0.7","0.0","0.7","0.0","0.7","1.4","1.2","0.0","0.7","1.1","1.0","40751","7348","39310","7141","39463","7401","6076","2571","9507","4303","20767","3542","10921","2327","(X)","(X)","2970","3523","35510","13620","6870","5028","47663","12334","N","N","N","N","N","N","N","N","N","N","N","N","19360","4537","31957","12309","19011","4569","N","N","-","**","-","**","-","**","13078","7774","-","**","31957","12309",
"1400000US26163541700","Census Tract 5417, Wayne County, Michigan","1587","313","1092","298","956","250","180","170","136","219","501","129","161","75","629","227","63","64","246","93","187","108","474","114","110","70","265","99","88","69","11","17","0","11","0","11","2611","480","52","55","2511","478","14","23","0","11","0","11","3","6","31","33","56","45","52","55","1587","313","68.8","9.8","60.2","11.8","11.3","9.7","8.6","12.8","31.6","8.1","10.1","4.9","39.6","11.3","4.0","4.0","15.5","6.2","11.8","7.0","474","114","23.2","13.8","55.9","16.6","18.6","13.7","2.3","3.5","0.0","5.6","0.0","5.6","2611","480","2.0","2.1","96.2","2.8","0.5","0.9","0.0","1.0","0.0","1.0","0.1","0.2","1.2","1.3","2.1","1.7","2.0","2.1","31465","5475","31190","6569","34094","5146","8140","10312","N","N","17011","2522","7694","2024","(X)","(X)","678","527","17889","5621","2350","1180","39057","10090","N","N","N","N","N","N","N","N","N","N","N","N","19306","3076","11688","5977","19488","3220","N","N","-","**","-","**","N","N","22306","22595","6030","5028","11688","5977",
"1400000US26163541800","Census Tract 5418, Wayne County, Michigan","1038","206","666","218","663","218","144","181","140","78","399","106","78","43","248","116","41","34","189","85","133","86","598","207","99","72","291","187","68","77","108","73","19","23","13","20","2546","719","446","226","1876","688","0","11","93","130","0","11","79","111","52","76","14","24","446","226","1038","206","64.2","11.5","63.9","11.6","13.9","15.6","13.5","7.9","38.4","11.8","7.5","4.5","23.9","11.5","3.9","3.5","18.2","8.0","12.8","8.1","598","207","16.6","11.8","48.7","20.4","11.4","13.1","18.1","12.3","3.2","4.0","2.2","3.3","2546","719","17.5","9.4","73.7","12.5","0.0","1.1","3.7","5.2","0.0","1.1","3.1","4.5","2.0","2.9","0.5","1.0","17.5","9.4","45688","7457","50125","7911","43313","8499","32406","30194","8446","8048","16894","3327","6632","3969","(X)","(X)","3502","4188","23257","8899","7980","6979","52199","14112","N","N","N","N","N","N","N","N","N","N","N","N","19554","3346","16101","7910","21154","3896","-","**","16249","2858","-","**","17809","10319","-","**","35364","10","16101","7910",
"1400000US26163542100","Census Tract 5421, Wayne County, Michigan","1712","238","1234","254","1150","257","126","86","116","76","559","123","324","126","668","184","19","24","345","125","237","160","1031","241","205","90","437","203","73","61","239","137","17","26","60","52","4052","645","26","34","3947","659","0","11","0","11","0","11","30","55","49","71","0","11","26","34","1712","238","72.1","7.6","67.2","8.9","7.4","5.0","6.8","4.5","32.7","8.7","18.9","7.1","39.0","10.9","1.1","1.4","20.2","7.3","13.8","8.3","1031","241","19.9","8.4","42.4","14.4","7.1","6.0","23.2","12.3","1.6","2.5","5.8","5.3","4052","645","0.6","0.8","97.4","2.5","0.0","0.7","0.0","0.7","0.0","0.7","0.7","1.4","1.2","1.8","0.0","0.7","0.6","0.8","42242","6299","39712","8904","41771","9388","7690","3855","17355","7980","17802","2242","10676","1757","(X)","(X)","N","N","19170","5399","5151","2765","46252","10302","N","N","N","N","N","N","N","N","N","N","N","N","19052","2781","13954","8875","19424","2860","-","**","-","**","-","**","N","N","-","**","-","**","13954","8875",
"1400000US26163542200","Census Tract 5422, Wayne County, Michigan","1495","311","803","162","744","162","90","79","108","63","813","328","217","156","497","183","44","37","576","314","24","31","752","174","206","149","390","143","92","60","48","36","5","18","11","22","3249","544","4","8","3093","555","0","11","0","11","0","11","11","18","141","143","3","8","1","3","1495","311","53.7","14.7","49.8","14.3","6.0","5.5","7.2","4.4","54.4","12.5","14.5","9.7","33.2","11.8","2.9","2.6","38.5","14.4","1.6","2.2","752","174","27.4","16.7","51.9","16.4","12.2","8.0","6.4","5.2","0.7","2.4","1.5","2.9","3249","544","0.1","0.2","95.2","4.5","0.0","0.8","0.0","0.8","0.0","0.8","0.3","0.6","4.3","4.5","0.1","0.2","0.0","0.1","40898","9354","45116","10285","47898","10245","6582","3575","15056","17889","15563","4948","7296","1509","(X)","(X)","1275","789","15217","7228","9633","11814","48547","10848","N","N","N","N","N","N","N","N","N","N","N","N","19344","4045","N","N","20091","4260","-","**","-","**","-","**","N","N","4453","6625","-","**","N","N",
"1400000US26163542300","Census Tract 5423, Wayne County, Michigan","1247","465","603","259","586","260","22","27","82","114","288","71","177","76","776","466","33","25","198","83","366","368","502","133","249","119","155","68","34","29","31","27","21","22","12","16","2473","682","119","88","2300","680","0","11","7","11","0","11","0","11","47","74","23","35","96","97","1247","465","48.4","18.0","47.0","17.8","1.8","2.4","6.6","8.4","23.1","10.5","14.2","7.9","62.2","15.8","2.6","2.4","15.9","9.0","29.4","21.6","502","133","49.6","14.9","30.9","13.1","6.8","5.9","6.2","5.4","4.2","4.4","2.4","3.2","2473","682","4.8","3.8","93.0","5.5","0.0","1.1","0.3","0.4","0.0","1.1","0.0","1.1","1.9","2.9","0.9","1.4","3.9","4.1","29121","8260","38966","10621","39941","11211","N","N","3584","2176","16815","4875","10476","3389","(X)","(X)","4952","5336","12876","6256","8507","5143","36608","11054","N","N","N","N","N","N","N","N","N","N","N","N","14989","3378","20352","4094","14348","3440","-","**","N","N","-","**","-","**","N","N","N","N","21151","4491",
"1400000US26163542400","Census Tract 5424, Wayne County, Michigan","944","87","620","99","604","100","64","42","57","39","301","70","115","58","325","86","5","9","167","61","121","61","575","86","123","55","260","78","53","47","111","52","28","28","0","11","2340","256","35","51","2245","280","55","66","0","11","0","11","0","11","5","8","0","11","35","51","944","87","65.7","7.3","64.0","7.5","6.8","4.3","6.0","3.9","31.9","6.8","12.2","6.2","34.4","8.7","0.5","0.9","17.7","6.1","12.8","6.3","575","86","21.4","9.1","45.2","11.0","9.2","8.2","19.3","8.9","4.9","4.6","0.0","4.7","2340","256","1.5","2.2","95.9","3.6","2.4","2.9","0.0","1.2","0.0","1.2","0.0","1.2","0.2","0.4","0.0","1.2","1.5","2.2","44076","8046","47113","10953","47265","11094","10336","4607","11821","13687","20075","4894","8443","2220","(X)","(X)","N","N","20505","5342","10626","6471","50374","12154","22289","10103","29716","7942","128591","62216","89954","22569","60611","30685","-","**","17989","3372","N","N","17636","3438","32896","1035","-","**","-","**","-","**","N","N","-","**","N","N",
"1400000US26163542500","Census Tract 5425, Wayne County, Michigan","992","156","637","143","595","146","84","67","63","31","367","91","104","58","183","75","59","48","280","95","141","137","574","138","121","54","214","60","25","22","80","52","104","128","30","42","2504","590","51","37","2033","304","9","12","12","18","0","11","0","11","399","465","229","223","51","37","992","156","64.2","8.8","60.0","9.6","8.5","6.8","6.4","3.2","37.0","9.8","10.5","6.0","18.4","7.0","5.9","4.9","28.2","9.8","14.2","12.2","574","138","21.1","9.8","37.3","12.2","4.4","3.8","13.9","9.5","18.1","19.0","5.2","7.4","2504","590","2.0","1.6","81.2","15.3","0.4","0.5","0.5","0.8","0.0","1.1","0.0","1.1","15.9","15.9","9.1","7.7","2.0","1.6","55865","11658","60178","14541","62177","15540","15931","8448","13770","15157","16952","3000","8616","2515","(X)","(X)","625","390","28828","7680","7030","4596","71000","17687","N","N","N","N","N","N","N","N","N","N","N","N","22593","3711","76380","21720","22928","3874","N","N","N","N","-","**","-","**","14155","5060","N","N","76380","21720",
"1400000US26163542600","Census Tract 5426, Wayne County, Michigan","1260","165","813","165","797","169","16","26","47","41","410","97","167","77","501","182","19","21","277","95","145","101","694","168","110","79","373","142","98","106","84","55","0","11","29","42","3520","718","0","11","3466","710","0","11","0","11","0","11","0","11","54","53","0","11","0","11","1260","165","64.5","9.0","63.3","9.1","1.3","2.1","3.7","3.2","32.5","8.6","13.3","5.9","39.8","12.8","1.5","1.7","22.0","7.8","11.5","7.3","694","168","15.9","10.0","53.7","17.2","14.1","13.9","12.1","8.4","0.0","3.9","4.2","5.9","3520","718","0.0","0.8","98.5","1.5","0.0","0.8","0.0","0.8","0.0","0.8","0.0","0.8","1.5","1.5","0.0","0.8","0.0","0.8","40944","6981","45542","7566","45912","7790","N","N","12566","10432","14298","2854","10427","2620","(X)","(X)","N","N","19113","8954","7181","3527","49027","10099","N","N","N","N","N","N","N","N","N","N","N","N","15536","2513","-","**","15594","2567","-","**","-","**","-","**","-","**","N","N","-","**","-","**",
"1400000US26163542900","Census Tract 5429, Wayne County, Michigan","1535","198","1175","174","1175","174","90","67","121","68","507","105","51","42","248","113","95","89","583","158","141","101","955","170","114","49","304","106","110","81","281","167","33","49","113","74","3921","590","531","282","3264","557","5","11","0","11","0","11","0","11","121","142","0","11","531","282","1535","198","76.5","7.6","76.5","7.6","5.9","4.6","7.9","4.5","33.0","8.0","3.3","2.8","16.2","6.8","6.2","5.6","38.0","9.8","9.2","6.3","955","170","11.9","5.4","31.8","10.6","11.5","8.5","29.4","14.3","3.5","5.2","11.8","8.2","3921","590","13.5","7.1","83.2","7.8","0.1","0.3","0.0","0.7","0.0","0.7","0.0","0.7","3.1","3.5","0.0","0.7","13.5","7.1","70096","11588","67412","11756","60908","11076","84914","48410","9873","7242","21652","2589","8771","663","(X)","(X)","3183","2858","24384","7047","8874","3524","83690","12277","N","N","N","N","N","N","N","N","N","N","N","N","29367","5432","36050","13202","28333","5388","N","N","-","**","-","**","-","**","N","N","-","**","36050","13202",
"1400000US26163543000","Census Tract 5430, Wayne County, Michigan","693","101","570","108","548","106","55","37","115","51","319","58","26","26","98","62","17","20","216","57","124","66","532","106","64","41","140","49","111","49","135","87","56","48","26","23","2057","387","225","171","1627","278","0","11","0","11","0","11","0","11","205","131","30","48","225","171","693","101","82.3","8.3","79.1","8.0","7.9","5.6","16.6","7.6","46.0","8.8","3.8","3.8","14.1","8.8","2.5","2.9","31.2","8.3","17.9","9.5","532","106","12.0","7.6","26.3","8.6","20.9","10.1","25.4","13.2","10.5","8.6","4.9","4.5","2057","387","10.9","6.9","79.1","10.4","0.0","1.3","0.0","1.3","0.0","1.3","0.0","1.3","10.0","5.7","1.5","2.2","10.9","6.9","93799","16571","87496","18745","84515","17710","64698","57256","9888","6625","22081","3009","8588","8161","(X)","(X)","N","N","22092","5332","15327","7985","102599","20096","N","N","N","N","N","N","N","N","N","N","N","N","32684","4890","50440","12818","33046","5614","-","**","-","**","-","**","-","**","10324","10862","-","**","50440","12818",
"1400000US26163543100","Census Tract 5431, Wayne County, Michigan","977","154","751","134","728","131","138","123","156","46","456","113","40","38","123","49","20","18","427","115","70","40","717","135","72","28","241","76","159","62","128","70","110","117","7","12","2470","485","325","100","2003","460","0","11","27","22","0","11","0","11","115","116","9","15","325","100","977","154","76.9","9.3","74.5","9.4","14.1","11.3","16.0","5.5","46.7","10.1","4.1","3.9","12.6","5.1","2.0","1.9","43.7","9.4","7.2","4.2","717","135","10.0","4.2","33.6","11.5","22.2","8.5","17.9","9.6","15.3","14.0","1.0","1.7","2470","485","13.2","4.3","81.1","6.2","0.0","1.1","1.1","0.9","0.0","1.1","0.0","1.1","4.7","4.6","0.4","0.6","13.2","4.3","91809","13040","83713","14464","74799","10889","60976","24227","5818","2781","24631","2893","6110","4723","(X)","(X)","1985","1160","32183","6466","9479","5937","106994","13283","N","N","N","N","N","N","N","N","N","N","N","N","38102","5255","61630","9916","34029","5515","-","**","78000","56977","-","**","-","**","33197","45880","N","N","61630","9916",
"1400000US26163543200","Census Tract 5432, Wayne County, Michigan","967","183","607","123","607","123","38","44","97","57","434","149","236","147","320","165","68","49","338","137","102","58","595","151","143","112","200","92","78","58","68","65","45","54","61","49","2476","510","16","21","2334","495","11","17","0","11","0","11","34","46","81","72","69","94","16","21","967","183","62.8","11.1","62.8","11.1","3.9","4.6","10.0","5.9","44.9","11.3","24.4","12.4","33.1","14.5","7.0","5.0","35.0","11.8","10.5","6.1","595","151","24.0","15.2","33.6","14.5","13.1","9.9","11.4","10.2","7.6","9.5","10.3","8.6","2476","510","0.6","0.8","94.3","4.2","0.4","0.7","0.0","1.1","0.0","1.1","1.4","1.8","3.3","2.8","2.8","3.7","0.6","0.8","56715","9090","57083","12301","55032","11196","N","N","-1007","1580","20558","2247","10347","3279","(X)","(X)","5768","5451","24310","10172","3124","1086","68349","13578","N","N","N","N","N","N","N","N","N","N","N","N","22620","4010","69725","30214","21849","4381","N","N","-","**","-","**","N","N","N","N","N","N","69725","30214",
"1400000US26163543300","Census Tract 5433, Wayne County, Michigan","1248","172","878","165","845","165","114","49","192","68","608","170","60","37","330","85","45","31","495","160","184","68","774","166","159","59","339","159","101","57","113","62","40","34","22","20","3588","720","304","154","3224","697","0","11","0","11","0","11","4","8","56","46","5","8","304","154","1248","172","70.4","7.3","67.7","7.9","9.1","4.0","15.4","5.6","48.7","9.2","4.8","3.0","26.4","7.2","3.6","2.5","39.7","9.0","14.7","5.7","774","166","20.5","8.2","43.8","13.4","13.0","7.5","14.6","8.3","5.2","4.6","2.8","2.6","3588","720","8.5","4.3","89.9","4.4","0.0","0.8","0.0","0.8","0.0","0.8","0.1","0.2","1.6","1.3","0.1","0.2","8.5","4.3","64753","7121","48802","9080","47840","9023","21252","12930","3755","1424","25855","2624","6865","1166","(X)","(X)","4087","3166","36873","6920","14543","6362","74676","8226","61181","7870","65901","13180","97452","32427","62726","25607","150715","53545","125986","24249","22795","2872","24543","6538","22793","3013","-","**","-","**","-","**","N","N","14316","14302","N","N","24543","6538",
"1400000US26163543400","Census Tract 5434, Wayne County, Michigan","1406","215","1047","235","1006","240","199","191","154","83","571","141","51","42","392","217","50","48","402","119","128","100","871","271","96","78","230","98","125","125","242","128","120","174","58","53","4165","1125","107","80","3926","1113","26","44","0","11","0","11","0","11","106","163","18","20","102","80","1406","215","74.5","8.7","71.6","9.3","14.2","12.2","11.0","6.1","40.6","10.4","3.6","3.1","27.9","12.5","3.6","3.5","28.6","8.8","9.1","7.1","871","271","11.0","8.3","26.4","12.3","14.4","13.3","27.8","13.4","13.8","17.6","6.7","6.6","4165","1125","2.6","2.1","94.3","4.5","0.6","1.1","0.0","0.7","0.0","0.7","0.0","0.7","2.5","3.9","0.4","0.5","2.4","2.1","54096","7661","50883","8684","47664","8196","26755","21079","6108","2587","19220","4048","8992","887","(X)","(X)","1420","513","24474","6775","3919","4949","58604","8736","N","N","N","N","N","N","N","N","N","N","N","N","19203","4109","25713","17364","19134","4329","24969","11191","-","**","-","**","-","**","N","N","N","N","26826","17705",
"1400000US26163543500","Census Tract 5435, Wayne County, Michigan","363","106","244","72","237","71","30","35","9","14","109","51","67","46","222","80","41","40","55","34","16","23","199","85","63","64","109","53","5","10","22","28","0","11","0","11","904","324","80","54","764","305","16","23","0","11","0","11","0","11","44","39","0","11","80","54","363","106","67.2","15.2","65.3","14.6","8.3","9.6","2.5","3.7","30.0","13.0","18.5","11.6","61.2","13.0","11.3","10.9","15.2","10.7","4.4","6.3","199","85","31.7","24.4","54.8","23.1","2.5","4.9","11.1","14.3","0.0","12.9","0.0","12.9","904","324","8.8","5.7","84.5","9.3","1.8","2.7","0.0","3.0","0.0","3.0","0.0","3.0","4.9","4.3","0.0","3.0","8.8","5.7","31953","8742","37760","10252","34929","11152","31180","8447","N","N","11894","2730","5775","3107","(X)","(X)","8002","8674","2036","1372","N","N","23049","10592","N","N","N","N","N","N","N","N","N","N","N","N","12725","4833","12434","3992","12166","5749","N","N","-","**","-","**","-","**","14520","11898","-","**","12434","3992",
"1400000US26163543700","Census Tract 5437, Wayne County, Michigan","832","122","580","123","552","124","47","38","66","85","188","58","228","96","621","123","12","13","96","47","149","78","604","134","135","61","305","104","0","11","110","88","0","11","54","50","2643","543","90","51","2468","542","25","34","30","45","0","11","0","11","30","32","69","41","74","43","832","122","69.7","7.8","66.3","8.7","5.6","4.6","7.9","9.8","22.6","7.8","27.4","10.8","74.6","6.8","1.4","1.6","11.5","5.6","17.9","9.6","604","134","22.4","8.4","50.5","14.9","0.0","4.4","18.2","13.3","0.0","4.4","8.9","7.9","2643","543","3.4","2.1","93.4","2.9","0.9","1.2","1.1","1.7","0.0","1.0","0.0","1.0","1.1","1.3","2.6","1.6","2.8","1.8","24937","3792","22085","4310","21662","3889","18128","15923","N","N","13032","4191","8675","969","(X)","(X)","N","N","13884","5517","6801","4802","24883","4720","17108","7821","24411","4739","-","**","24114","12756","-","**","48550","33884","8533","1637","15124","7850","8136","1699","N","N","-","**","-","**","-","**","30310","3519","15994","16017","18395","8221",
"1400000US26163543900","Census Tract 5439, Wayne County, Michigan","428","85","302","81","302","81","26","30","0","11","127","64","63","32","149","47","29","23","54","30","11","14","173","75","15","14","142","72","12","15","4","8","0","11","0","11","828","220","119","83","665","209","19","32","0","11","0","11","0","11","25","28","18","22","110","80","428","85","70.6","13.0","70.6","13.0","6.1","6.9","0.0","6.2","29.7","13.9","14.7","8.0","34.8","11.6","6.8","5.3","12.6","7.1","2.6","3.3","173","75","8.7","8.2","82.1","13.0","6.9","8.4","2.3","4.6","0.0","14.7","0.0","14.7","828","220","14.4","9.6","80.3","11.9","2.3","3.7","0.0","3.3","0.0","3.3","0.0","3.3","3.0","3.5","2.2","2.6","13.3","9.4","24593","4034","25231","5740","25035","5531","N","N","-","**","11528","3106","8511","896","(X)","(X)","4834","3408","13439","7497","N","N","23696","4593","N","N","N","N","N","N","N","N","N","N","N","N","13105","3043","9359","4508","14087","4193","N","N","-","**","-","**","-","**","N","N","16339","3363","9079","4948",
"1400000US26163544000","Census Tract 5440, Wayne County, Michigan","1232","146","987","157","939","155","129","75","59","46","304","124","115","71","346","118","80","58","148","53","227","101","557","143","58","36","157","77","103","54","129","86","75","90","35","38","2597","446","229","94","2212","477","6","11","31","39","0","11","75","72","44","41","62","60","211","92","1232","146","80.1","5.6","76.2","6.5","10.5","6.0","4.8","3.8","24.7","8.6","9.3","5.4","28.1","8.9","6.5","4.4","12.0","4.5","18.4","7.6","557","143","10.4","6.5","28.2","12.7","18.5","10.4","23.2","14.1","13.5","14.4","6.3","6.8","2597","446","8.8","3.9","85.2","5.6","0.2","0.4","1.2","1.6","0.0","1.1","2.9","2.8","1.7","1.6","2.4","2.3","8.1","3.9","46541","9293","49728","11189","51085","11584","8627","6972","6953","8149","11220","2072","10418","4520","(X)","(X)","871","727","9671","4078","7652","4817","65527","19240","N","N","N","N","N","N","N","N","N","N","N","N","20213","3002","26452","4807","20311","3452","N","N","-","**","-","**","17353","1839","-","**","14284","9077","27034","4592",
"1400000US26163544100","Census Tract 5441, Wayne County, Michigan","1010","157","858","148","853","149","70","56","43","40","240","114","25","26","393","122","48","33","118","50","125","65","588","149","47","40","362","126","83","77","58","48","0","11","38","38","2501","404","105","71","2280","403","86","131","0","11","0","11","30","46","0","11","5","11","100","68","1010","157","85.0","6.2","84.5","6.4","6.9","5.3","4.3","4.0","23.8","10.0","2.5","2.6","38.9","10.6","4.8","3.2","11.7","4.8","12.4","6.5","588","149","8.0","6.8","61.6","14.3","14.1","12.2","9.9","8.1","0.0","4.6","6.5","6.5","2501","404","4.2","2.9","91.2","6.1","3.4","5.3","0.0","1.1","0.0","1.1","1.2","1.8","0.0","1.1","0.2","0.5","4.0","2.7","36434","5001","32511","5510","30726","5339","24070","6224","7651","7277","18013","3038","8312","2025","(X)","(X)","2719","2103","26014","6669","6750","6893","37392","8397","30989","15990","22823","5166","65223","19186","77510","25589","-","**","62079","23499","15552","2536","23175","7865","15884","2568","N","N","-","**","-","**","N","N","-","**","N","N","21144","7007",
"1400000US26163544200","Census Tract 5442, Wayne County, Michigan","720","84","446","99","431","99","25","35","46","39","212","80","102","67","388","97","9","13","93","49","201","84","332","88","118","70","147","111","20","38","37","34","10","19","0","11","1445","259","149","82","1282","260","0","11","5","9","0","11","0","11","9","13","0","11","149","82","720","84","61.9","10.5","59.9","10.1","3.5","5.1","6.4","5.4","29.4","10.6","14.2","9.9","53.9","12.5","1.3","1.7","12.9","6.6","27.9","12.0","332","88","35.5","24.8","44.3","24.7","6.0","11.0","11.1","9.8","3.0","5.7","0.0","7.9","1445","259","10.3","5.6","88.7","6.0","0.0","1.9","0.3","0.6","0.0","1.9","0.0","1.9","0.6","0.9","0.0","1.9","10.3","5.6","30865","6466","37308","9138","38362","9770","N","N","9528","9618","10710","2189","6112","1504","(X)","(X)","N","N","10684","3388","6235","4199","30002","13453","N","N","N","N","N","N","N","N","N","N","N","N","15802","3003","22062","6226","14828","3451","-","**","N","N","-","**","-","**","N","N","-","**","22062","6226",
"1400000US26163544300","Census Tract 5443, Wayne County, Michigan","1244","229","930","233","930","233","34","37","63","69","304","107","161","119","540","273","83","85","185","91","82","85","550","226","62","53","420","232","34","55","34","41","0","11","0","11","2446","943","430","104","1921","931","28","47","0","11","0","11","0","11","67","106","8","12","422","103","1244","229","74.8","7.7","74.8","7.7","2.7","3.1","5.1","5.6","24.4","9.5","12.9","9.8","43.4","16.9","6.7","6.8","14.9","7.8","6.6","6.8","550","226","11.3","10.3","76.4","18.2","6.2","10.9","6.2","7.5","0.0","4.9","0.0","4.9","2446","943","17.6","8.2","78.5","10.1","1.1","2.0","0.0","1.1","0.0","1.1","0.0","1.1","2.7","4.3","0.3","0.5","17.3","8.1","32005","6535","34705","8401","34622","8416","N","N","N","N","11127","3416","8484","2070","(X)","(X)","4212","1261","12401","4897","4589","8101","29060","9571","N","N","N","N","N","N","N","N","N","N","N","N","16411","4393","15241","6643","16669","5764","N","N","-","**","-","**","-","**","N","N","-","**","15530","6760",
"1400000US26163544800","Census Tract 5448, Wayne County, Michigan","757","141","553","142","512","138","52","43","38","30","143","41","78","48","331","104","27","32","75","43","39","34","386","86","69","39","212","92","31","30","68","37","0","11","6","8","1799","343","214","92","1574","348","0","11","0","11","0","11","0","11","11","17","0","11","214","92","757","141","73.1","9.8","67.6","9.2","6.9","5.6","5.0","4.0","18.9","6.1","10.3","6.8","43.7","12.5","3.6","4.1","9.9","5.9","5.2","4.4","386","86","17.9","10.9","54.9","15.3","8.0","7.7","17.6","10.2","0.0","6.9","1.6","2.2","1799","343","11.9","5.5","87.5","5.6","0.0","1.5","0.0","1.5","0.0","1.5","0.0","1.5","0.6","1.0","0.0","1.5","11.9","5.5","34804","6525","40155","8981","42314","9569","10402","5937","2592","1666","15087","4273","9251","1089","(X)","(X)","2541","2925","8868","4492","11015","2813","44654","11106","N","N","N","N","N","N","N","N","N","N","N","N","15246","2981","18640","6518","14825","3102","-","**","-","**","-","**","-","**","N","N","-","**","18640","6518",
"1400000US26163545100","Census Tract 5451, Wayne County, Michigan","371","70","214","58","208","56","6","8","35","29","101","32","69","57","203","67","42","42","28","23","58","54","142","60","58","51","37","27","0","11","29","26","0","11","18","23","726","163","9","15","638","167","68","69","0","11","0","11","0","11","11","23","0","11","9","15","371","70","57.7","14.4","56.1","14.2","1.6","2.2","9.4","7.8","27.2","9.9","18.6","13.7","54.7","13.2","11.3","11.2","7.5","6.2","15.6","13.3","142","60","40.8","24.6","26.1","19.7","0.0","17.5","20.4","17.9","0.0","17.5","12.7","15.1","726","163","1.2","2.1","87.9","9.0","9.4","9.7","0.0","3.7","0.0","3.7","0.0","3.7","1.5","3.2","0.0","3.7","1.2","2.1","29894","7043","34566","8125","35263","8280","N","N","14800","13166","13832","4903","10041","995","(X)","(X)","N","N","27007","24176","5566","2032","37394","8511","N","N","N","N","N","N","N","N","N","N","N","N","15892","3616","N","N","14185","2829","N","N","-","**","-","**","-","**","-","**","-","**","N","N",
"1400000US26163545200","Census Tract 5452, Wayne County, Michigan","944","124","521","129","493","119","28","52","99","83","386","91","147","96","508","136","98","58","150","79","93","88","559","131","144","88","235","72","0","11","132","105","48","65","0","11","2757","1003","6","6","2742","1003","0","11","0","11","0","11","0","11","9","13","0","11","6","6","944","124","55.2","12.4","52.2","11.2","3.0","5.5","10.5","9.2","40.9","8.5","15.6","9.3","53.8","10.4","10.4","6.1","15.9","8.3","9.9","8.8","559","131","25.8","13.7","42.0","16.0","0.0","4.8","23.6","16.4","8.6","11.1","0.0","4.8","2757","1003","0.2","0.2","99.5","0.6","0.0","1.0","0.0","1.0","0.0","1.0","0.0","1.0","0.3","0.5","0.0","1.0","0.2","0.2","33998","10104","39869","12723","36860","11608","N","N","8427","9666","18413","4200","9067","358","(X)","(X)","1267","548","11525","6188","2091","991","41087","11280","24183","18672","36339","7593","-","**","43100","9753","109504","40031","-","**","12395","4703","11017","32952","12403","4730","-","**","-","**","-","**","-","**","N","N","-","**","11017","32952",
"1400000US26163545500","Census Tract 5455, Wayne County, Michigan","1462","324","916","309","874","301","58","49","54","41","412","165","157","89","853","335","66","107","201","130","109","70","926","330","156","137","537","314","63","57","131","70","27","41","12","19","3989","898","355","154","3333","928","0","11","0","11","0","11","136","199","165","137","151","201","340","153","1462","324","62.7","13.8","59.8","13.3","4.0","3.4","3.7","2.9","28.2","11.7","10.7","6.4","58.3","11.6","4.5","7.3","13.7","8.7","7.5","4.9","926","330","16.8","14.1","58.0","19.7","6.8","6.9","14.1","8.5","2.9","4.7","1.3","2.2","3989","898","8.9","4.4","83.6","8.2","0.0","0.7","0.0","0.7","0.0","0.7","3.4","5.1","4.1","3.4","3.8","5.2","8.5","4.3","29689","8353","33917","13033","32801","13414","41384","41909","3178","5281","14218","2054","8609","1266","(X)","(X)","N","N","17313","8242","11350","5620","26578","8794","N","N","N","N","N","N","N","N","N","N","N","N","11363","3267","36091","24968","9272","2218","-","**","-","**","-","**","N","N","5856","5281","N","N","37215","25991",
"1400000US26163545600","Census Tract 5456, Wayne County, Michigan","1528","210","1156","248","1122","250","188","145","61","45","242","88","121","73","604","166","221","106","124","84","138","131","1121","223","212","120","497","170","103","89","166","89","12","19","131","128","5200","905","4049","846","732","424","0","15","85","133","0","15","312","278","22","27","541","308","3657","879","1528","210","75.7","9.8","73.4","10.1","12.3","8.6","4.0","3.0","15.8","6.0","7.9","4.8","39.5","10.6","14.5","7.0","8.1","5.5","9.0","7.9","1121","223","18.9","10.7","44.3","13.1","9.2","7.7","14.8","7.8","1.1","1.8","11.7","10.7","5200","905","77.9","10.2","14.1","7.4","0.0","0.5","1.6","2.5","0.0","0.5","6.0","5.3","0.4","0.5","10.4","6.3","70.3","10.9","41864","8169","47162","10132","47372","10734","7277","6037","2003","3660","13778","2802","13793","9134","(X)","(X)","3524","1170","5063","2409","21141","11058","41080","6963","N","N","N","N","N","N","N","N","N","N","N","N","12749","2639","12005","3177","15517","8465","-","**","N","N","-","**","17848","23364","N","N","22547","8796","11433","3392",
"1400000US26163545700","Census Tract 5457, Wayne County, Michigan","1229","209","922","205","838","205","113","42","36","28","220","67","199","73","578","203","35","30","95","45","91","75","837","223","88","55","517","206","52","37","174","92","0","11","6","9","3668","861","1353","283","2100","830","58","71","0","11","0","11","29","30","128","105","546","141","927","257","1229","209","75.0","7.5","68.2","8.7","9.2","3.4","2.9","2.5","17.9","5.9","16.2","6.3","47.0","10.9","2.8","2.4","7.7","4.0","7.4","5.8","837","223","10.5","6.7","61.8","12.8","6.2","4.7","20.8","10.7","0.0","3.2","0.7","1.1","3668","861","36.9","10.4","57.3","11.0","1.6","2.0","0.0","0.7","0.0","0.7","0.8","0.8","3.5","2.9","14.9","4.7","25.3","8.5","30659","5837","33298","7010","34719","7706","14214","5928","3019","3453","11746","3400","11437","2418","(X)","(X)","2100","2255","13807","7399","6874","4074","34855","8413","N","N","N","N","N","N","N","N","N","N","N","N","10501","2516","10196","3160","10805","3951","13297","5005","-","**","-","**","N","N","6178","5069","9586","4003","10536","4237",
"1400000US26163545800","Census Tract 5458, Wayne County, Michigan","1831","217","1398","233","1226","209","326","166","186","86","314","115","318","122","725","196","159","78","167","90","290","147","1174","207","190","98","471","170","121","75","239","127","46","45","107","76","5551","943","2694","824","2761","625","9","15","0","15","0","15","74","69","13","21","848","474","2025","641","1831","217","76.4","7.2","67.0","8.7","17.8","8.3","10.2","4.7","17.1","6.4","17.4","6.8","39.6","10.1","8.7","4.2","9.1","4.8","15.8","7.7","1174","207","16.2","8.0","40.1","11.2","10.3","6.0","20.4","9.8","3.9","4.0","9.1","6.9","5551","943","48.5","10.2","49.7","10.1","0.2","0.3","0.0","0.5","0.0","0.5","1.3","1.2","0.2","0.4","15.3","7.8","36.5","9.1","52371","17476","39554","6949","42411","7516","10125","4309","152739","155542","15537","5011","11572","3114","(X)","(X)","2394","1106","6632","2529","7375","3126","51116","22193","19792","9487","26254","6731","66966","37942","45660","11208","384470","497500","67124","36838","17736","6029","24194","12970","10076","2421","N","N","-","**","-","**","72453","28108","-","**","35101","30562","20992","12670",
"1400000US26163545900","Census Tract 5459, Wayne County, Michigan","1420","211","1152","179","1012","189","188","99","77","52","335","129","149","93","499","197","117","133","195","114","169","97","869","196","37","34","550","175","66","45","176","92","0","11","40","50","4354","1152","689","217","3550","1157","1","2","34","39","0","11","23","25","57","62","378","197","464","220","1420","211","81.1","7.7","71.3","10.2","13.2","6.9","5.4","3.8","23.6","8.1","10.5","6.4","35.1","11.7","8.2","8.7","13.7","7.4","11.9","6.8","869","196","4.3","3.7","63.3","11.3","7.6","5.5","20.3","10.3","0.0","3.1","4.6","5.6","4354","1152","15.8","6.4","81.5","6.9","0.0","0.1","0.8","0.9","0.0","0.6","0.5","0.6","1.3","1.5","8.7","4.3","10.7","5.5","38823","7489","33992","5923","36247","6243","13173","3578","5190","5799","13860","3857","8397","1131","(X)","(X)","247","65","42628","50301","7893","2366","39881","7146","N","N","N","N","N","N","N","N","N","N","N","N","13230","3449","23210","13389","11437","3131","N","N","N","N","-","**","N","N","-","**","10453","4370","28640","20014",
"1400000US26163546000","Census Tract 5460, Wayne County, Michigan","1410","591","745","163","656","157","163","98","64","52","682","568","181","86","952","614","486","587","434","579","37","36","648","129","148","91","280","107","97","57","93","62","0","11","30","36","3285","831","190","119","2363","499","23","38","0","11","9","14","290","319","410","561","184","243","190","119","1410","591","52.8","23.2","46.5","21.6","11.6","8.3","4.5","4.3","48.4","22.9","12.8","8.6","67.5","19.5","34.5","30.2","30.8","31.0","2.6","2.4","648","129","22.8","12.4","43.2","13.8","15.0","9.2","14.4","9.3","0.0","4.2","4.6","5.8","3285","831","5.8","4.3","71.9","17.1","0.7","1.2","0.0","0.8","0.3","0.4","8.8","9.1","12.5","15.2","5.6","6.8","5.8","4.3","31593","6356","38485","9307","42157","9144","6233","5175","434","262","16673","1492","6577","1615","(X)","(X)","392","333","5221","1449","22419","17265","37936","7699","N","N","N","N","N","N","N","N","N","N","N","N","14115","2757","22470","10779","13290","3308","N","N","-","**","N","N","5846","4842","N","N","13404","9251","22470","10779",
"1400000US26163546100","Census Tract 5461, Wayne County, Michigan","1404","182","1042","223","1023","222","110","120","56","47","304","92","134","105","656","173","184","112","176","66","132","140","998","191","262","114","441","182","99","64","148","135","22","38","26","42","3866","727","314","137","3343","796","0","11","0","11","0","11","18","30","191","257","75","87","260","71","1404","182","74.2","9.5","72.9","9.8","7.8","8.2","4.0","3.3","21.7","6.4","9.5","7.3","46.7","10.6","13.1","7.4","12.5","5.1","9.4","9.4","998","191","26.3","12.2","44.2","14.2","9.9","6.4","14.8","12.5","2.2","3.9","2.6","4.3","3866","727","8.1","4.1","86.5","8.0","0.0","0.7","0.0","0.7","0.0","0.7","0.5","0.8","4.9","6.7","1.9","2.3","6.7","2.5","36678","7865","40193","9179","40427","9163","4764","2853","8252","11619","15107","3762","8891","3920","(X)","(X)","2479","1723","12579","5159","5298","5303","39955","9322","N","N","N","N","N","N","N","N","N","N","N","N","13670","2641","12329","4569","13253","3084","-","**","-","**","-","**","N","N","23991","7990","5688","16804","14350","3839",
"1400000US26163546201","Census Tract 5462.01, Wayne County, Michigan","1470","335","1340","346","1340","346","0","11","54","36","209","97","132","127","359","191","102","138","96","80","0","11","770","169","69","77","403","147","87","70","163","141","48","44","0","11","3962","868","1611","826","2285","655","0","11","26","43","0","11","28","42","12","20","62","67","1577","824","1470","335","91.2","7.5","91.2","7.5","0.0","1.9","3.7","2.7","14.2","7.5","9.0","8.3","24.4","11.8","6.9","8.7","6.5","5.7","0.0","1.9","770","169","9.0","10.2","52.3","17.0","11.3","9.2","21.2","16.0","6.2","5.8","0.0","3.5","3962","868","40.7","16.6","57.7","16.5","0.0","0.7","0.7","1.1","0.0","0.7","0.7","1.1","0.3","0.5","1.6","1.7","39.8","16.7","58135","8815","57885","9508","57885","9508","-","**","7863","6557","19468","3171","7411","1707","(X)","(X)","N","N","20245","6329","-","**","57390","11808","-","**","39777","9697","96729","20668","77764","15787","147279","49411","-","**","22598","4047","17766","8526","25125","4782","-","**","N","N","-","**","N","N","N","N","29561","22396","17887","8744",
"1400000US26163546301","Census Tract 5463.01, Wayne County, Michigan","716","69","548","73","542","78","20","15","10","15","246","70","87","42","175","71","0","11","187","69","154","70","411","92","49","38","182","76","41","30","28","31","42","36","69","37","2091","399","164","108","1766","392","0","11","0","11","0","11","82","137","79","106","90","138","156","107","716","69","76.5","7.5","75.7","8.0","2.8","2.2","1.4","2.1","34.4","8.8","12.2","5.4","24.4","8.2","0.0","3.8","26.1","8.9","21.5","8.7","411","92","11.9","8.5","44.3","13.9","10.0","7.1","6.8","7.6","10.2","8.4","16.8","9.3","2091","399","7.8","5.3","84.5","9.0","0.0","1.3","0.0","1.3","0.0","1.3","3.9","6.5","3.8","5.1","4.3","6.5","7.5","5.2","63143","10946","63250","14190","63336","14348","16665","18614","N","N","12333","2997","8177","1359","(X)","(X)","-","**","24374","7831","14519","7712","69788","12876","N","N","N","N","N","N","N","N","N","N","N","N","22864","4960","27652","6802","23413","5641","-","**","-","**","-","**","N","N","17177","16671","N","N","27458","7115",
"1400000US26163546600","Census Tract 5466, Wayne County, Michigan","803","195","538","170","521","168","17","20","9","13","125","58","153","99","312","112","11","17","167","77","62","45","343","58","79","54","128","71","15","24","37","38","44","41","40","40","1950","409","62","45","1768","320","0","11","0","11","0","11","0","11","120","156","0","11","62","45","803","195","67.0","13.0","64.9","12.8","2.1","2.5","1.1","1.6","15.6","7.6","19.1","11.2","38.9","13.1","1.4","2.2","20.8","9.6","7.7","5.7","343","58","23.0","14.1","37.3","18.7","4.4","6.8","10.8","11.5","12.8","12.2","11.7","12.1","1950","409","3.2","2.3","90.7","7.1","0.0","1.4","0.0","1.4","0.0","1.4","0.0","1.4","6.2","7.2","0.0","1.4","3.2","2.3","64744","29062","84428","37263","67281","27997","N","N","N","N","17181","5467","11433","3950","(X)","(X)","N","N","14294","3986","3839","3884","50009","15788","N","N","N","N","N","N","N","N","N","N","N","N","24524","10499","19973","8188","18727","5255","-","**","-","**","-","**","-","**","112280","224433","-","**","19973","8188",
"1400000US26163546700","Census Tract 5467, Wayne County, Michigan","988","114","717","126","717","126","33","36","37","35","323","102","169","86","314","119","24","26","167","86","127","74","554","128","79","55","276","101","34","31","91","72","74","50","0","11","2544","462","196","107","2026","392","0","11","0","11","0","11","288","264","34","52","281","251","196","107","988","114","72.6","9.8","72.6","9.8","3.3","3.6","3.7","3.6","32.7","10.5","17.1","8.4","31.8","11.4","2.4","2.6","16.9","8.7","12.9","7.3","554","128","14.3","9.1","49.8","12.9","6.1","5.4","16.4","12.7","13.4","8.8","0.0","4.8","2544","462","7.7","4.5","79.6","9.3","0.0","1.1","0.0","1.1","0.0","1.1","11.3","9.6","1.3","2.1","11.0","9.1","7.7","4.5","42893","7064","42295","7361","42013","7409","N","N","5181","5517","20138","4600","10464","3106","(X)","(X)","1038","1025","11428","5566","13029","9941","53905","9491","40830","17219","47020","10799","62053","31424","45838","23785","99720","25496","-","**","18426","2785","32602","11816","18246","3105","-","**","-","**","-","**","11711","3606","N","N","10158","1447","32602","11816",
"1400000US26163547000","Census Tract 5470, Wayne County, Michigan","1465","181","899","181","865","171","66","46","31","19","570","166","360","111","639","112","67","39","292","120","147","109","814","187","221","129","389","146","72","52","66","45","0","11","66","49","3694","571","244","177","3422","562","0","11","0","11","0","11","9","15","19","23","66","65","204","164","1465","181","61.4","8.7","59.0","8.4","4.5","3.0","2.1","1.3","38.9","9.1","24.6","7.4","43.6","7.7","4.6","2.7","19.9","7.7","10.0","6.7","814","187","27.1","13.6","47.8","14.0","8.8","6.4","8.1","5.9","0.0","3.3","8.1","6.0","3694","571","6.6","4.7","92.6","4.8","0.0","0.7","0.0","0.7","0.0","0.7","0.2","0.4","0.5","0.6","1.8","1.7","5.5","4.4","37698","5291","39045","6866","38672","6700","24994","6798","1619","1853","17517","3753","9140","1138","(X)","(X)","3507","1536","12916","3079","19016","15526","44163","7261","28252","9809","37609","13614","63818","24848","85605","25860","-","**","73185","29555","16113","2158","24759","11809","15578","2111","-","**","-","**","-","**","-","**","N","N","17939","4358","25553","14021",
"1400000US26163547100","Census Tract 5471, Wayne County, Michigan","1812","306","1382","306","1382","306","137","106","92","70","400","130","233","134","634","215","66","53","326","97","164","163","1073","246","146","64","485","143","190","110","213","178","0","11","39","45","4710","827","124","71","4416","798","39","65","0","11","0","11","0","11","131","126","36","53","124","71","1812","306","76.3","7.7","76.3","7.7","7.6","6.1","5.1","3.8","22.1","8.2","12.9","7.2","35.0","9.8","3.6","3.0","18.0","6.2","9.1","8.2","1073","246","13.6","6.6","45.2","11.2","17.7","10.5","19.9","13.5","0.0","2.5","3.6","4.3","4710","827","2.6","1.6","93.8","3.0","0.8","1.4","0.0","0.6","0.0","0.6","0.0","0.6","2.8","2.6","0.8","1.1","2.6","1.6","45946","7242","45681","7925","44772","8040","9176","6521","16067","41732","18959","3682","12817","2024","(X)","(X)","1670","2247","23482","7719","1880","2486","44658","8506","N","N","N","N","N","N","N","N","N","N","N","N","18747","3903","23535","14921","18812","4064","N","N","-","**","-","**","-","**","14450","3771","N","N","23535","14921",
"1400000US26163547200","Census Tract 5472, Wayne County, Michigan","1610","225","995","213","977","214","134","88","102","109","607","117","160","70","747","139","92","50","373","139","117","69","893","177","139","73","483","142","48","58","202","126","21","27","0","11","4018","582","225","186","3634","537","0","11","0","11","0","11","0","11","159","207","8","16","225","186","1610","225","61.8","8.1","60.7","8.1","8.3","5.4","6.3","6.4","37.7","7.8","9.9","4.6","46.4","9.6","5.7","3.1","23.2","7.7","7.3","4.4","893","177","15.6","8.3","54.1","12.9","5.4","6.1","22.6","12.9","2.4","3.1","0.0","3.0","4018","582","5.6","4.5","90.4","6.5","0.0","0.7","0.0","0.7","0.0","0.7","0.0","0.7","4.0","5.0","0.2","0.4","5.6","4.5","33665","5255","34434","7045","32678","7531","17433","10629","1327","2149","16147","2492","8636","825","(X)","(X)","642","503","21672","9610","4080","1056","39537","8590","N","N","N","N","N","N","N","N","N","N","N","N","15633","2634","25392","6151","14640","2971","-","**","-","**","-","**","-","**","N","N","-","**","25392","6151",
"1400000US26163550100","Census Tract 5501, Wayne County, Michigan","1491","148","1314","140","1272","139","339","82","552","124","449","101","13","18","90","66","10","17","319","98","78","52","1162","124","73","37","348","122","532","118","83","42","106","69","20","22","3789","339","3151","373","412","211","8","13","89","65","0","11","30","36","99","73","121","104","3049","358","1491","148","88.1","4.1","85.3","4.6","22.7","5.3","37.0","7.3","30.1","6.1","0.9","1.2","6.0","4.3","0.7","1.1","21.4","6.0","5.2","3.5","1162","124","6.3","3.1","29.9","10.3","45.8","9.0","7.1","3.6","9.1","5.7","1.7","1.9","3789","339","83.2","5.8","10.9","5.5","0.2","0.3","2.3","1.7","0.0","0.7","0.8","0.9","2.6","1.9","3.2","2.7","80.5","5.8","174966","20434","164860","22050","160998","21854","34913","14305","33333","14566","24562","3481","N","N","(X)","(X)","N","N","41108","8962","20491","11808","201818","25646","N","N","N","N","N","N","N","N","N","N","N","N","70833","9144","76814","10473","34829","11211","N","N","101036","83206","-","**","48780","31680","10773","9242","47739","29442","77632","10884",
"1400000US26163550200","Census Tract 5502, Wayne County, Michigan","1783","150","1532","168","1514","165","303","120","430","107","366","114","23","21","130","117","13","15","302","79","277","104","1132","146","74","59","251","85","473","157","153","71","158","122","23","23","4318","391","3273","311","331","75","13","20","156","99","0","11","25","27","520","326","91","68","3213","301","1783","150","85.9","5.9","84.9","6.0","17.0","6.7","24.1","6.4","20.5","6.4","1.3","1.2","7.3","6.2","0.7","0.9","16.9","4.7","15.5","6.2","1132","146","6.5","5.4","22.2","8.1","41.8","11.3","13.5","5.7","14.0","10.6","2.0","2.1","4318","391","75.8","7.4","7.7","1.8","0.3","0.5","3.6","2.3","0.0","0.6","0.6","0.6","12.0","6.9","2.1","1.6","74.4","7.4","123917","17717","118625","12510","117018","12167","15079","7590","43704","43985","24279","4657","10604","4854","(X)","(X)","N","N","26537","8045","11431","4968","155880","28393","N","N","N","N","N","N","N","N","N","N","N","N","49791","8440","56007","10038","36264","8567","N","N","80224","31476","-","**","N","N","11508","7776","29487","14106","56559","10183",
"1400000US26163550300","Census Tract 5503, Wayne County, Michigan","1050","76","906","78","887","78","183","61","514","83","282","70","0","11","6","10","6","10","295","78","119","67","931","79","57","35","193","69","476","103","44","28","155","65","6","11","3001","217","2721","244","109","121","0","11","6","10","1","3","70","36","94","73","33","41","2713","245","1050","76","86.3","4.3","84.5","4.4","17.4","6.0","49.0","7.7","26.9","6.2","0.0","2.6","0.6","1.0","0.6","1.0","28.1","7.6","11.3","6.1","931","79","6.1","3.7","20.7","6.9","51.1","9.1","4.7","3.0","16.6","7.6","0.6","1.2","3001","217","90.7","5.5","3.6","4.0","0.0","0.9","0.2","0.4","0.0","0.1","2.3","1.2","3.1","2.4","1.1","1.3","90.4","5.5","216134","27578","209840","32703","205966","33293","40566","22726","25128","11732","31187","4397","-","**","(X)","(X)","N","N","46094","17003","12677","5194","230938","29937","N","N","N","N","N","N","N","N","N","N","N","N","75543","10272","76469","10786","76284","41226","-","**","N","N","N","N","N","N","100836","105206","N","N","76312","10823",
"1400000US26163550400","Census Tract 5504, Wayne County, Michigan","752","84","580","82","570","82","67","31","256","55","236","48","14","14","59","39","27","26","222","79","81","41","354","65","34","22","159","36","101","45","38","25","22","22","0","11","1503","231","1364","229","87","52","3","6","0","11","0","11","10","11","39","34","22","17","1352","229","752","84","77.1","5.7","75.8","5.8","8.9","4.1","34.0","6.8","31.4","6.4","1.9","1.8","7.8","5.1","3.6","3.5","29.5","8.9","10.8","5.3","354","65","9.6","6.2","44.9","9.7","28.5","10.1","10.7","6.5","6.2","6.0","0.0","7.5","1503","231","90.8","4.4","5.8","3.4","0.2","0.4","0.0","1.8","0.0","1.8","0.7","0.8","2.6","2.3","1.5","1.1","90.0","4.5","118212","15355","122447","19377","121261","19654","28370","17939","16872","5647","22769","3325","9250","437","(X)","(X)","1559","1209","30176","7025","16209","10037","159485","28666","95253","20366","175862","58741","163805","23921","137016","67135","159373","54690","-","**","59606","9647","61464","10284","24051","8329","N","N","-","**","-","**","N","N","86236","55016","16659","9791","61862","10373",
"1400000US26163550500","Census Tract 5505, Wayne County, Michigan","1444","115","1169","128","1082","122","290","133","659","151","593","137","70","47","26","24","20","22","442","117","162","78","1105","105","152","58","406","118","348","87","24","25","165","62","10","15","3673","230","3409","237","60","73","0","11","45","39","0","11","14","17","145","136","94","87","3329","246","1444","115","81.0","6.0","74.9","6.5","20.1","8.4","45.6","8.5","41.1","7.8","4.8","3.3","1.8","1.7","1.4","1.5","30.6","7.2","11.2","5.3","1105","105","13.8","5.2","36.7","9.0","31.5","7.7","2.2","2.2","14.9","5.6","0.9","1.4","3673","230","92.8","3.7","1.6","2.0","0.0","0.7","1.2","1.1","0.0","0.7","0.4","0.5","3.9","3.6","2.6","2.4","90.6","4.1","216896","43471","216923","46922","214628","42003","73641","52524","32319","20888","26325","3002","9103","6597","(X)","(X)","N","N","40793","15863","24380","16486","258957","53117","N","N","N","N","N","N","N","N","N","N","N","N","83176","13847","81696","12389","N","N","-","**","163227","126812","-","**","-","**","N","N","N","N","82972","12749",
"1400000US26163550600","Census Tract 5506, Wayne County, Michigan","1069","290","750","115","715","115","142","47","532","116","453","276","0","11","6","8","6","8","411","274","287","282","723","116","59","25","333","117","205","51","39","28","72","36","15","11","2527","360","2285","275","4","6","0","11","35","38","0","11","0","11","203","282","21","19","2264","275","1069","290","70.2","19.5","66.9","19.0","13.3","5.9","49.8","15.8","42.4","16.1","0.0","2.5","0.6","0.8","0.6","0.8","38.4","17.2","26.8","20.3","723","116","8.2","3.4","46.1","11.0","28.4","8.0","5.4","3.8","10.0","5.3","2.1","1.6","2527","360","90.4","10.4","0.2","0.2","0.0","1.1","1.4","1.5","0.0","1.1","0.0","1.1","8.0","10.5","0.8","0.8","89.6","10.3","254120","66871","220328","31680","197503","29613","169239","86029","136095","78521","38531","8895","-","**","(X)","(X)","N","N","24758","19590","22187","4044","328328","53709","164366","35916","387781","97693","331988","61672","215651","92306","283189","62160","113007","35850","106939","22040","109959","23226","N","N","-","**","103731","82740","-","**","-","**","N","N","66010","62035","110366","23457",
"1400000US26163550700","Census Tract 5507, Wayne County, Michigan","1926","170","1546","223","1497","219","471","290","638","153","613","141","23","19","0","15","0","15","553","132","169","88","1597","209","231","101","305","116","809","276","98","71","78","44","76","62","5160","429","4918","333","35","30","7","12","107","158","0","15","0","15","93","93","171","174","4747","356","1926","170","80.3","6.5","77.7","6.6","24.5","13.7","33.1","8.6","31.8","8.5","1.2","1.0","0.0","1.4","0.0","1.4","28.7","7.7","8.8","4.6","1597","209","14.5","6.8","19.1","7.7","50.7","12.3","6.1","4.5","4.9","2.8","4.8","4.0","5160","429","95.3","3.2","0.7","0.6","0.1","0.2","2.1","2.9","0.0","0.5","0.0","0.5","1.8","1.8","3.3","3.4","92.0","4.3","153804","16360","150725","20743","147304","16492","26555","32407","29793","13291","28384","3312","N","N","(X)","(X)","-","**","38847","11580","30339","20662","169041","19975","122900","32754","145658","38183","177878","23966","186908","54491","268863","281810","183566","60490","55948","6710","55202","7843","104063","61678","N","N","N","N","-","**","-","**","11362","9274","15791","14624","56622","8119",
"1400000US26163550800","Census Tract 5508, Wayne County, Michigan","620","88","434","67","400","62","112","48","320","75","279","71","6","8","0","11","0","11","168","52","63","43","438","66","66","35","158","47","167","46","9","9","38","20","0","11","1455","217","1328","214","22","28","0","11","47","42","0","11","3","5","55","30","25","28","1306","205","620","88","70.0","8.6","64.5","7.7","18.1","7.5","51.6","9.1","45.0","8.4","1.0","1.4","0.0","4.3","0.0","4.3","27.1","7.4","10.2","6.7","438","66","15.1","7.2","36.1","9.4","38.1","8.9","2.1","2.1","8.7","4.7","0.0","6.1","1455","217","91.3","4.2","1.5","1.9","0.0","1.9","3.2","2.8","0.0","1.9","0.2","0.4","3.8","2.0","1.7","1.8","89.8","4.7","206735","31587","203918","27227","188742","27509","116104","60190","83260","36977","26488","5059","N","N","(X)","(X)","-","**","26953","10310","15898","9204","250378","33113","N","N","N","N","N","N","N","N","N","N","N","N","88903","11575","93955","12453","-","**","-","**","86579","42767","-","**","N","N","N","N","46992","14386","94776","12704",
"1400000US26163550900","Census Tract 5509, Wayne County, Michigan","1020","130","753","110","704","101","169","61","588","95","421","86","0","11","0","11","0","11","267","82","40","28","885","122","168","70","356","102","253","55","36","26","62","30","10","13","2745","436","2446","424","43","65","13","20","209","124","0","11","0","11","34","41","70","71","2389","415","1020","130","73.8","6.5","69.0","6.3","16.6","5.5","57.6","7.0","41.3","5.7","0.0","2.7","0.0","2.7","0.0","2.7","26.2","6.3","3.9","2.8","885","122","19.0","7.1","40.2","9.1","28.6","6.2","4.1","2.9","7.0","3.5","1.1","1.4","2745","436","89.1","5.5","1.6","2.3","0.5","0.7","7.6","4.4","0.0","1.0","0.0","1.0","1.2","1.5","2.6","2.6","87.0","5.8","274835","49471","285384","58166","277663","48523","114907","61358","64503","32107","30650","4540","-","**","(X)","(X)","-","**","50550","16680","27760","22626","306434","59132","N","N","N","N","N","N","N","N","N","N","N","N","103481","17907","102411","18211","N","N","-","**","141760","96866","-","**","-","**","N","N","135470","85659","100885","18477",
"1400000US26163551100","Census Tract 5511, Wayne County, Michigan","1894","161","1363","170","1347","170","187","103","773","122","697","84","36","28","17","20","0","11","483","91","218","150","1566","177","310","59","402","112","437","106","152","121","257","161","8","14","4989","568","4680","611","55","42","0","11","136","129","0","11","0","11","118","173","116","112","4632","610","1894","161","72.0","4.6","71.1","4.7","9.9","5.4","40.8","7.5","36.8","5.5","1.9","1.5","0.9","1.1","0.0","1.4","25.5","5.5","11.5","7.4","1566","177","19.8","4.2","25.7","7.1","27.9","7.6","9.7","7.3","16.4","9.4","0.5","0.9","4989","568","93.8","4.1","1.1","0.8","0.0","0.5","2.7","2.6","0.0","0.5","0.0","0.5","2.4","3.5","2.3","2.2","92.8","4.0","154238","14010","167712","16058","163174","16281","47034","27636","33688","12968","25548","2488","8803","3536","(X)","(X)","-","**","32193","6183","17533","2948","169372","15254","N","N","N","N","N","N","N","N","N","N","N","N","58657","5640","60505","6084","33165","26718","-","**","47651","51421","-","**","-","**","N","N","22623","39272","60647","6070",
"1400000US26163551200","Census Tract 5512, Wayne County, Michigan","1466","145","1325","156","1302","154","130","71","434","92","312","53","19","28","36","33","0","11","267","76","80","41","1162","151","67","39","367","106","570","164","42","28","108","39","8","11","3919","478","3321","461","465","170","0","11","11","16","0","11","8","13","114","126","51","45","3314","462","1466","145","90.4","3.7","88.8","3.7","8.9","4.8","29.6","6.8","21.3","3.6","1.3","2.0","2.5","2.3","0.0","1.9","18.2","5.4","5.5","2.8","1162","151","5.8","3.5","31.6","8.9","49.1","10.8","3.6","2.4","9.3","3.5","0.7","1.0","3919","478","84.7","5.2","11.9","4.3","0.0","0.7","0.3","0.4","0.0","0.7","0.2","0.3","2.9","3.1","1.3","1.1","84.6","5.2","108770","8813","103885","10098","104674","10356","10473","5272","13833","7261","23618","3764","N","N","(X)","(X)","-","**","26555","6481","14659","8757","117954","9954","N","N","N","N","N","N","N","N","N","N","N","N","41622","3697","43542","4109","29719","4770","-","**","-","**","-","**","N","N","32073","14020","51422","31811","43443","4154",
"1400000US26163551300","Census Tract 5513, Wayne County, Michigan","1610","170","1185","169","1179","169","110","61","201","77","672","159","110","84","301","102","25","23","312","80","91","60","875","161","31","31","385","155","197","66","202","105","26","37","34","41","3712","480","1713","353","1649","351","0","11","38","37","0","11","0","11","312","286","16","18","1697","355","1610","170","73.6","6.2","73.2","6.2","6.8","3.8","12.5","4.7","41.7","8.6","6.8","5.2","18.7","6.0","1.6","1.4","19.4","4.9","5.7","3.8","875","161","3.5","3.4","44.0","14.6","22.5","7.3","23.1","11.5","3.0","4.2","3.9","4.8","3712","480","46.1","7.6","44.4","8.2","0.0","0.7","1.0","1.0","0.0","0.7","0.0","0.7","8.4","7.5","0.4","0.5","45.7","7.7","62686","9056","68126","10168","67834","10221","6849","3651","7976","4251","15185","2848","7346","1468","(X)","(X)","168","39","23315","8535","3308","2050","78408","10923","N","N","N","N","N","N","N","N","N","N","N","N","28203","3368","34604","4603","26321","4785","-","**","21982","20046","-","**","-","**","3755","3751","N","N","34486","4649",
"1400000US26163551400","Census Tract 5514, Wayne County, Michigan","1550","204","1280","205","1258","205","131","60","195","66","525","127","130","65","220","97","46","37","474","124","287","146","1043","200","116","62","449","169","270","91","84","47","97","48","27","38","4149","461","1320","361","2563","406","0","11","193","223","0","11","0","11","73","61","32","39","1288","356","1550","204","82.6","5.1","81.2","5.2","8.5","4.1","12.6","4.3","33.9","7.4","8.4","4.4","14.2","6.1","3.0","2.4","30.6","7.1","18.5","8.4","1043","200","11.1","5.7","43.0","10.6","25.9","8.5","8.1","4.7","9.3","4.9","2.6","3.6","4149","461","31.8","8.0","61.8","7.0","0.0","0.7","4.7","5.3","0.0","0.7","0.0","0.7","1.8","1.5","0.8","1.0","31.0","7.8","61848","7060","58452","8532","57757","8284","16492","9188","7298","4408","15321","3708","13406","6200","(X)","(X)","848","528","14622","4498","9987","2995","66327","10193","N","N","N","N","N","N","N","N","N","N","N","N","24379","3158","31438","5812","21171","3267","-","**","N","N","-","**","-","**","31388","6142","N","N","31650","5769",
"1400000US26163551500","Census Tract 5515, Wayne County, Michigan","759","99","656","99","634","100","127","71","85","38","207","76","46","32","121","81","9","12","192","75","91","47","600","92","70","37","156","52","153","53","121","74","77","37","23","23","2357","356","831","263","1283","292","0","11","35","38","0","11","34","53","174","88","38","53","827","262","759","99","86.4","5.8","83.5","6.2","16.7","8.5","11.2","5.0","27.3","8.3","6.1","4.2","15.9","9.9","1.2","1.6","25.3","8.2","12.0","5.9","600","92","11.7","6.0","26.0","8.1","25.5","8.5","20.2","10.9","12.8","6.2","3.8","3.9","2357","356","35.3","9.2","54.4","10.3","0.0","1.2","1.5","1.6","0.0","1.2","1.4","2.2","7.4","3.5","1.6","2.2","35.1","9.2","76196","8798","70417","10554","69689","11170","15833","16010","7520","4858","24424","3182","17209","3216","(X)","(X)","N","N","24202","8990","5418","3514","77754","9955","N","N","N","N","N","N","N","N","N","N","N","N","25367","3403","31156","5590","23002","4698","-","**","24743","5065","-","**","N","N","13568","4930","32474","6077","31218","5625",
"1400000US26163551600","Census Tract 5516, Wayne County, Michigan","1252","105","1013","121","1013","121","73","50","73","45","337","94","126","61","411","116","132","102","194","67","74","47","768","115","66","43","363","117","85","58","201","103","36","31","17","23","3611","712","737","164","2712","741","35","38","0","11","0","11","0","11","127","103","12","18","726","167","1252","105","80.9","6.6","80.9","6.6","5.8","4.0","5.8","3.6","26.9","7.1","10.1","5.0","32.8","8.9","10.5","7.9","15.5","5.4","5.9","3.7","768","115","8.6","5.4","47.3","12.5","11.1","7.8","26.2","12.7","4.7","4.1","2.2","3.0","3611","712","20.4","6.1","75.1","7.1","1.0","1.1","0.0","0.8","0.0","0.8","0.0","0.8","3.5","2.9","0.3","0.5","20.1","6.2","49156","12410","50562","15452","49811","15479","10419","9896","3373","2506","14737","2806","8848","971","(X)","(X)","1563","337","17950","5389","4158","3629","56714","19963","N","N","N","N","N","N","N","N","N","N","N","N","17980","5722","28322","4267","15574","7272","18414","20904","-","**","-","**","-","**","9221","7978","N","N","28198","4316",
"1400000US26163551700","Census Tract 5517, Wayne County, Michigan","1300","174","1018","172","971","171","286","146","635","166","468","79","31","28","0","11","0","11","379","105","47","36","984","176","107","54","237","93","489","155","38","33","113","58","0","11","3142","424","2944","434","0","11","0","11","112","96","0","11","0","11","86","89","27","26","2917","430","1300","174","78.3","5.9","74.7","6.3","22.0","9.0","48.8","8.3","36.0","6.5","2.4","2.1","0.0","2.1","0.0","2.1","29.2","7.5","3.6","2.7","984","176","10.9","5.3","24.1","9.1","49.7","11.0","3.9","3.4","11.5","5.9","0.0","2.8","3142","424","93.7","4.1","0.0","0.9","0.0","0.9","3.6","3.1","0.0","0.9","0.0","0.9","2.7","2.9","0.9","0.8","92.8","4.1","140456","18662","147239","22792","139718","23031","49732","20001","17793","7608","23469","3853","7713","1579","(X)","(X)","-","**","26265","6986","4860","2351","161960","22354","79781","24028","98627","23861","208022","27455","100574","30061","193920","36296","-","**","57707","8540","57320","9007","-","**","-","**","93054","18744","-","**","-","**","24929","1702","84593","37330","57067","9139",
"1400000US26163551800","Census Tract 5518, Wayne County, Michigan","1399","166","989","113","902","96","191","74","377","91","592","146","90","125","105","118","9","11","418","100","129","55","903","132","129","63","297","90","344","88","42","30","79","50","12","18","3359","407","3017","410","231","147","0","11","58","59","0","11","13","21","40","34","112","76","2935","422","1399","166","70.7","7.3","64.5","6.8","13.7","5.0","26.9","6.8","42.3","6.9","6.4","8.6","7.5","8.0","0.6","0.8","29.9","6.9","9.2","4.0","903","132","14.3","6.3","32.9","8.2","38.1","8.8","4.7","3.4","8.7","5.4","1.3","2.0","3359","407","89.8","4.9","6.9","4.3","0.0","0.8","1.7","1.8","0.0","0.8","0.4","0.6","1.2","1.0","3.3","2.3","87.4","5.5","95884","13145","104103","13653","104758","11896","44325","40730","8229","4759","22528","4047","9848","1299","(X)","(X)","N","N","29623","6941","11276","5939","115572","14430","N","N","N","N","N","N","N","N","N","N","N","N","40497","5169","41388","5837","18287","9830","-","**","53778","42421","-","**","-","**","95428","75354","16475","5505","42045","5938",
"1400000US26163552000","Census Tract 5520, Wayne County, Michigan","901","109","786","115","773","114","61","36","72","34","152","45","114","54","294","72","90","58","70","28","69","48","662","94","55","29","340","66","123","43","98","48","29","33","17","25","3285","486","1435","351","116","54","20","32","1450","310","0","11","142","125","122","89","29","35","1435","351","901","109","87.2","4.5","85.8","4.9","6.8","4.1","8.0","3.5","16.9","4.8","12.7","5.8","32.6","7.4","10.0","5.9","7.8","3.0","7.7","4.8","662","94","8.3","4.5","51.4","8.5","18.6","6.2","14.8","6.5","4.4","4.7","2.6","3.6","3285","486","43.7","7.4","3.5","1.7","0.6","1.0","44.1","7.2","0.0","0.8","4.3","3.8","3.7","2.7","0.9","1.1","43.7","7.4","44914","4814","43217","5147","42602","5081","17011","7021","5569","5697","16416","4406","10650","1796","(X)","(X)","2896","1687","23257","12518","7245","2447","46034","5868","N","N","N","N","N","N","N","N","N","N","N","N","12656","1569","17633","3389","23749","8379","N","N","7991","1541","-","**","9127","3798","3651","1986","13593","7472","17633","3389",
"1400000US26163552100","Census Tract 5521, Wayne County, Michigan","1294","138","939","152","927","150","23","22","104","57","296","85","165","75","482","98","34","26","166","48","79","46","825","137","145","62","357","120","172","75","114","66","12","16","25","24","3848","592","1652","501","932","232","18","21","757","234","99","126","42","38","348","295","60","43","1641","510","1294","138","72.6","7.3","71.6","7.3","1.8","1.7","8.0","4.5","22.9","6.1","12.8","5.9","37.2","7.8","2.6","2.1","12.8","3.4","6.1","3.5","825","137","17.6","7.3","43.3","10.4","20.8","8.7","13.8","7.9","1.5","2.0","3.0","2.8","3848","592","42.9","9.1","24.2","6.3","0.5","0.5","19.7","6.8","2.6","3.2","1.1","1.0","9.0","7.2","1.6","1.1","42.6","9.4","38771","5530","41773","6733","42009","6780","12283","5508","7221","10104","18003","2290","11808","1969","(X)","(X)","1918","1049","13349","3628","8049","7685","47133","8274","N","N","N","N","N","N","N","N","N","N","N","N","13061","2113","14864","4463","11277","3019","30089","21532","12460","5401","16458","14266","8531","3286","9286","7579","8428","2328","14901","4544",
"1400000US26163552200","Census Tract 5522, Wayne County, Michigan","937","96","815","95","790","97","106","70","121","67","180","53","74","47","293","80","36","27","104","37","53","32","688","95","66","38","352","85","146","75","95","49","12","13","17","18","3470","735","2452","771","155","114","0","11","694","206","0","11","13","21","156","140","24","27","2442","772","937","96","87.0","5.7","84.3","5.8","11.3","6.9","12.9","6.6","19.2","5.5","7.9","4.9","31.3","8.5","3.8","2.9","11.1","3.9","5.7","3.5","688","95","9.6","5.4","51.2","10.8","21.2","9.8","13.8","7.3","1.7","1.9","2.5","2.7","3470","735","70.7","9.6","4.5","3.5","0.0","0.8","20.0","7.2","0.0","0.8","0.4","0.6","4.5","4.2","0.7","0.8","70.4","9.7","48501","6845","47534","7466","46820","7302","16533","6014","4525","3866","19346","5695","8600","2125","(X)","(X)","3611","3597","14571","6938","7425","3110","46194","7386","N","N","N","N","N","N","N","N","N","N","N","N","13317","3399","14668","5012","10143","9083","-","**","9874","2767","-","**","N","N","9962","7744","28446","12140","14568","4972",
"1400000US26163552300","Census Tract 5523, Wayne County, Michigan","995","119","825","133","798","130","86","53","63","39","222","86","128","99","502","125","54","37","76","47","169","95","745","121","71","55","467","122","17","20","78","59","9","15","103","83","3296","400","1832","414","59","71","0","11","1175","469","0","11","192","263","38","46","192","263","1832","414","995","119","82.9","7.3","80.2","7.1","8.6","5.3","6.3","3.8","22.3","8.3","12.9","9.6","50.5","11.6","5.4","3.8","7.6","4.8","17.0","8.7","745","121","9.5","7.4","62.7","14.2","2.3","2.6","10.5","7.8","1.2","1.9","13.8","10.3","3296","400","55.6","13.1","1.8","2.2","0.0","0.8","35.6","12.2","0.0","0.8","5.8","7.9","1.2","1.4","5.8","7.9","55.6","13.1","39090","8808","38429","9608","38269","9661","13549","11772","241","233","13645","4759","12833","3839","(X)","(X)","3370","3438","18733","8411","5314","5275","42610","10569","N","N","N","N","N","N","N","N","N","N","N","N","11897","2783","10892","3021","12512","15261","-","**","12850","4461","-","**","7655","350","N","N","7655","350","10892","3021",
"1400000US26163552400","Census Tract 5524, Wayne County, Michigan","669","68","506","71","486","71","80","37","23","12","184","40","52","30","347","63","42","27","72","27","76","41","491","72","63","35","265","60","32","23","96","40","17","17","18","17","2671","410","1390","360","362","115","0","11","678","197","0","11","48","60","193","146","34","34","1360","366","669","68","75.6","5.9","72.6","5.9","12.0","5.3","3.4","1.8","27.5","6.1","7.8","4.3","51.9","7.8","6.3","3.9","10.8","4.1","11.4","5.7","491","72","12.8","6.7","54.0","9.5","6.5","4.6","19.6","7.4","3.5","3.4","3.7","3.3","2671","410","52.0","8.8","13.6","4.5","0.0","1.0","25.4","6.9","0.0","1.0","1.8","2.2","7.2","5.4","1.3","1.3","50.9","9.1","35795","4117","35976","5375","34088","4762","20465","14855","2443","3075","14707","2104","11044","2583","(X)","(X)","4445","2031","18107","6198","12057","6974","38009","5591","17037","16296","34048","5967","38188","8368","50576","13081","72212","31078","70089","40184","9863","1437","10079","2044","13896","4250","-","**","9153","2005","-","**","N","N","3852","3033","26153","23464","9714","1906",
"1400000US26163552801","Census Tract 5528.01, Wayne County, Michigan","1084","111","780","124","753","124","97","58","116","56","198","68","192","74","563","114","94","51","126","48","48","44","756","112","157","76","465","112","22","26","90","39","0","11","22","21","4593","585","3233","539","215","109","0","11","525","220","0","11","36","43","584","393","0","11","3233","539","1084","111","72.0","7.8","69.5","8.3","8.9","5.1","10.7","5.0","18.3","6.5","17.7","6.6","51.9","9.0","8.7","4.6","11.6","4.6","4.4","4.0","756","112","20.8","9.2","61.5","9.4","2.9","3.4","11.9","5.8","0.0","3.6","2.9","2.8","4593","585","70.4","8.0","4.7","2.4","0.0","0.6","11.4","5.2","0.0","0.6","0.8","0.9","12.7","7.9","0.0","0.6","70.4","8.0","37295","5548","41337","6051","42008","6166","6300","3064","7001","2390","15533","3006","7801","2190","(X)","(X)","1797","1063","20339","13342","1423","240","40232","7710","N","N","N","N","N","N","N","N","N","N","N","N","9013","1455","10014","1640","8415","3379","-","**","7362","2392","-","**","-","**","5730","4641","-","**","10014","1640",
"1400000US26163553000","Census Tract 5530, Wayne County, Michigan","524","179","282","165","275","164","7","11","23","20","127","46","117","56","336","151","37","33","47","43","49","39","205","138","50","38","140","133","0","11","15","16","0","11","0","11","1060","413","56","49","1004","413","0","11","0","11","0","11","0","11","0","11","0","11","56","49","524","179","53.8","18.3","52.5","18.5","1.3","2.1","4.4","3.9","24.2","11.2","22.3","11.0","64.1","17.7","7.1","6.4","9.0","8.3","9.4","8.0","205","138","24.4","22.4","68.3","27.2","0.0","12.5","7.3","9.2","0.0","12.5","0.0","12.5","1060","413","5.3","5.2","94.7","5.2","0.0","2.6","0.0","2.6","0.0","2.6","0.0","2.6","0.0","2.6","0.0","2.6","5.3","5.2","45004","25733","42426","21376","43180","22252","N","N","312839","447709","14532","3897","8736","897","(X)","(X)","238","272","21898","17986","10549","14176","75150","73884","N","N","N","N","N","N","N","N","N","N","N","N","22769","14271","2686","2242","23889","15200","-","**","-","**","-","**","-","**","-","**","-","**","2686","2242",
"1400000US26163553100","Census Tract 5531, Wayne County, Michigan","655","177","447","166","431","165","16","24","72","36","258","78","108","80","175","84","46","66","191","72","36","28","266","87","44","33","200","82","6","8","16","19","0","11","0","11","1615","412","273","271","1330","341","0","11","0","11","0","11","0","11","12","17","0","11","273","271","655","177","68.2","12.0","65.8","12.8","2.4","3.7","11.0","6.2","39.4","12.5","16.5","11.3","26.7","12.2","7.0","9.8","29.2","12.0","5.5","4.4","266","87","16.5","11.4","75.2","13.6","2.3","3.3","6.0","7.5","0.0","9.8","0.0","9.8","1615","412","16.9","14.9","82.4","14.9","0.0","1.7","0.0","1.7","0.0","1.7","0.0","1.7","0.7","1.1","0.0","1.7","16.9","14.9","41087","7929","37944","9973","38590","10136","N","N","2649","2189","15421","4374","7556","1201","(X)","(X)","N","N","24629","6664","5728","2319","42574","14529","N","N","N","N","N","N","N","N","N","N","N","N","17994","4342","22275","5868","17278","4929","-","**","-","**","-","**","-","**","-","**","-","**","22275","5868",
"1400000US26163553200","Census Tract 5532, Wayne County, Michigan","257","66","173","64","152","73","29","23","57","34","115","48","39","20","101","36","28","26","70","40","18","20","153","45","27","20","53","29","30","27","19","21","24","33","0","11","737","202","75","93","572","173","0","11","0","11","0","11","6","9","84","107","0","11","75","93","257","66","67.3","12.4","59.1","16.9","11.3","10.4","22.2","12.2","44.7","18.6","15.2","8.5","39.3","13.3","10.9","10.3","27.2","13.7","7.0","7.7","153","45","17.6","13.1","34.6","20.0","19.6","16.3","12.4","13.0","15.7","19.6","0.0","16.4","737","202","10.2","11.2","77.6","20.6","0.0","3.7","0.0","3.7","0.0","3.7","0.8","1.2","11.4","13.1","0.0","3.7","10.2","11.2","34163","12310","30819","11986","34349","13864","3817","4243","7577","10192","14155","2879","9797","2374","(X)","(X)","2679","2496","12596","10713","N","N","42369","18288","N","N","N","N","N","N","N","N","N","N","N","N","12843","5178","10064","5407","14889","5610","-","**","-","**","-","**","N","N","N","N","-","**","10064","5407",
"1400000US26163553601","Census Tract 5536.01, Wayne County, Michigan","933","253","707","257","707","257","44","30","60","47","395","171","65","32","175","63","17","13","233","87","174","191","560","179","56","30","298","169","29","28","141","84","23","24","13","14","2402","534","252","209","2039","470","0","11","0","11","0","11","67","78","44","53","80","85","252","209","933","253","75.8","9.3","75.8","9.3","4.7","3.4","6.4","5.4","42.3","15.5","7.0","4.0","18.8","8.9","1.8","1.5","25.0","10.1","18.6","17.6","560","179","10.0","5.8","53.2","17.8","5.2","5.2","25.2","14.5","4.1","4.8","2.3","2.6","2402","534","10.5","7.9","84.9","9.9","0.0","1.1","0.0","1.1","0.0","1.1","2.8","3.0","1.8","2.2","3.3","3.3","10.5","7.9","65332","23482","69106","25886","68027","26050","17345","14054","1218","3814","17419","3137","7378","2328","(X)","(X)","N","N","16250","7854","4988","2107","84568","34124","N","N","N","N","N","N","N","N","N","N","N","N","26600","10601","30260","14454","27061","12390","-","**","-","**","-","**","N","N","5580","4149","11540","2352","30260","14454",
"1400000US26163553800","Census Tract 5538, Wayne County, Michigan","673","279","452","311","446","316","6","11","55","81","208","115","47","31","366","315","21","36","211","110","16","17","274","80","95","78","114","61","24","33","21","16","20","29","0","11","1489","389","73","49","1250","353","14","20","0","11","0","11","0","11","152","154","89","125","72","49","673","279","67.2","24.3","66.3","25.3","0.9","2.0","8.2","13.7","30.9","21.5","7.0","5.7","54.4","29.9","3.1","5.8","31.4","21.7","2.4","2.6","274","80","34.7","23.2","41.6","22.6","8.8","12.2","7.7","5.8","7.3","10.6","0.0","9.5","1489","389","4.9","3.3","83.9","10.2","0.9","1.3","0.0","1.8","0.0","1.8","0.0","1.8","10.2","9.6","6.0","7.9","4.8","3.2","30254","14112","35726","26176","35874","27080","N","N","N","N","8590","2272","12645","11118","(X)","(X)","N","N","8469","4016","1056","1249","45711","15358","N","N","N","N","N","N","N","N","N","N","N","N","14409","5136","40973","48738","14263","4654","-","**","-","**","-","**","-","**","4174","5542","N","N","41314","49864",
"1400000US26163554100","Census Tract 5541, Wayne County, Michigan","1527","200","1213","174","1137","171","114","73","144","61","449","174","224","113","286","98","54","40","292","154","195","82","1015","190","159","136","470","141","168","69","111","47","95","58","12","20","3937","587","1815","358","1877","447","0","11","20","24","0","11","43","47","182","168","74","65","1762","360","1527","200","79.4","8.8","74.5","8.8","7.5","4.7","9.4","4.2","29.4","9.5","14.7","7.2","18.7","6.6","3.5","2.7","19.1","9.0","12.8","5.1","1015","190","15.7","11.7","46.3","11.4","16.6","7.7","10.9","4.7","9.4","5.5","1.2","2.0","3937","587","46.1","8.7","47.7","7.7","0.0","0.7","0.5","0.6","0.0","0.7","1.1","1.2","4.6","3.9","1.9","1.7","44.8","8.7","62438","12281","65049","13815","63278","12612","61029","65298","1022","1022","18144","3721","9897","1815","(X)","(X)","1346","1854","14223","4807","8726","5832","62803","11131","N","N","N","N","N","N","N","N","N","N","N","N","24722","4713","32163","8860","18811","3828","-","**","N","N","-","**","N","N","11816","9565","16136","9338","32529","9170",
"1400000US26163554200","Census Tract 5542, Wayne County, Michigan","1146","88","916","109","904","105","69","53","42","32","341","68","53","42","261","89","29","27","149","50","100","61","742","104","117","62","281","88","198","68","83","55","33","29","30","39","2809","316","1794","253","659","235","1","3","0","11","0","11","59","64","296","208","197","142","1682","271","1146","88","79.9","6.2","78.9","6.1","6.0","4.6","3.7","2.8","29.8","5.5","4.6","3.6","22.8","7.4","2.5","2.3","13.0","4.4","8.7","5.3","742","104","15.8","7.9","37.9","10.5","26.7","9.9","11.2","7.0","4.4","3.8","4.0","5.2","2809","316","63.9","8.0","23.5","7.5","0.0","0.1","0.0","1.0","0.0","1.0","2.1","2.3","10.5","7.1","7.0","5.2","59.9","8.3","52105","8679","54152","10541","54930","10720","-774","1695","2402","3374","18926","2360","10155","2154","(X)","(X)","1255","583","17668","2988","3476","2058","56853","12714","N","N","N","N","N","N","N","N","N","N","N","N","21566","3389","22755","4603","22082","8735","N","N","-","**","-","**","N","N","14651","5450","15906","6619","23216","5003",
"1400000US26163554300","Census Tract 5543, Wayne County, Michigan","1977","331","1815","367","1796","371","54","55","245","147","481","135","129","104","174","102","71","67","289","144","100","77","1309","348","49","53","346","161","452","136","164","102","255","299","43","48","4882","1065","2825","578","1409","317","57","78","0","11","0","11","0","11","591","629","754","661","2623","461","1977","331","91.8","5.6","90.8","6.1","2.7","2.8","12.4","7.3","24.3","7.1","6.5","5.2","8.8","5.5","3.6","3.5","14.6","7.5","5.1","4.1","1309","348","3.7","4.5","26.4","12.7","34.5","12.7","12.5","7.3","19.5","18.9","3.3","3.8","4882","1065","57.9","8.3","28.9","8.1","1.2","1.6","0.0","0.6","0.0","0.6","0.0","0.6","12.1","11.2","15.4","11.1","53.7","6.7","77918","11875","73416","12803","73081","13032","36991","27227","2658","1642","25077","4567","7529","1409","(X)","(X)","6103","8679","20354","10090","7926","1952","91228","14969","N","N","N","N","N","N","N","N","N","N","N","N","32191","3386","36434","6944","28087","6466","N","N","-","**","-","**","-","**","22561","6393","17283","8431","38441","6966",
"1400000US26163554400","Census Tract 5544, Wayne County, Michigan","1261","242","932","231","914","228","83","74","150","60","462","152","120","51","130","44","54","40","377","138","377","245","866","235","83","46","214","91","409","246","73","56","59","56","28","28","3454","606","1175","165","1956","536","0","11","81","114","0","11","0","11","242","345","239","344","1175","165","1261","242","73.9","7.9","72.5","8.1","6.6","5.9","11.9","5.4","36.6","12.1","9.5","4.8","10.3","4.1","4.3","3.4","29.9","10.9","29.9","14.7","866","235","9.6","5.5","24.7","12.8","47.2","16.9","8.4","7.2","6.8","6.6","3.2","3.5","3454","606","34.0","7.1","56.6","10.1","0.0","0.8","2.3","3.4","0.0","0.8","0.0","0.8","7.0","9.4","6.9","9.4","34.0","7.1","69278","8533","69521","9719","65744","9751","56676","18618","8328","6587","18290","2648","13502","2643","(X)","(X)","14959","14242","19373","5219","8317","5965","79372","10059","N","N","N","N","N","N","N","N","N","N","N","N","23770","1936","28015","3496","22167","2651","-","**","6627","1128","-","**","-","**","N","N","N","N","28015","3496",
"1400000US26163554500","Census Tract 5545, Wayne County, Michigan","1062","176","787","167","693","132","153","101","80","44","270","84","59","49","398","135","32","28","153","54","125","74","555","137","122","64","202","123","98","48","84","48","19","23","30","22","2682","568","1389","253","1127","530","83","95","21","37","0","11","0","11","62","48","39","42","1371","253","1062","176","74.1","8.6","65.3","9.8","14.4","8.5","7.5","4.4","25.4","7.4","5.6","4.5","37.5","9.6","3.0","2.7","14.4","5.2","11.8","7.5","555","137","22.0","11.6","36.4","15.5","17.7","8.8","15.1","8.8","3.4","4.0","5.4","4.1","2682","568","51.8","12.0","42.0","12.8","3.1","3.5","0.8","1.4","0.0","1.0","0.0","1.0","2.3","1.8","1.5","1.7","51.1","11.8","42778","5358","43758","6283","45209","5903","20310","8717","4526","2895","17533","3993","12719","3513","(X)","(X)","2438","1372","22892","8437","12528","6770","49423","8912","N","N","N","N","N","N","N","N","N","N","N","N","17500","3497","22774","4215","12157","4239","14259","12265","N","N","-","**","-","**","N","N","N","N","22703","4261",
"1400000US26163554600","Census Tract 5546, Wayne County, Michigan","1326","134","1106","131","1092","131","71","46","253","71","386","79","27","29","161","74","26","30","259","63","92","49","779","149","26","23","191","71","303","133","199","70","41","30","19","23","3339","477","2427","471","758","265","0","11","0","11","0","11","19","47","135","137","130","99","2316","466","1326","134","83.4","4.5","82.4","4.3","5.4","3.5","19.1","5.3","29.1","5.9","2.0","2.2","12.1","5.5","2.0","2.2","19.5","4.7","6.9","3.6","779","149","3.3","2.9","24.5","8.4","38.9","12.3","25.5","9.2","5.3","4.0","2.4","3.0","3339","477","72.7","7.0","22.7","8.3","0.0","0.8","0.0","0.8","0.0","0.8","0.6","1.4","4.0","4.0","3.9","2.9","69.4","7.5","76529","6374","76392","6186","75850","5830","23390","24612","10066","6282","20699","2319","N","N","(X)","(X)","N","N","20495","5385","8714","3952","91051","8370","N","N","N","N","N","N","N","N","N","N","N","N","31649","2942","35536","4272","24506","4430","-","**","-","**","-","**","N","N","4020","8817","14554","6732","36556","4521",
"1400000US26163554700","Census Tract 5547, Wayne County, Michigan","1180","180","978","196","978","196","123","61","260","107","348","84","56","43","19","21","0","11","328","93","109","59","775","206","41","25","311","190","301","87","32","27","90","56","0","11","3072","811","1403","182","1460","815","21","32","34","50","0","11","59","81","95","84","318","270","1377","181","1180","180","82.9","8.5","82.9","8.5","10.4","5.6","22.0","9.0","29.5","7.9","4.7","3.8","1.6","1.9","0.0","2.3","27.8","7.9","9.2","5.2","775","206","5.3","3.5","40.1","16.5","38.8","13.1","4.1","3.4","11.6","7.1","0.0","3.5","3072","811","45.7","13.9","47.5","15.1","0.7","1.0","1.1","1.6","0.0","0.9","1.9","2.6","3.1","3.0","10.4","6.7","44.8","13.7","100696","11719","100237","12501","97820","12503","19218","8810","17089","12827","24361","4277","12100","4266","(X)","(X)","-","**","18860","6839","9222","4573","105498","13491","63127","16399","77478","9538","133248","23572","116313","28732","124973","27312","-","**","38102","5444","42123","4625","32963","7771","N","N","N","N","-","**","38185","6915","58328","57322","33030","37046","41616","4306",
"1400000US26163554800","Census Tract 5548, Wayne County, Michigan","1194","121","891","104","884","103","55","35","125","73","473","97","167","95","211","86","38","35","375","95","94","60","791","125","125","70","284","101","152","71","78","41","101","47","51","41","3148","411","1566","358","1514","412","3","5","26","43","0","11","0","11","39","63","175","180","1391","350","1194","121","74.6","6.1","74.0","6.2","4.6","2.9","10.5","6.1","39.6","6.4","14.0","7.4","17.7","7.4","3.2","3.0","31.4","6.7","7.9","5.0","791","125","15.8","8.1","35.9","11.0","19.2","8.5","9.9","5.3","12.8","5.9","6.4","5.4","3148","411","49.7","10.6","48.1","10.3","0.1","0.2","0.8","1.3","0.0","0.9","0.0","0.9","1.2","2.0","5.6","5.6","44.2","10.9","74602","7368","76416","8927","76261","8974","12220","9671","2717","2765","17990","2963","9978","1498","(X)","(X)","15995","13309","21404","5420","19552","12543","86082","9406","51514","13440","68084","9558","103336","15656","108235","49440","127221","18207","104259","41896","29526","3150","25999","3770","33831","4101","62633","93401","N","N","-","**","-","**","N","N","17639","7466","27051","3929",
"1400000US26163554900","Census Tract 5549, Wayne County, Michigan","1163","138","1050","156","1043","156","56","42","126","50","246","67","40","34","205","103","55","33","109","40","218","101","804","153","65","35","244","89","264","121","62","46","125","79","44","56","3298","561","1732","562","1505","361","0","11","47","80","0","11","0","11","14","20","259","338","1473","393","1163","138","90.3","4.2","89.7","4.2","4.8","3.7","10.8","4.6","21.2","6.5","3.4","2.8","17.6","8.7","4.7","2.7","9.4","3.8","18.7","8.0","804","153","8.1","4.6","30.3","9.9","32.8","11.4","7.7","6.0","15.5","10.2","5.5","6.8","3298","561","52.5","11.1","45.6","11.5","0.0","0.8","1.4","2.4","0.0","0.8","0.0","0.8","0.4","0.6","7.9","9.2","44.7","10.5","80524","9984","79458","11825","79143","12229","15795","18891","7798","5940","19931","2821","7123","2696","(X)","(X)","1838","1412","13237","4462","11487","4775","86872","11701","N","N","N","N","N","N","N","N","N","N","N","N","28561","3055","32450","4411","23945","6086","-","**","27594","434","-","**","-","**","N","N","22524","7592","34195","4756",
"1400000US26163555100","Census Tract 5551, Wayne County, Michigan","1756","227","1454","227","1425","226","78","42","231","91","462","90","48","34","254","136","46","60","283","89","178","75","1090","192","76","45","395","134","416","147","79","61","52","35","72","41","4437","634","3009","570","1233","368","14","22","0","11","0","11","94","123","87","74","120","76","2969","575","1756","227","82.8","5.2","81.2","5.4","4.4","2.5","13.2","5.3","26.3","6.1","2.7","2.0","14.5","7.4","2.6","3.4","16.1","5.3","10.1","4.4","1090","192","7.0","4.2","36.2","10.0","38.2","10.6","7.2","5.6","4.8","3.2","6.6","3.9","4437","634","67.8","7.3","27.8","7.7","0.3","0.5","0.0","0.6","0.0","0.6","2.1","2.8","2.0","1.6","2.7","1.7","66.9","7.6","68854","7089","69357","8071","69840","8052","16962","17436","14519","12340","17991","2198","13517","5478","(X)","(X)","N","N","19428","4261","12130","4797","83408","8810","30828","11419","58007","5924","99902","14414","95856","80969","203971","47232","82239","25567","28332","3319","27442","4203","28239","6796","N","N","-","**","-","**","59311","24377","21715","22381","33453","11388","27494","4243",
"1400000US26163555300","Census Tract 5553, Wayne County, Michigan","1096","143","849","160","849","160","9","15","111","61","360","92","262","87","204","83","11","21","269","74","238","86","735","152","104","62","266","80","156","127","96","53","24","35","89","43","3387","682","913","208","2253","643","28","40","0","11","0","11","153","115","40","35","168","117","898","208","1096","143","77.5","8.1","77.5","8.1","0.8","1.4","10.1","5.4","32.8","9.4","23.9","8.0","18.6","7.9","1.0","1.9","24.5","7.8","21.7","7.8","735","152","14.1","8.7","36.2","9.8","21.2","14.1","13.1","7.3","3.3","4.5","12.1","6.5","3387","682","27.0","6.8","66.5","7.4","0.8","1.2","0.0","0.8","0.0","0.8","4.5","3.5","1.2","1.1","5.0","3.6","26.5","6.8","63039","9512","61338","9897","61015","10035","N","N","12862","11790","13615","2635","10517","3327","(X)","(X)","N","N","15816","4454","15347","5754","68099","12457","N","N","N","N","N","N","N","N","N","N","N","N","21883","3003","23502","6595","21708","3665","N","N","-","**","-","**","8773","8222","N","N","7989","7175","23895","6574",
"1400000US26163555401","Census Tract 5554.01, Wayne County, Michigan","919","133","765","150","765","150","25","40","75","54","413","158","100","116","184","131","21","24","216","84","53","55","670","162","67","45","263","110","180","129","126","74","0","11","34","42","2529","671","336","106","2145","667","0","11","10","15","0","11","0","11","38","61","107","67","265","147","919","133","83.2","8.1","83.2","8.1","2.7","4.3","8.2","5.7","44.9","13.2","10.9","11.5","20.0","12.7","2.3","2.6","23.5","9.2","5.8","6.0","670","162","10.0","7.0","39.3","16.0","26.9","15.3","18.8","11.1","0.0","4.0","5.1","6.4","2529","671","13.3","5.0","84.8","6.5","0.0","1.1","0.4","0.6","0.0","1.1","0.0","1.1","1.5","2.5","4.2","3.0","10.5","6.0","71217","9190","70248","8704","70159","8689","N","N","6401","5695","17454","2400","9588","942","(X)","(X)","N","N","13926","5409","547","63","77263","10740","N","N","N","N","N","N","N","N","N","N","N","N","27109","3863","21852","4984","27990","4516","-","**","-","**","-","**","-","**","31011","15209","30814","4022","18892","4684",
"1400000US26163555500","Census Tract 5555, Wayne County, Michigan","1214","192","834","179","834","179","44","40","138","56","471","145","114","55","350","187","36","27","335","113","133","78","741","138","76","60","296","135","177","123","132","67","60","40","0","11","2999","553","1078","391","1844","409","0","11","0","11","0","11","5","8","72","60","10","12","1073","390","1214","192","68.7","10.6","68.7","10.6","3.6","3.3","11.4","4.7","38.8","10.6","9.4","4.5","28.8","12.5","3.0","2.3","27.6","8.9","11.0","6.4","741","138","10.3","8.6","39.9","15.2","23.9","14.2","17.8","10.2","8.1","5.4","0.0","3.6","2999","553","35.9","9.9","61.5","9.5","0.0","0.9","0.0","0.9","0.0","0.9","0.2","0.3","2.4","2.1","0.3","0.4","35.8","10.0","65679","16429","72622","20301","70881","20685","32991","38370","5097","3895","18396","2586","13065","5401","(X)","(X)","4667","5984","21535","8260","6981","2290","82055","23068","32922","12160","51863","8346","140793","64599","83765","26853","116203","6857","-","**","26905","4957","26087","6638","26512","6873","-","**","-","**","-","**","N","N","48081","20209","N","N","24822","6262",
"1400000US26163555600","Census Tract 5556, Wayne County, Michigan","1105","125","853","139","844","140","137","86","181","78","365","88","25","26","111","66","54","50","235","69","184","124","619","97","79","41","212","66","197","84","33","27","12","14","86","67","2838","398","1773","400","749","231","0","11","42","60","0","11","230","280","44","35","387","350","1616","307","1105","125","77.2","7.0","76.4","7.2","12.4","7.4","16.4","7.4","33.0","8.7","2.3","2.3","10.0","6.1","4.9","4.7","21.3","6.3","16.7","10.0","619","97","12.8","6.3","34.2","10.5","31.8","11.8","5.3","4.6","1.9","2.2","13.9","10.2","2838","398","62.5","11.1","26.4","8.0","0.0","1.0","1.5","2.1","0.0","1.0","8.1","9.6","1.6","1.2","13.6","11.2","56.9","11.4","70688","8231","75966","9369","73494","7848","20220","14914","1698","728","20151","2629","8856","464","(X)","(X)","819","456","19229","5251","4698","1450","84824","12658","N","N","N","N","N","N","N","N","N","N","N","N","28217","3838","26854","4655","36977","12012","-","**","N","N","-","**","12511","1360","33300","40350","12463","2279","28259","4971",
"1400000US26163556100","Census Tract 5561, Wayne County, Michigan","1243","133","1036","137","1009","133","158","124","138","51","324","77","20","18","146","83","8","13","250","77","182","74","801","107","108","61","252","93","274","75","82","55","64","50","21","20","3359","435","2533","309","224","145","65","66","178","155","0","11","46","49","313","247","269","157","2453","314","1243","133","83.3","5.5","81.2","5.3","12.7","9.2","11.1","4.2","26.1","6.3","1.6","1.4","11.7","6.6","0.6","1.1","20.1","6.4","14.6","6.0","801","107","13.5","6.9","31.5","10.9","34.2","9.2","10.2","6.7","8.0","6.3","2.6","2.6","3359","435","75.4","8.5","6.7","4.2","1.9","2.0","5.3","4.6","0.0","0.8","1.4","1.4","9.3","6.6","8.0","4.4","73.0","8.3","76182","16085","79741","18716","76566","19616","33898","13233","3538","1192","19592","2981","8010","1745","(X)","(X)","N","N","13210","4607","9797","5436","83587","24396","N","N","N","N","N","N","N","N","N","N","N","N","28880","7121","32516","9180","20617","8754","20123","23575","13271","7850","-","**","28793","13532","16076","18227","25990","16362","32719","9503",
"1400000US26163556200","Census Tract 5562, Wayne County, Michigan","1390","177","945","175","932","173","83","44","251","95","546","97","87","35","151","55","13","20","378","85","223","164","499","74","61","37","127","59","151","59","62","47","74","45","24","24","2705","279","2326","306","285","110","0","11","62","69","0","11","6","11","26","30","85","96","2254","333","1390","177","68.0","6.7","67.1","6.8","6.0","3.1","18.1","6.6","39.3","7.4","6.3","2.5","10.9","3.9","0.9","1.4","27.2","6.8","16.0","10.3","499","74","12.2","6.9","25.5","10.7","30.3","10.7","12.4","9.2","14.8","9.4","4.8","5.0","2705","279","86.0","5.0","10.5","4.2","0.0","1.0","2.3","2.6","0.0","1.0","0.2","0.4","1.0","1.1","3.1","3.6","83.3","6.5","73080","9674","82831","14362","80300","14126","41394","25177","9222","5335","18352","2260","7424","2222","(X)","(X)","N","N","21247","4541","10110","5806","107915","13618","N","N","N","N","N","N","N","N","N","N","N","N","38105","5135","36546","5923","42577","7956","-","**","63610","31739","-","**","N","N","N","N","7725","5234","37526","6504",
"1400000US26163556300","Census Tract 5563, Wayne County, Michigan","1551","244","1024","111","961","114","154","82","356","81","717","226","131","81","131","66","29","30","361","67","65","36","754","104","128","46","147","60","328","100","64","42","67","43","20","22","3236","368","2830","350","114","85","0","11","186","129","0","11","77","118","29","32","76","95","2754","341","1551","244","66.0","10.5","62.0","9.7","9.9","5.6","23.0","6.6","46.2","9.1","8.4","5.5","8.4","4.2","1.9","2.0","23.3","5.4","4.2","2.4","754","104","17.0","5.6","19.5","8.2","43.5","10.2","8.5","5.7","8.9","5.5","2.7","2.9","3236","368","87.5","6.0","3.5","2.6","0.0","0.8","5.7","3.9","0.0","0.8","2.4","3.6","0.9","1.0","2.3","2.9","85.1","6.6","75555","12650","90834","12849","93767","13509","18858","6692","5945","2323","17202","5136","10021","2970","(X)","(X)","N","N","21856","4081","7366","6867","114390","13650","N","N","N","N","N","N","N","N","N","N","N","N","37019","4444","38664","4965","36075","14110","-","**","26324","10142","-","**","17714","1091","-","**","N","N","39025","5202",
"1400000US26163556400","Census Tract 5564, Wayne County, Michigan","1693","168","1323","120","1270","129","152","69","703","139","762","158","78","49","44","27","7","11","678","155","181","65","1316","163","273","116","408","94","342","76","48","33","217","82","28","32","4280","412","3854","418","189","107","0","11","116","102","0","11","15","17","106","81","38","36","3821","419","1693","168","78.1","6.2","75.0","6.5","9.0","4.1","41.5","6.3","45.0","6.7","4.6","2.9","2.6","1.6","0.4","0.6","40.0","6.7","10.7","3.8","1316","163","20.7","7.2","31.0","6.9","26.0","6.1","3.6","2.5","16.5","5.9","2.1","2.4","4280","412","90.0","4.0","4.4","2.5","0.0","0.6","2.7","2.4","0.0","0.6","0.4","0.4","2.5","1.9","0.9","0.8","89.3","4.1","118094","9982","106682","10788","107015","11212","34418","13168","25261","17297","22987","2559","15691","2885","(X)","(X)","N","N","30159","6273","10156","4494","130999","12004","N","N","N","N","N","N","N","N","N","N","N","N","46665","3933","47879","4421","48028","9423","-","**","34932","12697","-","**","N","N","16303","7000","35082","25761","47943","4433",
"1400000US26163556500","Census Tract 5565, Wayne County, Michigan","1026","126","497","81","496","81","109","51","292","76","571","115","86","48","143","69","53","35","297","75","90","50","520","75","117","47","145","68","120","52","68","33","70","35","0","11","1971","189","1579","209","85","74","0","11","276","132","0","11","0","11","31","35","0","11","1579","209","1026","126","48.4","7.6","48.3","7.6","10.6","5.0","28.5","7.2","55.7","6.6","8.4","4.7","13.9","6.5","5.2","3.4","28.9","7.1","8.8","4.9","520","75","22.5","8.4","27.9","11.1","23.1","9.5","13.1","6.8","13.5","7.0","0.0","5.1","1971","189","80.1","6.7","4.3","3.7","0.0","1.4","14.0","6.7","0.0","1.4","0.0","1.4","1.6","1.8","0.0","1.4","80.1","6.7","71456","11226","101047","22225","98547","22951","12303","7478","11102","5406","18730","2006","13372","6612","(X)","(X)","655","636","22457","5453","14470","6987","108214","18472","43074","13943","83564","23775","176244","71294","107710","19553","152019","29567","-","**","37770","5224","39107","5721","42376","21557","-","**","32267","11137","-","**","-","**","6032","6081","-","**","39107","5721",
"1400000US26163556600","Census Tract 5566, Wayne County, Michigan","1333","167","964","170","952","168","77","50","443","89","558","61","10","13","12","17","12","17","439","80","160","118","1099","174","229","57","237","78","262","118","65","40","290","131","16","17","3667","586","3370","567","2","5","0","11","82","87","0","11","14","24","199","150","24","29","3360","568","1333","167","72.3","5.5","71.4","5.4","5.8","3.8","33.2","7.5","41.9","6.2","0.8","1.0","0.9","1.3","0.9","1.3","32.9","6.7","12.0","8.1","1099","174","20.8","5.8","21.6","7.6","23.8","9.1","5.9","3.7","26.4","10.1","1.5","1.5","3667","586","91.9","4.7","0.1","0.1","0.0","0.7","2.2","2.4","0.0","0.7","0.4","0.7","5.4","4.0","0.7","0.8","91.6","4.8","118913","12893","125063","17027","125548","16886","13488","6683","17582","8799","26697","2183","N","N","(X)","(X)","N","N","30238","6674","11554","8478","127788","14924","90197","21112","132600","36373","133892","17761","128748","42725","147025","44131","142000","30912","43589","5271","44976","5601","-","**","-","**","70255","17647","-","**","28086","12551","10650","7011","34050","13350","44983","5622",
"1400000US26163556700","Census Tract 5567, Wayne County, Michigan","1014","138","764","140","764","140","37","31","408","79","472","137","3","8","88","122","88","122","490","135","94","43","798","155","145","57","240","68","162","62","114","121","128","64","9","14","2519","352","2306","391","49","41","0","11","113","87","0","11","36","46","15","24","42","38","2273","391","1014","138","75.3","6.7","75.3","6.7","3.6","3.1","40.2","8.5","46.5","8.5","0.3","0.8","8.7","11.0","8.7","11.0","48.3","8.2","9.3","4.4","798","155","18.2","6.9","30.1","9.7","20.3","7.5","14.3","12.9","16.0","8.2","1.1","1.8","2519","352","91.5","5.1","1.9","1.7","0.0","1.1","4.5","3.6","0.0","1.1","1.4","1.8","0.6","0.9","1.7","1.5","90.2","5.4","113255","24170","100087","28228","99405","28105","14070","19232","16461","9419","27745","2039","N","N","(X)","(X)","N","N","35996","12002","8278","6291","128572","31816","N","N","N","N","N","N","N","N","N","N","N","N","46202","9701","46743","10657","38973","15980","-","**","53105","16709","-","**","N","N","-","**","59150","36888","46328","10699",
"1400000US26163556800","Census Tract 5568, Wayne County, Michigan","662","79","477","74","451","74","104","57","264","74","261","56","38","40","6","9","5","8","237","64","67","54","501","58","100","29","108","41","181","56","11","11","59","23","42","35","1771","259","1541","180","9","12","0","11","201","236","0","11","0","11","20","43","37","35","1504","176","662","79","72.1","7.9","68.1","8.5","15.7","8.0","39.9","9.9","39.4","7.3","5.7","5.7","0.9","1.3","0.8","1.2","35.8","8.8","10.1","7.7","501","58","20.0","5.8","21.6","8.2","36.1","9.6","2.2","2.2","11.8","4.6","8.4","6.8","1771","259","87.0","12.3","0.5","0.7","0.0","1.5","11.3","12.1","0.0","1.5","0.0","1.5","1.1","2.4","2.1","1.9","84.9","12.2","115368","12527","119681","16193","109180","11778","75457","67651","8901","5069","24282","3362","8084","2163","(X)","(X)","N","N","41998","10025","4872","4819","135905","13471","N","N","N","N","N","N","N","N","N","N","N","N","43710","4837","43364","3531","93778","101101","-","**","45061","42887","-","**","-","**","N","N","8927","7865","44211","3771",
"1400000US26163556900","Census Tract 5569, Wayne County, Michigan","1323","99","1056","103","1020","105","159","66","290","81","395","78","53","35","91","55","37","40","395","107","72","48","914","121","134","51","208","88","335","106","84","47","134","59","19","18","3767","543","3033","292","83","80","0","11","600","491","0","11","0","11","51","56","96","91","2937","295","1323","99","79.8","5.2","77.1","5.2","12.0","5.1","21.9","6.3","29.9","5.3","4.0","2.7","6.9","4.0","2.8","2.9","29.9","7.2","5.4","3.7","914","121","14.7","5.5","22.8","8.8","36.7","9.8","9.2","5.2","14.7","6.3","2.1","2.0","3767","543","80.5","11.0","2.2","2.2","0.0","0.7","15.9","11.3","0.0","0.7","0.0","0.7","1.4","1.5","2.5","2.4","78.0","11.0","104315","11596","102387","11970","104864","11526","7289","3485","16846","9949","24864","2685","10672","3831","(X)","(X)","2630","1521","33692","11681","16819","11046","120239","14393","78878","23562","128453","45890","130640","11421","64914","12898","144417","36060","212721","60440","38305","4512","40926","4311","22669","2125","-","**","29163","18486","-","**","-","**","N","N","28971","18646","41317","4482",
"1400000US26163557000","Census Tract 5570, Wayne County, Michigan","1272","149","1090","162","1083","163","78","57","296","134","349","74","85","54","114","89","17","20","304","69","124","68","816","142","73","37","392","128","232","101","80","43","23","29","16","17","3088","432","2602","388","242","131","0","11","56","66","0","11","9","15","179","129","227","151","2392","366","1272","149","85.7","5.5","85.1","5.7","6.1","4.7","23.3","9.0","27.4","6.8","6.7","4.2","9.0","6.6","1.3","1.6","23.9","5.8","9.7","5.3","816","142","8.9","4.6","48.0","11.3","28.4","11.8","9.8","5.4","2.8","3.5","2.0","2.0","3088","432","84.3","5.4","7.8","4.1","0.0","0.9","1.8","2.1","0.0","0.9","0.3","0.5","5.8","3.9","7.4","4.6","77.5","6.3","78727","7268","74027","6966","73602","7129","12541","8146","3624","2765","19558","5095","13224","8218","(X)","(X)","N","N","29633","10764","10757","6323","87267","10759","N","N","N","N","N","N","N","N","N","N","N","N","32503","3247","33050","3898","25943","7397","-","**","57098","7552","-","**","N","N","27136","10529","23672","16132","33811","3857",
"1400000US26163557100","Census Tract 5571, Wayne County, Michigan","927","93","707","76","670","79","51","39","169","85","338","104","88","62","28","27","10","15","220","91","102","60","644","93","127","82","167","68","221","85","36","24","87","66","6","9","2462","255","1824","246","230","121","4","8","280","210","0","11","0","11","124","99","113","103","1793","242","927","93","76.3","9.4","72.3","9.4","5.5","4.4","18.2","8.2","36.5","9.3","9.5","6.8","3.0","2.9","1.1","1.7","23.7","8.4","11.0","6.5","644","93","19.7","11.1","25.9","10.6","34.3","13.2","5.6","3.7","13.5","10.4","0.9","1.4","2462","255","74.1","8.1","9.3","4.9","0.2","0.3","11.4","8.2","0.0","1.1","0.0","1.1","5.0","4.0","4.6","4.1","72.8","8.4","82262","14710","85490","17068","86038","17022","54822","34164","6203","6626","18767","3464","7970","2869","(X)","(X)","N","N","30246","11755","10450","5213","95788","18958","N","N","N","N","N","N","N","N","N","N","N","N","32577","4853","36359","5986","14263","4312","N","N","25926","13234","-","**","-","**","16826","15534","17455","15135","36585","6096",
"1400000US26163557200","Census Tract 5572, Wayne County, Michigan","794","83","491","56","473","54","73","33","207","52","340","65","32","21","38","25","7","11","237","52","68","30","500","63","99","34","119","42","170","63","30","20","82","28","0","11","1888","134","1731","120","27","35","0","11","41","38","0","11","19","44","70","47","93","64","1661","123","794","83","61.8","5.8","59.6","5.8","9.2","4.1","26.1","5.9","42.8","5.7","4.0","2.6","4.8","3.2","0.9","1.3","29.8","5.4","8.6","3.8","500","63","19.8","6.1","23.8","8.7","34.0","10.1","6.0","3.9","16.4","5.8","0.0","5.3","1888","134","91.7","4.5","1.4","1.8","0.0","1.4","2.2","2.0","0.0","1.4","1.0","2.3","3.7","2.4","4.9","3.3","88.0","4.7","86574","12742","108916","18567","109333","19133","24153","13385","7854","2479","19372","2303","18800","7326","(X)","(X)","N","N","23497","6458","12428","11079","100114","12878","64199","15017","78136","22469","99376","23877","57823","17046","192370","30005","-","**","37010","5116","37428","5277","7156","5740","-","**","68624","36331","-","**","N","N","21590","25214","17455","10634","38404","5498",
"1400000US26163557300","Census Tract 5573, Wayne County, Michigan","829","84","661","83","642","79","64","31","356","77","305","78","30","22","38","26","22","18","204","66","61","31","638","88","111","57","198","51","183","43","55","26","44","25","47","49","2122","278","1924","258","123","80","15","23","19","29","0","11","0","11","41","50","124","121","1800","251","829","84","79.7","7.0","77.4","6.9","7.7","3.5","42.9","8.6","36.8","7.1","3.6","2.6","4.6","3.1","2.7","2.2","24.6","7.3","7.4","3.6","638","88","17.4","8.0","31.0","8.2","28.7","6.8","8.6","4.2","6.9","4.2","7.4","7.2","2122","278","90.7","4.2","5.8","3.6","0.7","1.1","0.9","1.4","0.0","1.3","0.0","1.3","1.9","2.3","5.8","5.6","84.8","7.3","129679","14149","129818","18067","127831","17216","58472","32651","12012","5203","25386","2687","13153","5451","(X)","(X)","3659","3977","34599","7415","35111","21335","143832","18439","77985","21303","136563","27055","168001","25991","154473","32115","246589","99715","127215","37500","50351","5500","52827","5464","25049","22133","N","N","N","N","-","**","-","**","10963","10149","17523","26179","55259","5970",
"1400000US26163557400","Census Tract 5574, Wayne County, Michigan","1197","122","931","123","902","125","119","49","559","85","427","73","66","31","33","27","14","16","357","81","190","78","1005","120","142","53","309","106","272","89","75","36","184","71","23","18","3191","381","2830","351","72","40","0","11","7","11","0","11","0","11","282","194","131","162","2830","351","1197","122","77.8","5.8","75.4","6.0","9.9","4.2","46.7","7.5","35.7","5.8","5.5","2.6","2.8","2.3","1.2","1.4","29.8","7.1","15.9","6.3","1005","120","14.1","5.3","30.7","8.9","27.1","8.3","7.5","3.5","18.3","7.1","2.3","1.9","3191","381","88.7","6.2","2.3","1.4","0.0","0.9","0.2","0.4","0.0","0.9","0.0","0.9","8.8","5.7","4.1","4.8","88.7","6.2","128456","16401","120814","20505","110765","12766","105614","134366","17098","7048","24329","3893","7248","2568","(X)","(X)","N","N","47266","12731","20965","10252","141540","20327","74692","21878","154221","62255","156353","21425","124267","27396","157621","24614","136409","45601","48241","6601","51632","7227","42456","15992","-","**","N","N","-","**","-","**","16619","14681","N","N","51632","7227",
"1400000US26163557500","Census Tract 5575, Wayne County, Michigan","1514","188","937","101","918","102","86","53","525","177","713","199","78","47","67","50","38","44","619","140","74","37","1170","177","313","172","277","71","190","68","107","56","223","84","60","49","3835","425","3640","437","0","11","7","11","77","67","0","11","0","11","111","85","0","11","3640","437","1514","188","61.9","9.1","60.6","9.0","5.7","3.6","34.7","9.7","47.1","9.2","5.2","3.2","4.4","3.4","2.5","2.9","40.9","7.8","4.9","2.6","1170","177","26.8","11.6","23.7","7.0","16.2","6.0","9.1","4.8","19.1","7.6","5.1","4.2","3835","425","94.9","3.2","0.0","0.7","0.2","0.3","2.0","1.8","0.0","0.7","0.0","0.7","2.9","2.2","0.0","0.7","94.9","3.2","102601","11548","118646","12564","117609","12407","37281","32803","9981","5627","26827","3515","11509","3398","(X)","(X)","N","N","27690","5770","14141","4629","114374","14539","57440","11186","97914","13697","125694","21779","100602","26663","202623","19132","148098","31480","41269","4146","41192","4067","-","**","-","**","91655","56260","-","**","-","**","11442","20029","-","**","41192","4067",
"1400000US26163557600","Census Tract 5576, Wayne County, Michigan","1049","100","766","109","741","108","123","65","501","110","479","97","24","23","15","19","15","19","513","100","166","83","896","100","190","58","221","70","297","98","29","28","143","54","16","21","2862","253","2751","231","4","6","0","11","23","22","0","11","0","11","84","80","155","100","2680","216","1049","100","73.0","6.6","70.6","6.8","11.7","6.0","47.8","8.1","45.7","6.6","2.3","2.2","1.4","1.8","1.4","1.8","48.9","6.9","15.8","7.1","896","100","21.2","6.2","24.7","7.5","33.1","9.0","3.2","3.2","16.0","6.2","1.8","2.4","2862","253","96.1","2.8","0.1","0.2","0.0","1.0","0.8","0.8","0.0","1.0","0.0","1.0","2.9","2.7","5.4","3.3","93.6","3.3","125864","12543","125065","17072","127766","17000","9144","7652","8508","5532","30066","2951","17408","10827","(X)","(X)","N","N","30344","6762","9375","4201","132122","13721","N","N","N","N","N","N","N","N","N","N","N","N","46577","4682","46964","4688","8675","8198","-","**","N","N","-","**","-","**","40701","26322","29331","16466","47787","4709",
"1400000US26163557700","Census Tract 5577, Wayne County, Michigan","1810","278","1409","298","1384","293","115","54","493","97","587","83","26","24","50","33","18","19","523","91","136","54","1215","249","170","59","193","77","525","240","120","58","132","57","75","58","4254","589","4142","603","31","47","0","11","81","107","0","11","0","11","0","11","16","17","4126","602","1810","278","77.8","6.2","76.5","6.1","6.4","2.9","27.2","6.4","32.4","6.7","1.4","1.3","2.8","1.8","1.0","1.1","28.9","6.9","7.5","3.2","1215","249","14.0","5.6","15.9","6.6","43.2","12.2","9.9","5.0","10.9","5.6","6.2","4.9","4254","589","97.4","2.8","0.7","1.1","0.0","0.6","1.9","2.5","0.0","0.6","0.0","0.6","0.0","0.6","0.4","0.4","97.0","2.8","114996","10357","118652","10841","118621","11321","26173","16938","5945","2870","26434","2445","10196","6169","(X)","(X)","N","N","40188","13906","8725","3300","127908","12206","61171","8483","98108","12056","148468","23252","113156","15777","155427","38285","187116","10407","50349","6044","51082","6178","29868","5145","-","**","20707","2361","-","**","-","**","-","**","N","N","50974","6205",
"1400000US26163557901","Census Tract 5579.01, Wayne County, Michigan","1846","202","1223","190","1165","180","151","81","562","139","861","145","46","32","60","40","30","38","773","184","167","71","1104","176","197","52","266","148","364","108","105","53","149","52","23","21","4052","380","3713","382","106","96","0","11","183","142","0","11","21","32","29","37","145","83","3589","386","1846","202","66.3","6.2","63.1","6.4","8.2","4.2","30.4","7.1","46.6","6.1","2.5","1.8","3.3","2.1","1.6","2.0","41.9","7.1","9.0","3.7","1104","176","17.8","5.1","24.1","10.9","33.0","8.9","9.5","4.9","13.5","5.3","2.1","1.8","4052","380","91.6","4.2","2.6","2.3","0.0","0.7","4.5","3.5","0.0","0.7","0.5","0.8","0.7","0.9","3.6","2.1","88.6","4.6","107543","14770","106788","15651","105668","16299","49660","45524","44884","35994","23090","1875","7315","3868","(X)","(X)","N","N","27005","4140","9569","3887","116833","14951","68965","11669","110068","52738","129653","16735","115753","24179","164184","39361","100370","34380","48952","6092","50871","6634","15114","4470","-","**","34666","16983","-","**","-","**","52562","23622","94895","65541","48794","5908",
"1400000US26163558000","Census Tract 5580, Wayne County, Michigan","1663","157","1367","167","1342","167","114","48","473","82","459","82","74","31","179","141","123","136","405","79","112","48","1197","164","179","64","277","147","576","116","69","39","77","37","19","18","4329","643","3825","479","68","48","3","5","44","56","0","11","24","34","365","316","133","82","3760","484","1663","157","82.2","4.4","80.7","4.8","6.9","3.0","28.4","5.5","27.6","5.5","4.4","1.9","10.8","7.6","7.4","7.6","24.4","5.1","6.7","3.0","1197","164","15.0","5.4","23.1","10.3","48.1","9.3","5.8","3.3","6.4","3.2","1.6","1.5","4329","643","88.4","7.7","1.6","1.1","0.1","0.1","1.0","1.2","0.0","0.6","0.6","0.8","8.4","6.6","3.1","2.0","86.9","7.8","86215","6416","84440","7995","83310","8036","31819","9704","7821","2400","22557","2766","17288","3136","(X)","(X)","N","N","26533","3929","8321","3715","95651","9289","67794","12938","71684","16377","110495","14203","79565","20835","142548","24475","125874","49497","33462","3800","36124","3776","24374","11257","N","N","N","N","-","**","-","**","9262","10567","25726","11599","36285","3869",
"1400000US26163558100","Census Tract 5581, Wayne County, Michigan","1450","208","1070","203","1049","202","113","70","377","79","548","112","82","47","93","79","23","35","504","185","198","165","887","110","115","47","192","57","317","79","87","65","146","47","30","23","3377","343","2878","319","173","90","0","11","75","70","32","35","38","37","181","115","217","152","2766","319","1450","208","73.8","5.1","72.3","5.4","7.8","4.6","26.0","6.2","37.8","7.7","5.7","3.4","6.4","5.4","1.6","2.4","34.8","9.5","13.7","9.9","887","110","13.0","4.9","21.6","6.2","35.7","8.1","9.8","6.7","16.5","5.5","3.4","2.6","3377","343","85.2","4.8","5.1","2.7","0.0","0.8","2.2","2.0","0.9","1.0","1.1","1.1","5.4","3.3","6.4","4.3","81.9","5.8","92303","10368","93568","8776","91886","8265","32999","23455","11663","4085","20519","3638","12407","2889","(X)","(X)","N","N","29727","7353","10486","5948","106376","8026","53410","10160","91286","22620","117396","14631","106797","17046","143766","11089","106373","38932","39431","6838","40362","7560","44045","11515","-","**","N","N","N","N","N","N","38990","22287","37648","18334","41109","7833",
"1400000US26163558200","Census Tract 5582, Wayne County, Michigan","1732","198","1362","190","1362","190","128","56","247","71","559","103","60","59","82","62","7","12","453","130","127","57","1279","190","211","115","321","117","415","144","105","82","200","53","27","25","4549","455","3604","464","453","99","1","3","39","52","0","11","202","290","250","187","60","55","3553","456","1732","198","78.6","7.0","78.6","7.0","7.4","3.2","14.3","4.3","32.3","5.2","3.5","3.3","4.7","3.5","0.4","0.7","26.2","6.4","7.3","3.3","1279","190","16.5","8.1","25.1","8.5","32.4","9.9","8.2","6.3","15.6","4.7","2.1","2.0","4549","455","79.2","7.2","10.0","2.3","0.0","0.1","0.9","1.1","0.0","0.6","4.4","6.2","5.5","4.3","1.3","1.2","78.1","7.2","89330","6293","94593","8492","92066","8577","26884","15427","4757","2413","20334","1872","8402","1755","(X)","(X)","N","N","25732","12127","9272","3959","100353","8210","58855","15978","85502","12336","106999","14158","91070","21145","164962","32937","56585","3130","34549","2571","35120","3169","27883","6310","N","N","N","N","-","**","N","N","49276","13826","25105","24504","35326","3182",
"1400000US26163558301","Census Tract 5583.01, Wayne County, Michigan","742","84","537","94","524","93","81","83","123","41","253","52","44","21","52","31","17","12","167","43","93","41","377","85","60","28","80","34","151","81","26","18","35","25","25","23","1619","284","1446","277","74","43","0","11","23","26","0","11","0","11","76","77","24","19","1427","276","742","84","72.4","7.2","70.6","7.2","10.9","10.2","16.6","5.6","34.1","7.4","5.9","2.7","7.0","4.0","2.3","1.6","22.5","6.2","12.5","5.3","377","85","15.9","7.7","21.2","10.3","40.1","14.6","6.9","4.8","9.3","6.5","6.6","6.1","1619","284","89.3","6.2","4.6","2.7","0.0","1.7","1.4","1.6","0.0","1.7","0.0","1.7","4.7","4.6","1.5","1.2","88.1","6.1","79837","14096","90482","16291","90366","15660","15275","7382","10525","4815","19207","2269","10382","4122","(X)","(X)","924","599","17128","4055","12510","7364","108835","17109","61465","19498","56969","11816","141603","20296","100381","18905","167171","52169","117696","19870","37925","5070","38227","5008","33368","14760","-","**","N","N","-","**","-","**","15496","17059","29321","17165","38268","5062",
"1400000US26163558400","Census Tract 5584, Wayne County, Michigan","1700","218","1369","221","1362","220","103","71","320","83","495","67","75","39","188","147","23","25","378","72","134","61","1275","235","224","61","348","152","394","120","66","46","81","42","162","165","4478","992","3946","1017","275","162","0","11","193","140","0","11","6","11","58","54","54","54","3892","1017","1700","218","80.5","4.5","80.1","4.5","6.1","4.2","18.8","5.2","29.1","5.3","4.4","2.4","11.1","7.9","1.4","1.5","22.2","4.8","7.9","3.7","1275","235","17.6","5.3","27.3","9.8","30.9","9.4","5.2","3.8","6.4","3.6","12.7","11.8","4478","992","88.1","5.5","6.1","3.9","0.0","0.6","4.3","3.3","0.0","0.6","0.1","0.3","1.3","1.2","1.2","1.2","86.9","5.8","104843","11067","108104","13377","108063","13534","7893","6173","16180","11084","23722","3194","13653","5104","(X)","(X)","5717","2333","28937","4981","9139","3579","116601","13106","76507","19038","101357","28062","122450","17410","109285","60557","151517","42307","176088","22080","40161","4074","40755","4442","43771","13681","-","**","35002","13038","-","**","17000","4567","N","N","22474","18015","41009","4567",
"1400000US26163558500","Census Tract 5585, Wayne County, Michigan","1422","80","1086","79","1071","80","99","48","318","67","510","78","18","17","71","43","5","9","421","84","123","65","966","86","133","41","136","51","315","83","117","59","241","80","24","25","3563","305","3342","255","55","52","0","11","34","43","13","24","7","11","112","97","60","55","3290","273","1422","80","76.4","5.4","75.3","5.4","7.0","3.4","22.4","4.9","35.9","4.6","1.3","1.2","5.0","3.0","0.4","0.6","29.6","5.3","8.6","4.6","966","86","13.8","4.0","14.1","5.4","32.6","7.6","12.1","6.2","24.9","7.7","2.5","2.5","3563","305","93.8","4.1","1.5","1.4","0.0","0.8","1.0","1.2","0.4","0.7","0.2","0.3","3.1","2.6","1.7","1.6","92.3","3.9","81606","7323","85258","8227","84178","8572","24604","9566","5605","3842","22690","2323","15628","8081","(X)","(X)","N","N","19365","3927","13508","7427","98161","6956","56761","8055","75921","19618","107082","9109","83550","12492","126467","16486","123529","38110","34303","2087","34636","2251","28153","9659","-","**","N","N","N","N","N","N","4796","7450","29055","28779","34906","2284",
"1400000US26163558600","Census Tract 5586, Wayne County, Michigan","702","94","547","61","533","60","59","34","141","39","249","67","30","19","36","27","15","13","212","71","39","28","533","95","89","57","138","47","185","47","62","37","55","29","4","8","1803","225","1617","234","88","70","0","11","75","41","0","11","0","11","23","20","101","80","1516","243","702","94","77.9","7.1","75.9","7.2","8.4","4.9","20.1","5.5","35.5","6.7","4.3","2.6","5.1","4.0","2.1","1.8","30.2","7.9","5.6","3.7","533","95","16.7","8.7","25.9","8.2","34.7","9.0","11.6","6.0","10.3","5.7","0.8","1.5","1803","225","89.7","4.6","4.9","3.9","0.0","1.5","4.2","2.3","0.0","1.5","0.0","1.5","1.3","1.1","5.6","4.4","84.1","6.8","110978","15969","109986","11572","108114","11415","43010","20595","4335","2174","22084","3230","14903","2568","(X)","(X)","480","179","51161","37806","8562","8907","122366","20337","N","N","N","N","N","N","N","N","N","N","N","N","45370","6935","45253","7413","12792","11900","-","**","90547","21208","-","**","-","**","N","N","29008","12584","46336","8024",
"1400000US26163558700","Census Tract 5587, Wayne County, Michigan","1072","126","846","102","828","102","58","38","242","82","333","114","20","21","8","12","0","11","342","118","20","23","771","143","96","93","185","58","301","109","58","39","105","47","26","18","2700","387","2506","422","74","100","0","11","63","45","0","11","0","11","57","54","76","58","2448","418","1072","126","78.9","9.3","77.2","9.3","5.4","3.5","22.6","7.9","31.1","8.8","1.9","2.0","0.7","1.2","0.0","2.5","31.9","9.1","1.9","2.1","771","143","12.5","10.8","24.0","7.6","39.0","12.0","7.5","5.1","13.6","6.6","3.4","2.5","2700","387","92.8","4.4","2.7","3.9","0.0","1.0","2.3","1.8","0.0","1.0","0.0","1.0","2.1","2.0","2.8","2.2","90.7","4.6","90612","10033","96315","10830","96079","11081","33257","21353","3836","3121","21238","3172","14135","4768","(X)","(X)","-","**","20068","3823","N","N","99860","14297","43483","12412","61089","14143","117412","22208","102948","25361","158275","26286","137908","66095","36106","4519","35986","4631","34018","9669","-","**","59333","54637","-","**","-","**","18396","13706","46421","50226","36515","4763",
"1400000US26163558800","Census Tract 5588, Wayne County, Michigan","1081","89","839","100","826","99","101","57","269","68","384","77","46","32","32","26","11","16","323","78","95","60","746","110","109","50","126","71","370","95","47","30","58","43","36","37","2683","339","2381","261","54","58","11","18","121","148","0","11","0","11","116","129","38","37","2343","260","1081","89","77.6","5.7","76.4","5.7","9.3","5.3","24.9","6.4","35.5","5.6","4.3","3.0","3.0","2.5","1.0","1.5","29.9","6.2","8.8","5.6","746","110","14.6","6.2","16.9","9.0","49.6","10.5","6.3","4.3","7.8","5.7","4.8","4.9","2683","339","88.7","7.1","2.0","2.2","0.4","0.6","4.5","5.4","0.0","1.0","0.0","1.0","4.3","4.4","1.4","1.4","87.3","7.1","90891","9685","94312","10789","93451","10734","19177","18317","13920","9634","19982","3647","16857","5919","(X)","(X)","N","N","17434","4465","13413","6868","106622","12621","56397","24509","91289","25194","110655","12340","83538","22909","146512","32348","236772","8777","37233","3770","39376","3933","41469","10406","N","N","3739","2307","-","**","-","**","28717","11365","30695","21315","39517","3965",
"1400000US26163558900","Census Tract 5589, Wayne County, Michigan","740","91","635","94","621","95","47","30","116","36","189","30","23","19","25","18","15","16","141","37","35","24","500","93","45","26","109","36","160","47","85","88","91","33","10","11","1848","291","1611","276","53","43","0","11","62","40","0","11","2","4","120","59","28","27","1585","274","740","91","85.8","4.4","83.9","4.8","6.4","4.0","15.7","5.0","25.5","4.7","3.1","2.5","3.4","2.4","2.0","2.2","19.1","5.3","4.7","3.1","500","93","9.0","5.0","21.8","7.9","32.0","11.0","17.0","15.2","18.2","7.1","2.0","2.2","1848","291","87.2","4.9","2.9","2.4","0.0","1.5","3.4","2.1","0.0","1.5","0.1","0.2","6.5","3.0","1.5","1.5","85.8","4.9","94562","7957","93646","8803","89350","8782","84651","34666","15097","8044","24788","2647","12474","3302","(X)","(X)","N","N","21979","4483","18597","20361","103598","10172","N","N","N","N","N","N","N","N","N","N","N","N","38727","3980","40271","4213","53723","28333","-","**","50760","39724","-","**","N","N","5000","3350","46218","31850","40176","4204",
"1400000US26163559000","Census Tract 5590, Wayne County, Michigan","1037","134","857","125","851","124","45","30","204","60","329","95","16","18","71","49","0","11","256","93","67","42","808","106","83","43","284","112","226","75","135","69","48","44","32","30","2767","356","2437","394","242","146","0","11","12","20","0","11","12","23","64","52","195","120","2280","397","1037","134","82.6","7.9","82.1","8.0","4.3","2.8","19.7","5.9","31.7","8.4","1.5","1.8","6.8","4.8","0.0","2.6","24.7","8.0","6.5","4.0","808","106","10.3","5.2","35.1","11.0","28.0","9.3","16.7","8.7","5.9","5.5","4.0","3.8","2767","356","88.1","5.7","8.7","5.5","0.0","1.0","0.4","0.7","0.0","1.0","0.4","0.8","2.3","1.8","7.0","4.3","82.4","6.7","80136","10309","78858","11090","78606","11131","15291","14693","9370","6940","25168","4552","N","N","(X)","(X)","-","**","18242","7107","7558","3831","87109","10702","61919","10308","61928","12673","101170","13810","89921","19005","171131","72503","138713","43870","30534","3095","31148","3527","24176","5501","-","**","N","N","-","**","N","N","19605","8756","30449","15329","31072","3726",
"1400000US26163559100","Census Tract 5591, Wayne County, Michigan","973","123","795","135","747","133","117","71","144","53","218","53","20","20","30","30","0","11","128","47","132","61","660","125","122","42","98","62","273","125","30","25","99","59","38","52","2542","345","2195","292","167","210","0","11","24","29","0","11","26","29","130","107","357","356","1864","387","973","123","81.7","5.5","76.8","6.1","12.0","7.3","14.8","5.4","22.4","6.5","2.1","2.1","3.1","3.0","0.0","2.8","13.2","5.0","13.6","6.8","660","125","18.5","7.2","14.8","9.3","41.4","12.9","4.5","3.9","15.0","9.0","5.8","8.2","2542","345","86.3","8.7","6.6","7.9","0.0","1.1","0.9","1.1","0.0","1.1","1.0","1.1","5.1","4.3","14.0","14.0","73.3","14.4","84229","8900","92056","10306","93002","10134","31725","9363","6195","3640","22983","3024","7650","3160","(X)","(X)","-","**","16164","3539","4898","2179","89073","11837","N","N","N","N","N","N","N","N","N","N","N","N","31950","4347","31419","4931","33821","18434","-","**","90471","44495","-","**","N","N","18110","6914","22843","6102","33738","5242",
"1400000US26163559200","Census Tract 5592, Wayne County, Michigan","855","113","688","119","681","118","104","78","203","78","241","51","48","38","37","25","14","17","170","48","71","39","589","87","72","45","190","93","201","54","60","36","66","34","0","11","2210","292","1902","310","55","41","0","11","112","105","0","11","52","48","89","77","166","120","1802","287","855","113","80.5","6.2","79.6","6.1","12.2","8.2","23.7","8.0","28.2","6.9","5.6","4.5","4.3","3.0","1.6","2.0","19.9","5.9","8.3","4.7","589","87","12.2","7.7","32.3","13.0","34.1","9.5","10.2","6.1","11.2","5.7","0.0","4.6","2210","292","86.1","6.4","2.5","1.9","0.0","1.2","5.1","4.8","0.0","1.2","2.4","2.2","4.0","3.5","7.5","5.1","81.5","7.7","90761","13294","86878","9456","85753","9268","13217","10878","36589","46148","20436","3412","12275","3392","(X)","(X)","N","N","22445","7196","14386","10249","91330","9413","37115","22056","79596","17122","108896","17933","101943","9989","121105","21132","-","**","35730","5967","38015","6752","36702","17599","-","**","25100","21275","-","**","17546","16422","10296","9155","9496","7761","39679","7866",
"1400000US26163559800","Census Tract 5598, Wayne County, Michigan","1757","289","670","239","661","240","40","51","19","22","796","253","485","144","1125","255","159","77","429","207","139","87","595","178","276","161","214","107","7","10","63","73","0","11","35","56","3515","593","128","59","3333","589","5","10","8","13","0","11","0","11","41","61","48","62","123","54","1757","289","38.1","11.4","37.6","11.5","2.3","2.9","1.1","1.3","45.3","10.1","27.6","9.2","64.0","8.7","9.0","4.7","24.4","10.8","7.9","5.2","595","178","46.4","19.9","36.0","16.7","1.2","1.8","10.6","12.5","0.0","4.5","5.9","9.1","3515","593","3.6","1.8","94.8","2.8","0.1","0.3","0.2","0.4","0.0","0.8","0.0","0.8","1.2","1.7","1.4","1.8","3.5","1.6","17430","2576","18911","5487","18842","5570","N","N","N","N","10780","2183","9701","1256","(X)","(X)","1164","579","7915","2697","7738","4115","20244","4105","N","N","N","N","N","N","N","N","N","N","N","N","9604","1271","6506","6076","9844","1261","N","N","N","N","-","**","-","**","N","N","-","**","6771","6710",
"1400000US26163560100","Census Tract 5601, Wayne County, Michigan","1177","73","885","75","851","78","108","57","390","94","447","93","0","11","0","11","0","11","428","100","100","49","742","80","93","40","248","99","320","96","55","38","17","20","9","13","2677","16","2499","123","0","11","0","11","48","44","0","11","0","11","130","101","27","24","2472","123","1177","73","75.2","6.0","72.3","6.5","9.2","4.7","33.1","7.5","38.0","7.0","0.0","2.3","0.0","2.3","0.0","2.3","36.4","7.7","8.5","4.2","742","80","12.5","5.4","33.4","11.9","43.1","13.0","7.4","5.0","2.3","2.8","1.2","1.7","2677","16","93.4","4.5","0.0","1.0","0.0","1.0","1.8","1.7","0.0","1.0","0.0","1.0","4.9","3.8","1.0","0.9","92.3","4.5","175481","33229","173988","24420","175464","25289","43148","25450","63718","87135","24611","2882","-","**","(X)","(X)","-","**","36116","9716","12527","9320","208204","29656","N","N","N","N","N","N","N","N","N","N","N","N","77363","15860","80970","16421","-","**","-","**","N","N","-","**","-","**","25862","38761","66059","25284","81132","16577",
"1400000US26163560201","Census Tract 5602.01, Wayne County, Michigan","948","210","826","207","808","205","57","41","191","80","205","65","0","11","0","11","0","11","145","69","56","48","349","78","21","25","132","77","145","66","18","32","33","27","0","11","1981","420","1362","371","0","11","140","122","278","198","0","11","129","139","72","87","156","121","1332","370","948","210","87.1","6.9","85.2","7.3","6.0","4.4","20.1","8.6","21.6","7.8","0.0","2.9","0.0","2.9","0.0","2.9","15.3","7.2","5.9","4.6","349","78","6.0","6.9","37.8","18.4","41.5","18.3","5.2","8.9","9.5","7.5","0.0","7.6","1981","420","68.8","7.3","0.0","1.4","7.1","6.7","14.0","9.5","0.0","1.4","6.5","6.8","3.6","4.2","7.9","6.0","67.2","7.6","109388","24223","113552","26867","112599","27711","49358","28234","10692","6748","19620","4840","-","**","(X)","(X)","-","**","15801","4815","27691","19626","146694","56003","N","N","N","N","N","N","N","N","N","N","N","N","52273","10947","51762","7817","-","**","N","N","88696","50697","-","**","N","N","N","N","20480","11078","52384","7671",
"1400000US26163560202","Census Tract 5602.02, Wayne County, Michigan","1506","348","1251","357","1237","355","54","45","535","307","339","113","26","32","56","51","0","11","440","302","216","286","678","117","110","70","141","71","287","93","101","70","39","41","0","11","3167","650","2600","711","60","51","0","11","428","336","0","11","79","101","0","11","267","174","2412","702","1506","348","83.1","8.0","82.1","8.1","3.6","3.0","35.5","14.8","22.5","8.6","1.7","2.1","3.7","3.5","0.0","1.8","29.2","15.3","14.3","16.6","678","117","16.2","9.1","20.8","10.6","42.3","13.3","14.9","9.5","5.8","5.8","0.0","4.0","3167","650","82.1","11.5","1.9","1.7","0.0","0.9","13.5","10.6","0.0","0.9","2.5","3.3","0.0","0.9","8.4","5.6","76.2","11.8","104614","12024","94592","23327","95360","23640","6922","7171","9647","10498","20599","3523","N","N","(X)","(X)","-","**","22933","14007","77821","47360","133613","20911","61566","20292","166803","64414","133861","21941","137126","64604","205913","116142","-","**","50006","6468","54216","7200","52742","15446","-","**","28644","9121","-","**","N","N","-","**","22680","9888","56754","6816",
"1400000US26163560300","Census Tract 5603, Wayne County, Michigan","1431","127","1052","139","1010","134","119","59","597","122","491","66","56","61","22","21","6","11","438","77","154","52","905","113","144","49","248","70","343","102","58","30","89","50","23","28","3385","424","2759","449","68","49","0","11","495","205","0","11","0","11","63","59","84","88","2675","444","1431","127","73.5","5.1","70.6","4.9","8.3","4.0","41.7","7.3","34.3","4.4","3.9","4.1","1.5","1.5","0.4","0.8","30.6","5.4","10.8","3.8","905","113","15.9","5.2","27.4","7.5","37.9","8.9","6.4","3.3","9.8","5.3","2.5","3.2","3385","424","81.5","6.3","2.0","1.5","0.0","0.8","14.6","6.2","0.0","0.8","0.0","0.8","1.9","1.7","2.5","2.6","79.0","6.8","122407","13169","131995","17529","133521","17765","33631","23829","10482","3069","23290","3180","10891","4806","(X)","(X)","N","N","32011","6679","25831","10435","165539","18236","N","N","N","N","N","N","N","N","N","N","N","N","52264","4873","54234","5448","45632","22061","-","**","43729","12983","-","**","-","**","40200","38418","2750","2617","55851","5545",
"1400000US26163560400","Census Tract 5604, Wayne County, Michigan","2712","278","1855","261","1755","203","284","175","1131","211","993","143","17","22","17","27","0","15","771","161","278","168","1570","221","364","113","338","118","658","179","111","68","89","59","10","16","5784","532","5353","574","74","73","0","15","304","203","0","15","24","28","29","31","56","45","5332","573","2712","278","68.4","5.3","64.7","6.2","10.5","5.9","41.7","7.3","36.6","4.9","0.6","0.8","0.6","1.0","0.0","1.0","28.4","5.7","10.3","5.6","1570","221","23.2","6.6","21.5","7.3","41.9","8.2","7.1","4.4","5.7","3.7","0.6","1.0","5784","532","92.5","4.0","1.3","1.3","0.0","0.5","5.3","3.6","0.0","0.5","0.4","0.5","0.5","0.5","1.0","0.8","92.2","4.1","112793","12052","122383","16763","126959","13639","14816","10855","16322","5285","26997","2168","N","N","(X)","(X)","-","**","36134","6537","19536","14795","146145","13828","N","N","N","N","N","N","N","N","N","N","N","N","53528","4600","55545","5011","32382","14125","-","**","30737","11829","-","**","N","N","N","N","22946","17604","55752","5005",
"1400000US26163561200","Census Tract 5612, Wayne County, Michigan","2331","282","1831","277","1821","281","201","88","813","205","605","147","22","32","21","32","0","15","549","176","196","97","1934","240","291","121","515","228","751","163","140","75","181","75","56","66","7054","696","4475","524","60","91","0","15","1989","324","0","15","25","42","505","336","411","318","4300","540","2331","282","78.5","5.3","78.1","5.4","8.6","3.9","34.9","8.7","26.0","5.5","0.9","1.4","0.9","1.4","0.0","1.2","23.6","6.8","8.4","4.2","1934","240","15.0","6.0","26.6","9.6","38.8","9.4","7.2","4.0","9.4","4.1","2.9","3.3","7054","696","63.4","4.6","0.9","1.3","0.0","0.4","28.2","5.1","0.0","0.4","0.4","0.6","7.2","4.3","5.8","4.2","61.0","5.5","197509","27488","215024","34317","208842","34372","66705","55512","25331","11874","29856","4487","N","N","(X)","(X)","-","**","38287","9392","34762","30856","212532","29987","N","N","N","N","N","N","N","N","N","N","N","N","68641","9391","60568","8567","53930","9820","-","**","81759","24173","-","**","-","**","93660","78396","114569","78300","62581","8725",
"1400000US26163561301","Census Tract 5613.01, Wayne County, Michigan","1148","105","976","100","976","100","141","70","539","118","357","80","17","29","52","49","17","29","258","106","34","38","1036","94","107","61","317","101","489","91","35","44","69","51","19","31","3258","268","2721","315","0","11","0","11","331","152","0","11","0","11","206","186","86","78","2635","328","1148","105","85.0","6.7","85.0","6.7","12.3","6.0","47.0","9.1","31.1","5.2","1.5","2.5","4.5","4.3","1.5","2.5","22.5","8.3","3.0","3.3","1036","94","10.3","5.7","30.6","8.9","47.2","8.1","3.4","4.2","6.7","5.1","1.8","3.0","3258","268","83.5","6.4","0.0","0.8","0.0","0.8","10.2","4.6","0.0","0.8","0.0","0.8","6.3","5.7","2.6","2.4","80.9","6.9","250312","40074","249147","46204","239450","45261","67126","46110","36296","18702","29053","3327","N","N","(X)","(X)","N","N","51188","18189","N","N","269702","44431","N","N","N","N","N","N","N","N","N","N","N","N","88790","13760","93081","16727","-","**","-","**","56120","10233","-","**","-","**","84603","50060","N","N","94870","17319",
"1400000US26163561302","Census Tract 5613.02, Wayne County, Michigan","1516","398","1306","404","1306","404","96","64","603","124","346","61","62","48","0","11","0","11","330","101","47","45","1379","403","161","49","307","106","717","405","39","42","130","77","25","32","4545","1473","4208","1453","24","29","0","11","313","195","0","11","0","11","0","11","0","11","4208","1453","1516","398","86.1","5.4","86.1","5.4","6.3","5.1","39.8","14.0","22.8","7.7","4.1","3.3","0.0","1.8","0.0","1.8","21.8","8.9","3.1","3.2","1379","403","11.7","5.1","22.3","9.9","52.0","16.3","2.8","3.2","9.4","6.3","1.8","2.4","4545","1473","92.6","4.5","0.5","0.7","0.0","0.6","6.9","4.5","0.0","0.6","0.0","0.6","0.0","0.6","0.0","0.6","92.6","4.5","270176","33344","276723","37508","275147","37929","21444","23591","33086","16103","31999","4814","9768","4258","(X)","(X)","-","**","49087","9174","7643","3886","284326","34530","N","N","N","N","N","N","N","N","N","N","N","N","88415","8724","90287","9356","56596","52033","-","**","65686","32951","-","**","-","**","-","**","-","**","90287","9356",
"1400000US26163561600","Census Tract 5616, Wayne County, Michigan","1961","204","1287","211","1192","201","226","82","535","109","846","141","0","11","22","21","0","11","656","154","180","70","992","153","246","97","303","137","328","88","51","37","57","36","7","11","3576","345","3402","324","99","155","8","13","45","54","0","11","0","11","22","33","56","45","3346","318","1961","204","65.6","6.3","60.8","6.2","11.5","4.3","27.3","5.7","43.1","7.8","0.0","1.4","1.1","1.1","0.0","1.4","33.5","8.1","9.2","3.7","992","153","24.8","8.7","30.5","11.4","33.1","9.5","5.1","3.8","5.7","3.7","0.7","1.1","3576","345","95.1","4.5","2.8","4.3","0.2","0.4","1.3","1.5","0.0","0.8","0.0","0.8","0.6","0.9","1.6","1.2","93.6","4.6","84623","12867","94707","19314","89885","14848","65245","60982","16993","10319","21675","1999","-","**","(X)","(X)","-","**","21695","3534","13323","5221","101327","15780","N","N","N","N","N","N","N","N","N","N","N","N","46613","6085","48249","6158","9091","638","N","N","N","N","-","**","-","**","N","N","48255","10408","48249","6225",
"1400000US26163561700","Census Tract 5617, Wayne County, Michigan","915","100","692","112","666","113","88","40","132","49","325","87","16","14","147","57","36","36","199","65","98","45","627","103","106","38","220","79","156","52","49","34","56","35","40","23","2300","275","2019","264","70","63","0","11","111","63","0","11","0","11","100","81","124","95","1895","229","915","100","75.6","6.5","72.8","7.1","9.6","4.4","14.4","5.5","35.5","8.1","1.7","1.5","16.1","6.0","3.9","3.9","21.7","7.4","10.7","5.1","627","103","16.9","6.1","35.1","9.5","24.9","7.6","7.8","5.1","8.9","5.8","6.4","3.5","2300","275","87.8","5.6","3.0","2.8","0.0","1.2","4.8","2.7","0.0","1.2","0.0","1.2","4.3","3.3","5.4","3.9","82.4","6.2","86298","10115","94329","13577","95549","13842","18640","8409","7393","3154","21562","2617","14831","4421","(X)","(X)","N","N","19780","6824","14746","13160","104573","13571","42837","11647","84024","16408","172160","30425","71733","22965","166932","43840","70535","25294","34407","3812","34032","3871","34753","32387","-","**","49501","24954","-","**","-","**","24989","19690","28960","26001","34364","3691",
"1400000US26163561900","Census Tract 5619, Wayne County, Michigan","2614","258","1974","275","1897","277","332","119","1306","319","888","152","0","15","36","43","36","43","1015","275","128","73","2143","274","453","132","583","286","738","148","118","90","251","97","0","15","6862","608","6038","619","42","68","13","20","495","207","0","15","18","30","256","175","164","124","5923","613","2614","258","75.5","5.4","72.6","5.9","12.7","4.6","50.0","9.5","34.0","6.2","0.0","1.0","1.4","1.7","1.4","1.7","38.8","8.0","4.9","2.7","2143","274","21.1","6.0","27.2","11.1","34.4","7.6","5.5","4.3","11.7","4.8","0.0","1.3","6862","608","88.0","3.2","0.6","1.0","0.2","0.3","7.2","3.0","0.0","0.4","0.3","0.4","3.7","2.6","2.4","1.8","86.3","3.2","159055","17543","170314","22966","168282","23012","51114","26584","15409","5739","27094","3593","-","**","(X)","(X)","6697","4559","32473","5730","17080","11030","164412","18675","72608","21474","137295","26545","220866","25954","107276","24438","253955","51512","-","**","60940","6145","61199","6910","N","N","N","N","78455","32358","-","**","-","**","25021","22165","71463","61385","60627","6917",
"1400000US26163562300","Census Tract 5623, Wayne County, Michigan","940","128","674","123","668","122","78","35","410","62","351","42","0","11","12","18","0","11","284","46","54","39","700","132","164","30","114","40","250","126","105","49","49","31","18","15","2263","385","1955","404","74","74","1","3","207","118","0","11","0","11","26","30","91","102","1864","384","940","128","71.7","4.8","71.1","4.9","8.3","3.8","43.6","7.7","37.3","5.6","0.0","2.9","1.3","1.9","0.0","2.9","30.2","6.0","5.7","4.1","700","132","23.4","5.4","16.3","6.3","35.7","12.3","15.0","7.2","7.0","4.6","2.6","2.1","2263","385","86.4","6.3","3.3","3.3","0.0","0.1","9.1","5.5","0.0","1.2","0.0","1.2","1.1","1.3","4.0","4.5","82.4","6.0","159405","25609","173690","34495","169755","36352","47062","25518","19328","10959","28499","2402","-","**","(X)","(X)","-","**","51035","9029","6513","3906","185835","31238","109788","27541","152804","75241","226911","46315","199389","124388","265586","57076","221239","14952","64931","10173","64715","9896","24255","22006","N","N","43050","15771","-","**","-","**","N","N","29895","1491","66415","9519",
"1400000US26163562400","Census Tract 5624, Wayne County, Michigan","2063","197","1462","168","1393","172","255","99","645","190","876","184","55","58","29","36","8","14","747","173","129","92","1506","158","262","90","398","142","525","135","96","92","225","88","0","15","5252","570","4778","476","128","185","0","15","266","216","0","15","30","42","50","63","0","15","4778","476","2063","197","70.9","7.3","67.5","7.1","12.4","5.0","31.3","8.1","42.5","6.5","2.7","2.8","1.4","1.7","0.4","0.7","36.2","7.2","6.3","4.4","1506","158","17.4","5.9","26.4","8.2","34.9","8.4","6.4","6.0","14.9","6.3","0.0","1.8","5252","570","91.0","5.9","2.4","3.5","0.0","0.5","5.1","3.9","0.0","0.5","0.6","0.8","1.0","1.2","0.0","0.5","91.0","5.9","134505","16753","145626","20725","146297","21596","35741","27034","16909","8770","27107","2855","7575","3238","(X)","(X)","N","N","36628","8061","16420","13424","155880","18430","89948","23185","100983","24272","176740","33189","362203","15370","193055","43992","-","**","53168","6604","54629","6985","96291","3617","-","**","22171","11560","-","**","-","**","-","**","-","**","54629","6985",
"1400000US26163562500","Census Tract 5625, Wayne County, Michigan","857","115","670","117","660","115","47","30","112","47","230","63","11","12","68","39","19","18","197","69","78","46","300","64","63","37","87","38","113","54","8","10","0","11","29","29","1542","181","1461","193","46","37","3","7","6","10","0","11","6","11","20","30","13","15","1454","192","857","115","78.2","7.3","77.0","7.4","5.5","3.4","13.1","5.4","26.8","7.2","1.3","1.4","7.9","4.4","2.2","2.1","23.0","7.8","9.1","5.4","300","64","21.0","11.8","29.0","10.6","37.7","15.6","2.7","3.2","0.0","8.8","9.7","9.3","1542","181","94.7","3.6","3.0","2.4","0.2","0.4","0.4","0.6","0.0","1.8","0.4","0.7","1.3","1.9","0.8","1.0","94.3","3.7","67389","6179","70301","7810","70970","7945","5562","3641","12148","9349","21436","2580","N","N","(X)","(X)","2858","3512","15277","4853","15523","15947","85811","13678","N","N","N","N","N","N","N","N","N","N","N","N","38708","3820","39083","4044","23678","9279","N","N","N","N","-","**","-","**","N","N","N","N","39070","4063",
"1400000US26163562600","Census Tract 5626, Wayne County, Michigan","1691","132","1392","136","1382","136","164","66","663","201","378","75","16","17","15","19","0","11","419","159","50","37","1048","151","73","35","331","163","367","93","42","30","214","141","21","26","3955","455","3687","469","27","32","8","12","68","63","0","11","0","11","165","117","15","14","3680","469","1691","132","82.3","4.3","81.7","4.4","9.7","3.9","39.2","10.5","22.4","4.4","0.9","1.0","0.9","1.1","0.0","1.6","24.8","8.4","3.0","2.2","1048","151","7.0","3.5","31.6","13.3","35.0","10.4","4.0","2.9","20.4","12.6","2.0","2.5","3955","455","93.2","4.2","0.7","0.8","0.2","0.3","1.7","1.6","0.0","0.7","0.0","0.7","4.2","3.0","0.4","0.4","93.0","4.3","149087","16896","161632","18606","155159","18087","64405","31710","7758","3470","23131","2785","N","N","(X)","(X)","-","**","28503","4892","22708","14224","191558","21535","N","N","N","N","N","N","N","N","N","N","N","N","64364","6486","65379","6379","4804","6200","N","N","N","N","-","**","-","**","16697","14587","N","N","65396","6392",
"1400000US26163562700","Census Tract 5627, Wayne County, Michigan","1619","188","1338","183","1310","180","202","82","497","106","363","77","8","13","51","43","14","17","323","72","147","103","992","151","93","39","262","110","481","117","48","38","102","60","6","12","3671","436","3490","430","107","76","14","22","26","24","0","11","7","15","27","35","34","31","3477","429","1619","188","82.6","4.2","80.9","4.2","12.5","4.9","30.7","6.2","22.4","4.6","0.5","0.8","3.2","2.6","0.9","1.1","20.0","4.5","9.1","5.9","992","151","9.4","4.1","26.4","9.1","48.5","9.7","4.8","4.0","10.3","6.0","0.6","1.2","3671","436","95.1","2.5","2.9","2.0","0.4","0.6","0.7","0.7","0.0","0.7","0.2","0.4","0.7","0.9","0.9","0.9","94.7","2.7","124894","14423","131561","16404","126999","15931","47824","32718","13454","4793","21990","3004","N","N","(X)","(X)","N","N","33433","21218","3424","1115","161049","22179","N","N","N","N","N","N","N","N","N","N","N","N","55452","6601","56651","6743","8913","4602","-","**","123712","23108","-","**","N","N","N","N","N","N","56834","6739",
"1400000US26163562800","Census Tract 5628, Wayne County, Michigan","1485","112","1236","119","1220","117","161","64","394","83","415","59","25","21","22","25","22","25","314","64","68","40","909","110","101","38","162","69","411","86","63","53","149","58","23","20","3506","311","3208","272","76","49","0","11","117","115","0","11","16","22","89","127","197","129","3104","260","1485","112","83.2","3.9","82.2","3.6","10.8","4.2","26.5","5.4","27.9","3.8","1.7","1.4","1.5","1.7","1.5","1.7","21.1","4.3","4.6","2.7","909","110","11.1","4.3","17.8","6.9","45.2","7.9","6.9","5.6","16.4","6.4","2.5","2.2","3506","311","91.5","4.8","2.2","1.4","0.0","0.8","3.3","3.1","0.0","0.8","0.5","0.6","2.5","3.5","5.6","3.5","88.5","4.8","104951","18971","109928","23436","108370","23252","22725","16162","6656","2782","23397","2326","6740","2674","(X)","(X)","N","N","22433","5731","5991","3778","133316","30746","52890","12674","70689","31877","171225","66654","144219","34056","144271","21575","149352","6751","44661","8012","45854","8713","19872","17542","-","**","22511","9885","-","**","N","N","N","N","34545","24914","46871","8837",
"1400000US26163562900","Census Tract 5629, Wayne County, Michigan","1597","192","1083","127","1066","126","43","26","468","161","708","186","55","57","85","62","24","36","553","179","136","64","982","133","237","104","342","117","231","63","90","46","52","38","30","36","3301","334","3150","339","45","41","0","11","29","43","0","11","21","22","56","46","141","126","3030","330","1597","192","67.8","9.0","66.8","8.8","2.7","1.7","29.3","8.0","44.3","7.7","3.4","3.6","5.3","3.9","1.5","2.3","34.6","8.4","8.5","4.1","982","133","24.1","9.2","34.8","10.1","23.5","7.0","9.2","4.7","5.3","4.0","3.1","3.7","3301","334","95.4","2.4","1.4","1.3","0.0","0.8","0.9","1.3","0.0","0.8","0.6","0.7","1.7","1.4","4.3","3.8","91.8","4.2","82343","9068","88788","11765","89937","12066","6607","3344","6279","4342","24753","3445","N","N","(X)","(X)","N","N","24931","6499","5229","2403","95543","13366","N","N","N","N","N","N","N","N","N","N","N","N","40339","4944","40522","5103","23116","11674","-","**","N","N","-","**","N","N","30789","13559","34514","10027","40633","5251",
"1400000US26163563200","Census Tract 5632, Wayne County, Michigan","1150","188","1012","140","1005","140","40","39","128","60","319","128","22","24","104","53","26","26","245","72","104","77","690","134","10","19","323","117","139","58","150","73","57","37","11","14","2824","459","1765","324","623","269","0","11","176","148","0","11","8","14","252","115","67","83","1715","304","1150","188","88.0","8.7","87.4","8.7","3.5","3.4","11.1","5.3","27.7","9.8","1.9","2.1","9.0","4.5","2.3","2.2","21.3","6.7","9.0","6.7","690","134","1.4","2.6","46.8","12.3","20.1","7.9","21.7","9.9","8.3","5.7","1.6","2.1","2824","459","62.5","9.8","22.1","7.9","0.0","1.0","6.2","5.0","0.0","1.0","0.3","0.5","8.9","3.6","2.4","2.9","60.7","9.3","65536","8845","59833","8405","60056","8497","4873","6802","10349","6886","18500","2613","7177","2826","(X)","(X)","2735","1871","20776","8729","21824","14676","74206","9997","N","N","N","N","N","N","N","N","N","N","N","N","27802","3697","30501","3741","22684","9475","-","**","39798","21940","-","**","-","**","14060","10203","25537","37151","31156","3742",
"1400000US26163563300","Census Tract 5633, Wayne County, Michigan","1290","182","1009","197","1001","197","108","58","95","42","369","97","155","157","59","48","9","14","386","174","99","59","816","202","138","67","312","180","208","82","101","49","45","37","12","14","2872","440","2248","409","264","133","0","11","251","163","0","11","15","18","94","92","21","21","2242","408","1290","182","78.2","7.6","77.6","7.7","8.4","4.5","7.4","3.3","28.6","7.9","12.0","10.8","4.6","3.7","0.7","1.1","29.9","9.9","7.7","4.3","816","202","16.9","8.6","38.2","14.7","25.5","9.9","12.4","6.1","5.5","4.6","1.5","1.8","2872","440","78.3","6.6","9.2","4.7","0.0","1.0","8.7","5.4","0.0","1.0","0.5","0.6","3.3","3.2","0.7","0.7","78.1","6.6","73947","9207","74851","6894","73128","7212","21518","6141","2975","2678","22047","3256","12249","3074","(X)","(X)","N","N","21897","7972","11077","4826","88270","13181","N","N","N","N","N","N","N","N","N","N","N","N","33495","4249","34613","4849","25941","6830","-","**","39685","13627","-","**","N","N","12552","8888","45114","30549","34461","4859",
"1400000US26163563400","Census Tract 5634, Wayne County, Michigan","1754","164","1496","175","1459","176","178","67","546","155","413","75","50","32","88","50","51","43","403","100","143","82","1367","116","173","60","467","116","425","93","119","63","161","67","22","24","4445","343","3853","408","194","138","0","11","315","189","0","11","28","39","55","71","28","39","3853","408","1754","164","85.3","4.3","83.2","4.6","10.1","4.0","31.1","7.2","23.5","4.3","2.9","1.8","5.0","2.9","2.9","2.4","23.0","5.5","8.2","4.4","1367","116","12.7","4.2","34.2","7.8","31.1","6.9","8.7","4.5","11.8","4.6","1.6","1.8","4445","343","86.7","5.2","4.4","3.2","0.0","0.6","7.1","4.2","0.0","0.6","0.6","0.9","1.2","1.6","0.6","0.9","86.7","5.2","113272","10701","110756","11503","109565","12072","32780","12534","17815","16476","28630","3947","6386","3143","(X)","(X)","3506","1559","23083","4882","11443","7569","120646","12292","N","N","N","N","N","N","N","N","N","N","N","N","44964","5706","48738","6256","10744","7401","-","**","30141","6582","-","**","N","N","N","N","N","N","48738","6256",
"1400000US26163563500","Census Tract 5635, Wayne County, Michigan","2204","409","1876","417","1856","423","201","89","631","131","785","380","39","22","38","27","9","13","736","386","165","65","2004","410","240","76","542","395","688","121","83","34","434","174","17","20","6365","856","5621","876","189","192","0","15","317","144","0","15","14","22","224","160","54","46","5567","883","2204","409","85.1","4.7","84.2","4.9","9.1","4.6","28.6","7.8","35.6","11.3","1.8","1.2","1.7","1.3","0.4","0.6","33.4","12.0","7.5","3.4","2004","410","12.0","4.5","27.0","15.1","34.3","9.4","4.1","1.8","21.7","8.4","0.8","1.0","6365","856","88.3","3.6","3.0","3.0","0.0","0.4","5.0","2.4","0.0","0.4","0.2","0.3","3.5","2.5","0.8","0.7","87.5","3.8","140253","11563","133269","16742","131637","16642","28325","21439","21028","13965","28015","1889","9359","1252","(X)","(X)","N","N","28977","11610","12957","5447","145673","12312","N","N","N","N","N","N","N","N","N","N","N","N","48400","4272","48714","4612","41653","4109","-","**","58861","16565","-","**","N","N","32588","9120","63174","61180","48574","4624",
"1400000US26163563600","Census Tract 5636, Wayne County, Michigan","727","143","627","145","582","136","134","118","194","62","194","66","6","9","29","21","0","11","200","107","114","72","556","112","52","26","120","40","286","114","29","17","59","24","10","10","1918","279","1415","171","81","85","0","11","265","104","0","11","0","11","157","140","106","111","1391","169","727","143","86.2","5.3","80.1","7.7","18.4","13.9","26.7","8.8","26.7","8.5","0.8","1.3","4.0","3.0","0.0","3.7","27.5","12.0","15.7","9.3","556","112","9.4","4.8","21.6","7.5","51.4","11.5","5.2","3.3","10.6","5.2","1.8","1.8","1918","279","73.8","7.7","4.2","4.2","0.0","1.4","13.8","5.3","0.0","1.4","0.0","1.4","8.2","6.5","5.5","5.3","72.5","7.6","113260","10457","109753","13320","112926","10964","23074","7389","7290","4471","23121","3653","N","N","(X)","(X)","-","**","31698","8339","10869","2563","127543","9631","N","N","N","N","N","N","N","N","N","N","N","N","39866","3597","38462","4335","65804","6464","-","**","44611","9744","-","**","-","**","31123","13657","46889","9413","38489","4424",
"1400000US26163563700","Census Tract 5637, Wayne County, Michigan","690","177","615","175","603","174","54","34","152","51","141","45","11","12","34","21","12","13","129","46","35","23","430","47","40","31","93","37","173","40","57","32","42","19","25","23","1858","439","1186","183","355","410","0","11","312","155","0","11","1","4","4","7","33","34","1162","178","690","177","89.1","5.2","87.4","5.7","7.8","5.2","22.0","9.2","20.4","7.9","1.6","1.7","4.9","3.2","1.7","1.9","18.7","8.0","5.1","3.6","430","47","9.3","6.9","21.6","8.0","40.2","10.0","13.3","7.1","9.8","4.5","5.8","5.3","1858","439","63.8","16.4","19.1","18.3","0.0","1.5","16.8","9.0","0.0","1.5","0.1","0.2","0.2","0.4","1.8","1.9","62.5","16.0","108419","8043","105240","8977","104289","9056","34002","19143","11909","6722","26487","4540","N","N","(X)","(X)","N","N","28726","11152","20280","12156","123527","10810","43170","13075","108484","19004","140001","14521","102395","32973","150567","36780","196816","48774","42727","5022","38865","3688","57138","10446","-","**","41479","7897","-","**","N","N","N","N","48412","15548","38604","3675",
"1400000US26163563800","Census Tract 5638, Wayne County, Michigan","1034","93","851","98","826","97","134","72","230","93","282","75","0","11","75","53","62","51","265","88","53","37","777","106","115","38","222","65","245","91","46","41","106","45","43","33","2967","276","2399","373","369","247","0","11","135","131","0","11","0","11","64","51","97","100","2303","358","1034","93","82.3","4.9","79.9","4.0","13.0","6.4","22.2","8.3","27.3","5.9","0.0","2.6","7.3","5.0","6.0","4.8","25.6","7.5","5.1","3.6","777","106","14.8","4.6","28.6","8.1","31.5","9.3","5.9","5.0","13.6","5.7","5.5","4.5","2967","276","80.9","9.5","12.4","8.4","0.0","0.9","4.6","4.3","0.0","0.9","0.0","0.9","2.2","1.7","3.3","3.3","77.6","9.8","98971","14175","99926","16657","96825","16454","37759","36052","16728","10054","26829","3719","-","**","(X)","(X)","3368","1664","19438","5107","9911","4619","112050","18464","64382","12419","63038","20265","173689","39834","107520","16697","129906","24256","102200","14015","36624","5167","36849","5308","39132","20502","-","**","30379","12768","-","**","-","**","26913","17784","40264","38710","36692","5245",
"1400000US26163563900","Census Tract 5639, Wayne County, Michigan","872","86","678","87","652","88","66","28","225","50","317","75","13","20","76","50","9","9","264","58","68","42","658","79","90","40","124","59","249","47","61","32","134","50","0","11","2528","481","1648","219","199","96","0","11","553","440","0","11","12","17","116","85","101","82","1592","221","872","86","77.8","5.6","74.8","6.0","7.6","3.3","25.8","5.4","36.4","7.1","1.5","2.4","8.7","5.4","1.0","1.1","30.3","6.1","7.8","4.6","658","79","13.7","6.1","18.8","8.2","37.8","7.2","9.3","4.7","20.4","7.0","0.0","4.1","2528","481","65.2","12.8","7.9","4.0","0.0","1.1","21.9","14.2","0.0","1.1","0.5","0.7","4.6","3.4","4.0","3.2","63.0","12.8","104924","8724","108279","9702","108991","9824","35621","18758","14277","6836","25091","3077","N","N","(X)","(X)","N","N","23178","4927","9671","3985","119217","10834","68476","20337","94965","16428","129535","15008","100069","27887","165283","19486","-","**","36343","5595","41008","4033","41992","7612","-","**","22958","14283","-","**","N","N","19742","9311","23795","8841","41622","4102",
"1400000US26163564000","Census Tract 5640, Wayne County, Michigan","1087","155","775","106","775","106","45","45","112","62","225","53","7","13","60","38","26","26","182","63","53","43","497","100","77","37","233","87","119","75","30","36","38","40","0","11","2016","256","1167","239","343","138","0","11","316","210","0","11","0","11","190","86","45","57","1122","237","1087","155","71.3","8.2","71.3","8.2","4.1","4.1","10.3","5.9","20.7","5.5","0.6","1.2","5.5","3.5","2.4","2.3","16.7","6.0","4.9","4.0","497","100","15.5","7.7","46.9","14.3","23.9","12.4","6.0","7.8","7.6","8.4","0.0","5.4","2016","256","57.9","9.0","17.0","6.6","0.0","1.4","15.7","10.3","0.0","1.4","0.0","1.4","9.4","4.2","2.2","2.9","55.7","8.8","60106","11175","72508","11984","72042","12127","N","N","9744","7536","18201","2282","N","N","(X)","(X)","1646","1300","15207","5259","20209","10107","78772","15774","38070","17274","63936","11669","112226","41360","110400","28073","122476","45662","-","**","32236","5363","29375","7723","41179","14310","-","**","46264","6530","-","**","-","**","10334","10037","30053","6791","29348","8063",
"1400000US26163564100","Census Tract 5641, Wayne County, Michigan","1841","190","1452","181","1402","193","107","56","276","79","546","105","92","57","125","72","17","18","306","88","138","61","1104","141","202","80","240","69","430","135","99","52","105","43","28","22","4356","605","2662","657","327","193","0","11","1118","325","0","11","57","68","192","118","470","375","2262","410","1841","190","78.9","5.0","76.2","6.0","5.8","3.2","15.0","4.5","29.7","5.9","5.0","3.0","6.8","3.9","0.9","1.0","16.6","4.7","7.5","3.4","1104","141","18.3","6.8","21.7","6.3","38.9","9.6","9.0","4.7","9.5","4.2","2.5","2.0","4356","605","61.1","8.7","7.5","4.4","0.0","0.6","25.7","8.5","0.0","0.6","1.3","1.6","4.4","2.8","10.8","7.5","51.9","7.2","74610","8991","75184","11698","75691","12022","28488","14043","7433","5929","21336","3080","14024","4354","(X)","(X)","6029","1525","35826","5297","15461","7018","85386","10961","47027","15932","82898","16045","104575","16253","59637","24268","96996","30004","136254","76179","32011","3465","37408","5024","36342","14279","-","**","20344","3901","-","**","24958","10444","19823","14436","37988","11404","37444","4909",
"1400000US26163564200","Census Tract 5642, Wayne County, Michigan","1597","158","1096","134","1096","134","60","36","436","103","592","121","83","51","220","81","20","24","423","116","110","82","1032","156","135","82","194","86","440","116","89","55","166","55","8","13","3882","420","2980","475","346","192","5","10","470","153","0","11","0","11","81","69","67","62","2913","458","1597","158","68.6","6.5","68.6","6.5","3.8","2.3","27.3","6.1","37.1","6.3","5.2","3.2","13.8","5.0","1.3","1.5","26.5","6.6","6.9","4.9","1032","156","13.1","7.1","18.8","8.1","42.6","9.6","8.6","5.2","16.1","5.4","0.8","1.3","3882","420","76.8","7.0","8.9","5.1","0.1","0.3","12.1","3.9","0.0","0.7","0.0","0.7","2.1","1.7","1.7","1.6","75.0","6.8","82246","9386","100044","12003","99586","12015","8362","5224","3616","3007","18762","2009","11240","3670","(X)","(X)","N","N","17256","3603","6605","3438","107336","11955","N","N","N","N","N","N","N","N","N","N","N","N","33688","3465","36799","4128","17530","7612","N","N","23273","9244","-","**","-","**","50469","13616","43909","35310","36635","4205",
"1400000US26163564300","Census Tract 5643, Wayne County, Michigan","993","97","670","91","657","91","49","35","357","97","418","76","23","23","40","31","9","14","332","89","52","36","629","94","127","71","183","59","135","60","51","32","130","65","3","7","2376","213","1910","250","182","140","0","11","249","173","0","11","20","23","15","19","100","63","1839","260","993","97","67.5","7.2","66.2","7.1","4.9","3.6","36.0","8.9","42.1","6.6","2.3","2.3","4.0","3.1","0.9","1.4","33.4","8.3","5.2","3.5","629","94","20.2","9.5","29.1","9.8","21.5","9.1","8.1","5.0","20.7","10.2","0.5","1.1","2376","213","80.4","8.8","7.7","6.0","0.0","1.1","10.5","6.9","0.0","1.1","0.8","1.0","0.6","0.8","4.2","2.7","77.4","9.1","101921","10309","115385","13258","116951","13139","9622","10778","10670","6165","23873","2764","N","N","(X)","(X)","N","N","28116","6864","9531","4103","115542","15158","N","N","N","N","N","N","N","N","N","N","N","N","42827","4633","44571","4997","36013","17436","-","**","37746","18940","-","**","N","N","N","N","36346","19960","45091","5405",
"1400000US26163564401","Census Tract 5644.01, Wayne County, Michigan","1852","165","1457","159","1447","159","119","71","829","161","496","115","113","69","51","41","44","43","419","103","113","62","1633","166","260","112","359","95","583","102","138","132","234","82","59","35","5583","641","4178","613","122","106","0","15","1114","265","0","15","13","18","156","98","112","80","4124","612","1852","165","78.7","5.7","78.1","5.8","6.4","3.8","44.8","7.6","26.8","5.9","6.1","3.8","2.8","2.2","2.4","2.4","22.6","5.3","6.1","3.3","1633","166","15.9","6.5","22.0","6.0","35.7","6.5","8.5","7.6","14.3","4.9","3.6","2.2","5583","641","74.8","5.1","2.2","1.9","0.0","0.5","20.0","4.6","0.0","0.5","0.2","0.3","2.8","1.7","2.0","1.4","73.9","5.1","196720","22069","208146","21417","206050","21584","42978","38006","36182","17260","27027","3627","9231","4514","(X)","(X)","N","N","36641","10750","11152","5180","204994","23237","115565","34749","267484","79830","212233","20493","192294","75436","206050","35324","172851","29284","65559","7623","68638","10170","52354","13894","-","**","57925","8567","-","**","N","N","N","N","94385","47594","68897","10297",
"1400000US26163564402","Census Tract 5644.02, Wayne County, Michigan","1871","232","1768","224","1768","224","121","62","462","92","200","91","10","16","85","78","78","78","220","94","128","64","1586","229","31","25","422","172","682","121","196","129","218","101","37","26","5929","787","3295","662","323","98","7","11","2102","534","0","15","17","18","185","117","234","121","3120","654","1871","232","94.5","2.4","94.5","2.4","6.5","3.1","24.7","5.3","10.7","4.6","0.5","0.9","4.5","4.1","4.2","4.1","11.8","4.7","6.8","3.5","1586","229","2.0","1.5","26.6","8.9","43.0","8.9","12.4","7.5","13.7","6.3","2.3","1.7","5929","787","55.6","7.2","5.4","1.8","0.1","0.2","35.5","7.9","0.0","0.5","0.3","0.3","3.1","2.0","3.9","2.1","52.6","7.3","161171","14145","161393","15309","159831","15230","22818","26190","7582","3415","26574","3249","N","N","(X)","(X)","7627","5865","19788","7659","18374","15066","172992","17798","79948","27382","126225","25035","197987","31614","157916","46175","209876","43342","186157","76936","51056","4883","52990","7430","47679","14036","-","**","50359","11123","-","**","N","N","31818","9675","39565","20967","53557","7809",
"1400000US26163564501","Census Tract 5645.01, Wayne County, Michigan","1743","118","1661","120","1639","121","136","59","588","111","206","61","21","22","5","8","0","15","173","65","116","51","1522","124","58","26","352","98","855","135","86","52","141","56","30","34","5285","423","3610","375","293","176","17","26","1154","263","0","15","10","17","201","138","330","183","3432","373","1743","118","95.3","1.7","94.0","2.0","7.8","3.3","33.7","6.7","11.8","3.3","1.2","1.3","0.3","0.5","0.0","1.6","9.9","3.6","6.7","2.9","1522","124","3.8","1.8","23.1","6.3","56.2","7.1","5.7","3.4","9.3","3.6","2.0","2.2","5285","423","68.3","6.0","5.5","3.3","0.3","0.5","21.8","4.4","0.0","0.5","0.2","0.3","3.8","2.5","6.2","3.4","64.9","6.1","192459","15115","184351","16411","183591","16456","38975","19450","11887","4361","25382","3528","N","N","(X)","(X)","-","**","91684","79057","8328","5527","205900","16953","N","N","N","N","N","N","N","N","N","N","N","N","63880","6140","65262","6245","55580","10019","N","N","65753","25011","-","**","N","N","32965","27611","36675","13629","66576","6668",
"1400000US26163564502","Census Tract 5645.02, Wayne County, Michigan","1359","157","1090","159","1090","159","129","108","449","98","400","85","8","12","18","29","18","29","324","93","212","97","1191","155","176","69","253","85","428","126","78","50","216","99","40","27","4285","762","2951","785","226","109","8","12","1075","261","0","11","0","11","25","32","31","34","2945","786","1359","157","80.2","5.5","80.2","5.5","9.5","7.4","33.0","7.3","29.4","6.1","0.6","0.9","1.3","2.1","1.3","2.1","23.8","6.5","15.6","6.6","1191","155","14.8","5.8","21.2","6.9","35.9","8.9","6.5","4.1","18.1","7.6","3.4","2.3","4285","762","68.9","8.3","5.3","3.0","0.2","0.3","25.1","6.9","0.0","0.6","0.0","0.6","0.6","0.8","0.7","0.8","68.7","8.4","155372","12438","167985","14283","165241","14131","23190","35630","10070","4553","26027","4161","N","N","(X)","(X)","N","N","25704","5648","21312","13062","167521","12651","74851","12662","167177","20589","176810","19188","253332","129196","192300","17553","176925","44337","50242","6248","48373","8811","65931","18152","N","N","53391","9148","-","**","-","**","N","N","N","N","48471","8875",
"1400000US26163564503","Census Tract 5645.03, Wayne County, Michigan","1256","158","1058","151","1033","153","174","72","375","141","334","89","108","56","80","54","8","13","239","84","113","59","854","88","59","28","274","89","283","91","78","46","118","56","42","37","3450","407","1887","287","644","102","41","63","727","302","0","11","0","11","151","118","120","85","1794","288","1256","158","84.2","6.3","82.2","6.7","13.9","5.8","29.9","9.8","26.6","6.7","8.6","4.5","6.4","4.4","0.6","1.0","19.0","6.7","9.0","4.7","854","88","6.9","3.2","32.1","9.2","33.1","10.2","9.1","5.4","13.8","6.7","4.9","4.5","3450","407","54.7","7.5","18.7","3.2","1.2","1.8","21.1","7.3","0.0","0.8","0.0","0.8","4.4","3.3","3.5","2.5","52.0","7.4","119587","20367","123842","22622","112609","15004","84483","107431","17117","17914","21268","2469","9294","1493","(X)","(X)","N","N","14174","3431","11126","7623","146600","28384","46592","12292","116921","24997","156749","32331","106132","33811","294606","143549","71652","20937","45087","7155","50894","12030","49718","13428","N","N","31521","12848","-","**","-","**","7548","6961","47208","36450","51757","12325",
"1400000US26163564504","Census Tract 5645.04, Wayne County, Michigan","2811","259","2417","262","2399","260","143","84","493","148","736","149","78","55","291","133","12","19","766","228","234","117","2150","283","210","79","582","182","1008","277","113","73","191","118","46","45","7491","697","4354","654","811","437","0","15","1928","367","0","15","0","15","398","240","201","135","4166","653","2811","259","86.0","3.9","85.3","3.9","5.1","3.0","17.5","5.1","26.2","5.3","2.8","1.9","10.4","4.9","0.4","0.7","27.3","6.8","8.3","4.2","2150","283","9.8","3.6","27.1","8.2","46.9","9.5","5.3","3.4","8.9","5.6","2.1","2.1","7491","697","58.1","6.2","10.8","5.6","0.0","0.4","25.7","5.1","0.0","0.4","0.0","0.4","5.3","3.2","2.7","1.8","55.6","6.1","117168","11361","114819","14049","114266","14012","23736","15085","18022","12738","23549","2760","12722","5350","(X)","(X)","N","N","27015","4404","16794","6003","129446","15042","58305","18397","74760","18445","174347","28193","95247","34941","173629","21022","62785","59919","43715","4441","45552","4771","27864","15689","-","**","52288","12952","-","**","-","**","14380","10463","63090","46480","44564","4787",
"1400000US26163564600","Census Tract 5646, Wayne County, Michigan","2301","270","2079","288","2066","286","211","110","693","202","616","244","28","34","18","27","0","15","554","219","175","90","1847","281","139","69","518","250","681","172","67","54","403","144","39","38","6248","769","4322","667","186","83","13","21","1420","392","0","15","19","31","288","204","40","50","4282","671","2301","270","90.4","3.9","89.8","3.8","9.2","4.8","30.1","8.4","26.8","8.3","1.2","1.4","0.8","1.2","0.0","1.2","24.1","7.8","7.6","3.8","1847","281","7.5","3.9","28.0","10.7","36.9","8.8","3.6","3.0","21.8","7.9","2.1","2.1","6248","769","69.2","5.7","3.0","1.4","0.2","0.3","22.7","5.7","0.0","0.4","0.3","0.5","4.6","3.2","0.6","0.8","68.5","5.9","133689","15959","127578","20222","126691","20485","16548","14153","6557","4473","28027","5046","N","N","(X)","(X)","-","**","30418","11754","19554","13014","145036","17765","81423","11011","87996","20100","164410","21558","133757","22872","211477","42210","123877","9753","48776","4958","51929","6681","61633","13167","N","N","38069","11075","-","**","-","**","49318","26105","N","N","52287","6833",
"1400000US26163564700","Census Tract 5647, Wayne County, Michigan","1851","225","1657","196","1631","201","104","56","346","126","338","125","23","22","80","53","10","16","332","140","339","161","1234","194","29","27","528","186","412","74","75","40","182","72","8","12","4718","551","2636","486","881","195","45","68","898","222","9","14","19","24","230","148","191","153","2566","470","1851","225","89.5","6.1","88.1","6.2","5.6","3.0","18.7","6.1","18.3","6.1","1.2","1.2","4.3","2.8","0.5","0.8","17.9","6.5","18.3","7.3","1234","194","2.4","2.2","42.8","9.8","33.4","7.5","6.1","3.4","14.7","5.6","0.6","1.0","4718","551","55.9","5.7","18.7","4.2","1.0","1.4","19.0","4.8","0.2","0.3","0.4","0.5","4.9","3.0","4.0","3.1","54.4","5.6","102175","8834","102808","9330","102361","9609","32709","16776","1806","1060","19966","3095","3978","1331","(X)","(X)","N","N","25336","8127","8501","5776","110613","12227","N","N","N","N","N","N","N","N","N","N","N","N","40993","3177","42182","3938","36992","8011","N","N","40035","11706","-","**","N","N","46065","21662","51426","24315","42976","4009",
"1400000US26163564800","Census Tract 5648, Wayne County, Michigan","1717","227","1379","233","1366","230","81","33","418","109","536","94","47","30","83","52","11","16","439","100","239","179","1313","227","148","49","460","203","476","149","108","54","96","52","25","23","4605","905","3136","875","406","77","0","11","946","252","0","11","0","11","117","89","268","164","3001","876","1717","227","80.3","5.4","79.6","5.2","4.7","2.0","24.3","6.8","31.2","6.5","2.7","1.8","4.8","3.0","0.6","1.0","25.6","6.3","13.9","9.2","1313","227","11.3","4.0","35.0","12.5","36.3","10.0","8.2","4.3","7.3","3.9","1.9","1.7","4605","905","68.1","7.6","8.8","2.3","0.0","0.6","20.5","5.9","0.0","0.6","0.0","0.6","2.5","2.0","5.8","3.7","65.2","8.2","105297","10049","106980","10261","106867","10256","19072","11032","12183","9630","22631","2644","14438","3985","(X)","(X)","N","N","32174","7078","5162","3771","119130","12891","78184","33205","95214","16718","140748","14636","112154","31711","186364","33748","161952","28125","39242","5615","42386","8518","37395","8146","-","**","29145","10000","-","**","-","**","43039","20402","26266","16002","43510","9243",
"1400000US26163564900","Census Tract 5649, Wayne County, Michigan","718","118","565","130","558","131","51","33","24","28","321","113","140","88","222","77","9","13","162","96","52","36","430","91","60","45","209","81","99","51","40","30","13","21","9","14","1701","291","1157","262","302","142","61","70","0","11","0","11","0","11","181","107","5","11","1152","259","718","118","78.7","9.7","77.7","10.0","7.1","4.8","3.3","3.9","44.7","10.9","19.5","10.4","30.9","11.0","1.3","1.8","22.6","11.4","7.2","4.9","430","91","14.0","10.3","48.6","15.7","23.0","11.4","9.3","6.8","3.0","4.7","2.1","3.3","1701","291","68.0","10.2","17.8","8.5","3.6","3.8","0.0","1.6","0.0","1.6","0.0","1.6","10.6","5.9","0.3","0.6","67.7","9.9","55179","13579","43518","8106","43213","8417","9312","3565","304842","121936","15194","4361","8179","3296","(X)","(X)","N","N","6925","3765","10908","6701","51534","15422","N","N","N","N","N","N","N","N","N","N","N","N","22497","5620","24880","6623","21475","19841","28202","6506","-","**","-","**","-","**","7049","4128","-","**","24988","6639",
"1400000US26163565001","Census Tract 5650.01, Wayne County, Michigan","1967","205","1627","178","1596","182","173","70","524","120","623","195","49","31","75","45","26","25","606","199","273","109","1414","185","82","37","477","174","523","117","157","68","94","57","81","37","5127","467","2954","402","492","149","10","16","1408","331","0","15","0","15","263","136","64","50","2946","401","1967","205","82.7","4.9","81.1","5.1","8.8","3.7","26.6","5.7","31.7","7.6","2.5","1.6","3.8","2.3","1.3","1.3","30.8","7.5","13.9","5.4","1414","185","5.8","2.6","33.7","9.3","37.0","8.8","11.1","4.9","6.6","4.0","5.7","2.7","5127","467","57.6","5.8","9.6","3.1","0.2","0.3","27.5","5.4","0.0","0.5","0.0","0.5","5.1","2.7","1.2","1.0","57.5","5.8","98123","8077","97462","11535","97361","11682","18395","5777","9237","4148","24210","3277","10931","3572","(X)","(X)","2669","3188","18464","5049","9960","3388","107059","9706","62957","17151","76484","10777","133085","15660","92010","19513","156774","79199","135188","45415","38093","3501","43273","4850","27946","8994","N","N","34487","8034","-","**","-","**","18303","12425","28331","14264","43326","4856",
"1400000US26163565100","Census Tract 5651, Wayne County, Michigan","1525","157","1214","163","1195","163","81","58","271","122","371","123","67","46","223","98","51","64","251","92","29","29","729","146","87","70","311","107","173","65","129","80","26","33","3","7","3377","489","1973","438","896","247","0","11","383","247","0","11","41","49","84","77","108","84","1973","438","1525","157","79.6","6.6","78.4","6.7","5.3","3.8","17.8","6.9","24.3","7.0","4.4","3.0","14.6","5.9","3.3","4.0","16.5","5.8","1.9","1.9","729","146","11.9","9.2","42.7","11.9","23.7","8.8","17.7","9.1","3.6","4.6","0.4","1.0","3377","489","58.4","8.6","26.5","7.1","0.0","0.8","11.3","7.1","0.0","0.8","1.2","1.4","2.5","2.3","3.2","2.5","58.4","8.6","58042","5967","61968","7695","61923","7914","15193","5991","10624","10949","14799","3343","9769","5444","(X)","(X)","N","N","16329","6036","3445","1757","69822","10013","N","N","N","N","N","N","N","N","N","N","N","N","27064","3564","30653","5561","19111","3768","-","**","28685","13495","-","**","N","N","8458","7796","37274","27427","30653","5561",
"1400000US26163565200","Census Tract 5652, Wayne County, Michigan","2366","337","1646","218","1610","213","130","80","359","112","854","284","18","27","90","87","23","30","674","282","231","122","1165","186","178","74","346","121","349","157","51","45","175","110","66","67","4989","580","2827","553","1237","397","66","108","711","333","0","11","62","81","86","73","278","309","2615","459","2366","337","69.6","9.1","68.0","8.9","5.5","3.4","15.2","5.1","36.1","8.5","0.8","1.2","3.8","3.5","1.0","1.2","28.5","9.2","9.8","4.8","1165","186","15.3","6.2","29.7","9.7","30.0","12.5","4.4","3.9","15.0","8.8","5.7","5.6","4989","580","56.7","8.6","24.8","7.4","1.3","2.1","14.3","6.7","0.0","0.5","1.2","1.7","1.7","1.4","5.6","5.9","52.4","8.0","71039","10770","75689","9714","76184","9576","14834","8561","18372","13653","19083","3822","N","N","(X)","(X)","N","N","27405","19582","7475","4018","93790","12878","46349","10460","60288","9506","123887","17473","103861","24114","128029","46733","139652","8090","34335","4124","39819","6116","24015","6006","N","N","29573","8785","-","**","61234","26461","35101","16815","9644","4902","42473","6514",
"1400000US26163565301","Census Tract 5653.01, Wayne County, Michigan","1133","219","777","235","739","239","38","58","71","68","222","96","57","60","315","75","0","11","182","86","79","65","628","219","21","28","365","98","68","34","23","26","0","11","151","210","2294","876","688","286","1521","843","0","11","65","79","0","11","0","11","20","31","10","18","678","287","1133","219","68.6","10.4","65.2","10.8","3.4","5.2","6.3","6.1","19.6","9.8","5.0","5.4","27.8","8.4","0.0","2.4","16.1","8.3","7.0","5.9","628","219","3.3","4.7","58.1","22.6","10.8","7.0","3.7","4.2","0.0","4.3","24.0","27.2","2294","876","30.0","15.3","66.3","15.7","0.0","1.2","2.8","3.6","0.0","1.2","0.0","1.2","0.9","1.4","0.4","0.9","29.6","14.9","26750","7093","29717","8838","30457","9060","N","N","70","42","14795","2554","10188","734","(X)","(X)","-","**","13590","7189","11061","8742","26341","11331","N","N","N","N","N","N","N","N","N","N","N","N","14347","2883","19374","7065","12506","4363","-","**","N","N","-","**","-","**","N","N","N","N","19419","7191",
"1400000US26163565302","Census Tract 5653.02, Wayne County, Michigan","2004","555","1364","193","1291","191","145","81","349","145","398","148","32","33","464","529","16","24","599","537","76","60","897","157","79","76","386","187","166","69","169","86","78","78","19","29","4328","784","2368","538","1557","753","0","11","344","181","0","11","0","11","59","67","76","101","2292","531","2004","555","68.1","19.6","64.4","19.0","7.2","4.3","17.4","9.0","19.9","8.9","1.6","1.7","23.2","21.0","0.8","1.3","29.9","19.6","3.8","3.2","897","157","8.8","8.7","43.0","17.4","18.5","8.7","18.8","9.4","8.7","8.2","2.1","3.4","4328","784","54.7","11.8","36.0","13.0","0.0","0.6","7.9","4.7","0.0","0.6","0.0","0.6","1.4","1.6","1.8","2.3","53.0","11.7","53343","13419","66748","11091","67709","11745","25050","13335","457","999","16944","2172","9444","108","(X)","(X)","N","N","13658","2795","6138","5050","77105","13959","N","N","N","N","N","N","N","N","N","N","N","N","25431","4549","20007","4469","26482","8642","-","**","54465","19355","-","**","-","**","N","N","42332","11707","19267","4478",
"1400000US26163565600","Census Tract 5656, Wayne County, Michigan","728","79","585","87","547","88","59","34","127","41","211","35","9","10","70","62","0","11","169","52","112","78","554","90","87","35","148","72","152","48","96","35","33","22","38","23","2117","468","2029","474","22","26","0","11","13","13","0","11","0","11","53","55","41","47","2016","475","728","79","80.4","5.6","75.1","6.4","8.1","4.7","17.4","5.1","29.0","5.2","1.2","1.3","9.6","7.8","0.0","3.7","23.2","7.5","15.4","9.4","554","90","15.7","6.3","26.7","10.7","27.4","7.8","17.3","6.2","6.0","3.9","6.9","4.0","2117","468","95.8","3.1","1.0","1.3","0.0","1.3","0.6","0.7","0.0","1.3","0.0","1.3","2.5","2.6","1.9","2.2","95.2","3.3","93560","13360","97540","17464","99782","18542","42042","21584","4141","2376","25793","3477","N","N","(X)","(X)","-","**","21095","3923","13210","7646","98560","15777","46852","10284","113889","46245","115305","28196","84925","9412","114564","15575","110811","23292","32789","6845","32441","6833","37659","27404","-","**","115231","94659","-","**","-","**","23860","8764","31188","23798","32289","6844",
"1400000US26163565700","Census Tract 5657, Wayne County, Michigan","1210","158","974","149","964","150","101","77","340","118","308","97","37","32","82","78","59","72","381","115","175","124","832","161","151","98","203","64","253","123","124","50","89","44","12","15","3211","618","2494","552","364","84","0","11","301","257","0","11","18","20","34","38","103","91","2443","555","1210","158","80.5","7.8","79.7","8.0","8.3","6.1","28.1","9.3","25.5","6.9","3.1","2.7","6.8","6.3","4.9","5.9","31.5","8.4","14.5","9.2","832","161","18.1","10.6","24.4","8.0","30.4","11.7","14.9","5.9","10.7","5.7","1.4","1.9","3211","618","77.7","7.7","11.3","3.2","0.0","0.9","9.4","7.4","0.0","0.9","0.6","0.6","1.1","1.2","3.2","2.8","76.1","8.3","82998","8232","81539","11105","80876","11544","14402","6595","2715","1831","25316","5123","8059","1109","(X)","(X)","N","N","25797","5534","9347","2142","92604","12117","N","N","N","N","N","N","N","N","N","N","N","N","31436","5041","32741","6226","36670","13812","-","**","10970","5892","-","**","N","N","N","N","27095","27147","33361","6594",
"1400000US26163565800","Census Tract 5658, Wayne County, Michigan","1512","139","1048","123","1026","125","89","56","213","88","629","111","88","46","216","94","26","26","424","92","212","78","737","103","94","48","229","64","209","71","106","68","79","53","20","19","3347","366","2878","351","379","237","0","11","27","33","0","11","30","41","33","30","226","168","2780","370","1512","139","69.3","5.4","67.9","5.5","5.9","3.8","14.1","5.6","41.6","6.6","5.8","3.0","14.3","6.0","1.7","1.7","28.0","5.5","14.0","5.1","737","103","12.8","6.3","31.1","8.8","28.4","8.4","14.4","8.5","10.7","7.3","2.7","2.5","3347","366","86.0","6.8","11.3","6.8","0.0","0.8","0.8","1.0","0.0","0.8","0.9","1.2","1.0","0.9","6.8","4.9","83.1","7.3","58719","6736","64700","8282","64300","8420","20599","10561","5855","3858","16919","2285","14305","5753","(X)","(X)","2127","2322","14685","3897","7307","3729","78371","10153","50714","15115","49123","11952","100839","18363","90337","30393","113059","9855","108010","12344","27373","2638","27094","2827","29189","10597","-","**","13252","6383","-","**","15997","5516","52703","20115","13917","8267","27816","2790",
"1400000US26163565900","Census Tract 5659, Wayne County, Michigan","1043","117","733","94","733","94","22","22","189","89","383","122","0","11","49","39","0","11","332","112","112","70","607","119","141","92","139","65","134","60","96","54","71","51","26","43","2437","340","2025","336","281","187","0","11","112","138","0","11","0","11","19","28","58","54","1967","340","1043","117","70.3","9.1","70.3","9.1","2.1","2.1","18.1","7.4","36.7","9.8","0.0","2.6","4.7","3.7","0.0","2.6","31.8","8.5","10.7","6.6","607","119","23.2","12.1","22.9","10.6","22.1","10.2","15.8","8.8","11.7","8.4","4.3","6.9","2437","340","83.1","9.0","11.5","7.4","0.0","1.1","4.6","5.6","0.0","1.1","0.0","1.1","0.8","1.1","2.4","2.3","80.7","9.2","74640","8148","76797","10120","75937","10283","28636","14977","4970","2872","27098","4969","-","**","(X)","(X)","-","**","25127","6376","16945","10289","83217","10245","N","N","N","N","N","N","N","N","N","N","N","N","32555","3564","33990","4224","20477","7278","-","**","36294","7147","-","**","-","**","36247","4540","20303","19045","34394","4412",
"1400000US26163566400","Census Tract 5664, Wayne County, Michigan","427","79","367","78","367","78","30","25","66","30","127","56","56","39","84","44","32","30","104","49","31","19","208","60","30","23","108","45","14","16","29","24","27","30","0","11","1001","190","589","165","400","138","9","14","0","11","0","11","0","11","3","7","88","80","542","176","427","79","85.9","7.8","85.9","7.8","7.0","5.7","15.5","7.1","29.7","11.5","13.1","8.9","19.7","9.8","7.5","6.8","24.4","10.7","7.3","4.5","208","60","14.4","9.6","51.9","17.3","6.7","7.3","13.9","11.9","13.0","13.2","0.0","12.4","1001","190","58.8","11.7","40.0","11.7","0.9","1.4","0.0","2.7","0.0","2.7","0.0","2.7","0.3","0.7","8.8","8.3","54.1","12.6","60674","9897","53523","11014","50555","10160","36313","17965","4079","2994","19539","4012","14089","5406","(X)","(X)","4369","2316","23348","8163","5068","4407","56214","11147","N","N","N","N","N","N","N","N","N","N","N","N","27078","4932","33395","7648","17864","3318","N","N","-","**","-","**","-","**","N","N","28501","7103","34513","8494",
"1400000US26163566500","Census Tract 5665, Wayne County, Michigan","1158","268","641","119","587","119","88","46","119","75","573","276","178","75","366","92","92","63","303","265","128","74","539","116","88","59","253","93","107","70","29","22","48","34","14","16","2301","314","1627","247","427","150","0","11","47","42","0","11","0","11","200","267","17","21","1610","249","1158","268","55.4","15.9","50.7","14.4","7.6","4.8","10.3","6.5","49.5","14.5","15.4","7.5","31.6","10.9","7.9","5.8","26.2","18.0","11.1","6.6","539","116","16.3","10.6","46.9","14.5","19.9","11.6","5.4","4.1","8.9","6.3","2.6","3.1","2301","314","70.7","10.2","18.6","6.7","0.0","1.2","2.0","1.9","0.0","1.2","0.0","1.2","8.7","10.9","0.7","0.9","70.0","10.2","47295","7808","55413","10535","56829","10316","24552","18412","8831","10121","16236","3031","10426","2550","(X)","(X)","816","538","19098","5109","9189","3883","65445","13632","N","N","N","N","N","N","N","N","N","N","N","N","24435","3874","27144","4491","12723","5611","-","**","7232","3252","-","**","-","**","N","N","56212","9914","26837","4489",
"1400000US26163566600","Census Tract 5666, Wayne County, Michigan","846","115","543","82","528","81","52","33","222","65","414","107","6","7","55","38","15","17","319","88","44","26","526","85","81","34","220","78","136","41","52","26","34","24","3","6","1884","232","1364","188","397","155","87","75","0","11","0","11","0","11","36","37","135","83","1276","189","846","115","64.2","8.5","62.4","8.3","6.1","3.9","26.2","7.8","48.9","7.7","0.7","0.9","6.5","4.6","1.8","2.0","37.7","8.4","5.2","3.1","526","85","15.4","6.1","41.8","10.0","25.9","8.1","9.9","5.1","6.5","4.7","0.6","1.1","1884","232","72.4","7.6","21.1","7.2","4.6","3.9","0.0","1.4","0.0","1.4","0.0","1.4","1.9","2.0","7.2","4.2","67.7","8.7","83408","10441","91345","13781","88392","13015","56335","26381","12517","10235","24489","2660","N","N","(X)","(X)","920","790","23352","5654","11811","12080","101182","13230","N","N","N","N","N","N","N","N","N","N","N","N","37658","3779","40955","5070","29503","4840","N","N","-","**","-","**","-","**","N","N","13473","10479","42883","5822",
"1400000US26163566700","Census Tract 5667, Wayne County, Michigan","1409","129","1176","140","1143","152","91","53","163","68","385","78","122","59","277","98","20","23","243","73","135","64","971","117","111","65","352","115","189","82","154","79","97","46","68","75","4077","417","3412","440","141","101","0","11","0","11","0","11","88","129","436","260","158","138","3367","443","1409","129","83.5","5.0","81.1","5.9","6.5","3.9","11.6","4.9","27.3","5.5","8.7","4.1","19.7","7.4","1.4","1.6","17.2","5.5","9.6","4.6","971","117","11.4","6.8","36.3","10.8","19.5","8.1","15.9","8.3","10.0","4.7","7.0","7.4","4077","417","83.7","4.4","3.5","2.5","0.0","0.7","0.0","0.7","0.0","0.7","2.2","3.1","10.7","6.5","3.9","3.4","82.6","4.5","62963","14090","64075","16696","65265","17118","8292","5659","3943","3137","18591","1819","10405","3513","(X)","(X)","N","N","14095","4066","6043","2150","67544","19024","23643","11525","37014","8373","135903","86981","51342","8912","115400","36310","75681","17705","22597","4591","24101","5430","35652","17986","-","**","-","**","-","**","N","N","9678","4909","12834","4778","24219","5497",
"1400000US26163566800","Census Tract 5668, Wayne County, Michigan","1087","156","873","158","861","162","94","52","89","49","343","76","92","54","183","60","12","18","266","107","131","67","680","103","87","45","221","76","173","87","100","47","62","43","37","38","2612","294","1632","307","877","356","43","65","0","11","0","11","26","39","34","37","159","115","1533","304","1087","156","80.3","7.0","79.2","7.6","8.6","4.9","8.2","4.6","31.6","7.2","8.5","5.1","16.8","6.4","1.1","1.7","24.5","8.2","12.1","6.3","680","103","12.8","6.4","32.5","11.0","25.4","10.7","14.7","6.7","9.1","6.2","5.4","5.7","2612","294","62.5","11.8","33.6","11.9","1.6","2.5","0.0","1.0","0.0","1.0","1.0","1.5","1.3","1.4","6.1","4.6","58.7","11.1","60228","6513","58036","7854","57730","8185","10211","9040","8028","6035","20461","2326","9122","1131","(X)","(X)","N","N","21664","5503","3466","1456","64233","8163","N","N","N","N","N","N","N","N","N","N","N","N","26304","3365","30072","5249","20963","7230","N","N","-","**","-","**","N","N","N","N","26250","14366","30714","5570",
"1400000US26163566900","Census Tract 5669, Wayne County, Michigan","1855","190","1523","177","1492","177","208","142","150","63","595","144","189","70","367","126","40","32","477","133","452","202","1377","186","189","89","571","147","325","164","139","85","78","51","75","55","5019","468","3350","447","1425","365","0","15","29","44","0","15","16","17","199","180","65","46","3328","446","1855","190","82.1","5.4","80.4","5.4","11.2","7.2","8.1","3.3","32.1","7.3","10.2","3.9","19.8","6.9","2.2","1.7","25.7","6.8","24.4","9.5","1377","186","13.7","6.1","41.5","10.2","23.6","9.9","10.1","6.4","5.7","3.8","5.4","4.0","5019","468","66.7","7.1","28.4","6.7","0.0","0.5","0.6","0.9","0.0","0.5","0.3","0.3","4.0","3.5","1.3","0.9","66.3","7.1","62377","11269","60984","13333","59969","14298","16371","10322","2231","1667","19673","2398","9748","2472","(X)","(X)","3050","2206","13455","3880","5327","1721","66621","14945","31189","8427","66206","31609","59399","17366","93318","30574","106601","24477","99312","13554","24060","4615","28672","6476","16305","3841","-","**","14128","4357","-","**","N","N","3360","4555","40732","13200","28601","6498",
"1400000US26163567000","Census Tract 5670, Wayne County, Michigan","1273","209","1003","203","981","209","169","159","100","47","407","89","126","68","378","133","5","10","299","93","144","77","890","188","103","59","374","109","65","50","133","73","168","158","47","44","4103","935","1119","240","2671","841","121","119","0","11","0","11","0","11","192","147","376","284","936","251","1273","209","78.8","6.2","77.1","7.0","13.3","11.1","7.9","3.8","32.0","7.1","9.9","5.4","29.7","11.1","0.4","0.8","23.5","7.8","11.3","5.9","890","188","11.6","6.7","42.0","12.2","7.3","6.2","14.9","8.9","18.9","15.1","5.3","5.0","4103","935","27.3","6.4","65.1","7.4","2.9","2.9","0.0","0.7","0.0","0.7","0.0","0.7","4.7","3.9","9.2","7.0","22.8","6.7","72607","25607","74987","32209","74867","32721","10459","9963","5853","7688","18296","2565","16806","5713","(X)","(X)","N","N","19367","8698","8863","5395","63542","9544","47858","28035","49225","11313","75748","19957","66111","18914","85967","34201","107532","71216","24050","9299","19335","2661","27407","14499","6045","2219","-","**","-","**","-","**","16173","10659","9411","2870","21178","2782",
"1400000US26163567100","Census Tract 5671, Wayne County, Michigan","1451","211","1115","213","1104","212","88","49","128","56","466","184","104","63","217","85","57","46","353","172","211","175","762","97","97","52","281","110","172","60","93","45","92","45","27","29","3185","327","2640","329","371","119","9","14","0","11","0","11","53","62","112","113","145","130","2535","308","1451","211","76.8","6.1","76.1","6.1","6.1","3.4","8.8","3.8","32.1","9.7","7.2","4.4","15.0","6.0","3.9","3.2","24.3","9.7","14.5","10.7","762","97","12.7","6.5","36.9","11.3","22.6","8.4","12.2","6.0","12.1","6.2","3.5","3.8","3185","327","82.9","5.8","11.6","3.7","0.3","0.4","0.0","0.9","0.0","0.9","1.7","2.0","3.5","3.4","4.6","3.9","79.6","6.6","57353","6437","59503","8134","58724","7992","17206","8966","5004","3252","18082","2148","7786","2692","(X)","(X)","2988","1636","12607","6627","11262","5059","65663","8202","39675","18870","40762","6971","91719","17977","63647","17503","120116","25732","73593","11931","26775","3878","27027","4054","34923","8388","N","N","-","**","-","**","7532","1524","N","N","10164","6303","27791","4150",
"1400000US26163567201","Census Tract 5672.01, Wayne County, Michigan","1426","178","1024","168","1006","171","87","54","243","101","503","106","78","38","151","103","53","74","343","72","180","70","991","184","157","55","229","72","323","149","65","43","137","91","80","49","3707","571","3414","542","26","19","11","17","21","25","0","11","0","11","235","169","137","168","3277","544","1426","178","71.8","6.5","70.5","6.8","6.1","3.8","17.0","6.6","35.3","7.2","5.5","2.7","10.6","6.8","3.7","5.0","24.1","5.4","12.6","5.2","991","184","15.8","5.7","23.1","7.2","32.6","11.1","6.6","4.1","13.8","8.9","8.1","5.2","3707","571","92.1","4.6","0.7","0.5","0.3","0.5","0.6","0.7","0.0","0.7","0.0","0.7","6.3","4.3","3.7","4.5","88.4","5.8","76569","8933","85194","10422","85854","10599","9998","7421","6652","5076","21491","3141","14278","4477","(X)","(X)","N","N","16568","3732","14890","8772","86134","10568","51102","12517","49102","12302","105413","18248","72122","11021","148429","17828","87759","49943","28556","2555","29000","2733","46850","15660","-","**","N","N","-","**","-","**","20502","10445","13719","5077","29639","2888",
"1400000US26163567202","Census Tract 5672.02, Wayne County, Michigan","1214","200","1056","202","1034","198","108","80","202","62","353","164","51","49","110","65","33","33","338","158","118","63","701","197","51","30","256","170","147","48","158","103","72","50","17","20","2559","399","1696","250","569","220","0","11","54","67","0","11","0","11","240","264","0","11","1696","250","1214","200","87.0","4.9","85.2","4.9","8.9","6.6","16.6","5.6","29.1","10.1","4.2","3.9","9.1","5.1","2.7","2.7","27.8","9.8","9.7","5.5","701","197","7.3","4.9","36.5","17.0","21.0","8.9","22.5","13.1","10.3","7.1","2.4","3.2","2559","399","66.3","9.8","22.2","7.8","0.0","1.1","2.1","2.6","0.0","1.1","0.0","1.1","9.4","9.4","0.0","1.1","66.3","9.8","69708","8576","61211","10327","61855","10461","6301","12953","4702","1788","24669","5147","8575","1115","(X)","(X)","6970","7645","26673","4649","5478","3462","84924","10609","N","N","N","N","N","N","N","N","N","N","N","N","32735","4100","34423","5298","26572","8600","-","**","N","N","-","**","-","**","39011","21867","-","**","34423","5298",
"1400000US26163567300","Census Tract 5673, Wayne County, Michigan","1872","204","1525","215","1512","215","105","52","241","79","515","111","49","34","183","87","30","27","493","124","191","69","1216","216","123","62","466","210","267","89","257","88","97","61","6","9","4543","679","3950","670","243","106","0","11","203","194","0","11","31","37","116","94","172","102","3837","674","1872","204","81.5","5.4","80.8","5.4","5.6","2.8","12.9","4.3","27.5","5.6","2.6","1.8","9.8","4.8","1.6","1.5","26.3","6.3","10.2","3.7","1216","216","10.1","5.1","38.3","11.9","22.0","8.3","21.1","7.6","8.0","5.0","0.5","0.7","4543","679","86.9","5.3","5.3","2.5","0.0","0.6","4.5","4.3","0.0","0.6","0.7","0.8","2.6","2.0","3.8","2.2","84.5","5.6","82677","15356","83543","18409","82751","18657","21751","12643","14966","21323","19771","3372","10792","4105","(X)","(X)","2847","1166","20072","3724","16073","5972","91175","12231","N","N","N","N","N","N","N","N","N","N","N","N","34929","5952","36567","6645","24409","12378","-","**","21294","11319","-","**","N","N","16438","8685","19334","12016","36942","6813",
"1400000US26163567400","Census Tract 5674, Wayne County, Michigan","1304","190","793","110","769","109","79","43","424","175","841","189","89","41","39","30","23","23","576","176","178","149","673","177","187","157","205","77","121","42","72","75","55","31","33","22","2614","420","2402","429","101","73","0","11","50","69","0","11","7","11","54","44","83","57","2350","431","1304","190","60.8","9.3","59.0","9.0","6.1","3.3","32.5","10.0","64.5","7.4","6.8","3.4","3.0","2.3","1.8","1.8","44.2","8.9","13.7","10.0","673","177","27.8","18.1","30.5","13.4","18.0","7.2","10.7","10.5","8.2","4.8","4.9","3.8","2614","420","91.9","4.4","3.9","2.9","0.0","1.0","1.9","2.6","0.0","1.0","0.3","0.4","2.1","1.7","3.2","2.3","89.9","4.8","68533","6488","66039","9211","65785","9027","22527","15222","5102","2918","23366","5300","11136","4323","(X)","(X)","3904","3338","19412","5048","16418","17790","92689","10368","N","N","N","N","N","N","N","N","N","N","N","N","34953","2955","35253","3153","35934","14340","-","**","38498","22684","-","**","N","N","14078","12513","56889","20756","34876","3274",
"1400000US26163567800","Census Tract 5678, Wayne County, Michigan","2013","181","1487","201","1471","199","82","66","408","130","778","135","87","72","315","119","32","39","330","104","150","82","982","190","150","90","309","171","264","89","128","78","101","66","30","31","4448","843","3147","287","935","809","0","11","162","185","0","11","99","84","105","123","214","121","3067","294","2013","181","73.9","6.8","73.1","6.7","4.1","3.2","20.3","6.2","38.6","6.4","4.3","3.6","15.6","5.7","1.6","1.9","16.4","5.2","7.5","4.1","982","190","15.3","8.9","31.5","13.2","26.9","10.0","13.0","8.1","10.3","7.0","3.1","3.1","4448","843","70.8","13.9","21.0","14.8","0.0","0.6","3.6","4.1","0.0","0.6","2.2","1.9","2.4","2.8","4.8","2.7","69.0","13.7","56509","7752","52610","7629","51772","7673","25291","16132","29994","32883","18547","2439","12032","2964","(X)","(X)","N","N","19564","5019","7781","4431","77953","18427","N","N","N","N","N","N","N","N","N","N","N","N","26482","5730","29025","2730","19785","28786","-","**","38609","20141","-","**","9068","4711","7611","924","12096","7489","29329","2641",
"1400000US26163567900","Census Tract 5679, Wayne County, Michigan","1360","260","1124","260","1124","260","63","42","179","64","581","245","94","99","93","51","12","18","330","85","150","57","929","261","104","58","294","120","191","84","58","35","254","231","28","35","3271","616","2676","522","288","213","0","11","178","224","0","11","13","16","116","159","129","81","2556","531","1360","260","82.6","6.0","82.6","6.0","4.6","3.2","13.2","5.3","42.7","12.1","6.9","7.0","6.8","4.0","0.9","1.4","24.3","7.4","11.0","4.3","929","261","11.2","6.6","31.6","12.7","20.6","11.0","6.2","3.9","27.3","19.5","3.0","4.1","3271","616","81.8","10.0","8.8","6.5","0.0","0.8","5.4","6.6","0.0","0.8","0.4","0.5","3.5","4.7","3.9","2.8","78.1","9.5","81281","14650","73037","10505","71899","10721","20313","13843","2625","1176","21249","2754","7834","3335","(X)","(X)","N","N","40188","37159","10787","7196","97540","17835","N","N","N","N","N","N","N","N","N","N","N","N","30231","5275","29589","5749","32578","10059","-","**","N","N","-","**","N","N","-","**","20293","15122","30003","6173",
"1400000US26163568000","Census Tract 5680, Wayne County, Michigan","875","75","464","59","464","59","14","14","152","55","465","78","58","42","132","57","21","20","252","71","72","40","394","62","83","37","137","61","87","55","14","17","63","34","10","16","1809","174","1459","209","182","83","0","11","9","14","0","11","14","21","145","120","32","28","1443","214","875","75","53.0","6.1","53.0","6.1","1.6","1.7","17.4","6.2","53.1","7.2","6.6","4.7","15.1","6.5","2.4","2.3","28.8","7.3","8.2","4.5","394","62","21.1","8.9","34.8","13.4","22.1","12.8","3.6","4.5","16.0","9.2","2.5","4.0","1809","174","80.7","7.7","10.1","4.6","0.0","1.5","0.5","0.8","0.0","1.5","0.8","1.1","8.0","6.6","1.8","1.5","79.8","7.8","58836","7709","76589","13957","76519","13958","N","N","8399","5443","18882","1760","9495","4809","(X)","(X)","3329","3440","13591","3684","25585","16716","94225","15065","N","N","N","N","N","N","N","N","N","N","N","N","28725","4529","29679","5687","24950","9204","-","**","N","N","-","**","-","**","23159","5578","12488","11928","29800","5769",
"1400000US26163568200","Census Tract 5682, Wayne County, Michigan","1594","216","1070","123","1059","123","106","50","354","188","695","179","102","58","204","86","28","24","418","99","143","87","1084","174","303","175","244","79","329","104","136","62","72","35","0","11","3866","446","3072","488","523","259","22","28","123","86","0","11","0","11","126","115","144","69","2949","483","1594","216","67.1","8.4","66.4","8.3","6.6","3.2","22.2","10.1","43.6","7.6","6.4","3.6","12.8","5.1","1.8","1.6","26.2","6.2","9.0","5.2","1084","174","28.0","12.9","22.5","8.1","30.4","9.5","12.5","6.0","6.6","3.5","0.0","2.5","3866","446","79.5","7.2","13.5","6.8","0.6","0.7","3.2","2.2","0.0","0.7","0.0","0.7","3.3","2.9","3.7","1.8","76.3","7.2","85176","17667","81470","10569","78773","10539","35399","15867","53995","78532","25067","3395","8264","2142","(X)","(X)","2054","642","25139","4721","4564","3261","103458","24612","106704","88251","73266","14307","120322","20028","96214","30293","128744","27439","-","**","35411","7450","31677","3942","29690","6951","N","N","50013","23324","-","**","-","**","138874","206137","39371","23361","31214","3959",
"1400000US26163568300","Census Tract 5683, Wayne County, Michigan","1704","176","1373","176","1373","176","103","78","202","59","553","154","201","106","355","136","24","27","314","84","273","121","955","137","74","41","360","115","164","74","157","84","157","75","43","49","3982","506","2800","229","703","360","140","145","81","107","7","11","22","29","229","127","171","130","2690","215","1704","176","80.6","4.7","80.6","4.7","6.0","4.7","11.9","3.5","32.5","8.3","11.8","5.8","20.8","7.2","1.4","1.6","18.4","5.0","16.0","6.4","955","137","7.7","4.3","37.7","9.6","17.2","7.8","16.4","8.2","16.4","7.7","4.5","5.1","3982","506","70.3","8.7","17.7","7.6","3.5","3.5","2.0","2.6","0.2","0.3","0.6","0.7","5.8","2.8","4.3","3.2","67.6","8.5","60278","5301","61378","6003","60588","6219","10530","9765","5100","3948","15148","2883","9443","2651","(X)","(X)","N","N","14283","3168","8712","3579","68665","6846","N","N","N","N","N","N","N","N","N","N","N","N","27856","3321","27965","2725","33026","12305","N","N","27023","4407","-","**","N","N","16853","10995","24039","15679","27693","2737",
"1400000US26163568400","Census Tract 5684, Wayne County, Michigan","1378","107","1035","130","1006","138","69","44","243","90","482","91","103","52","260","93","66","59","362","86","149","100","940","123","171","62","292","124","284","68","69","45","94","53","30","32","4052","639","3065","546","579","258","0","11","57","65","0","11","37","62","314","285","308","209","2894","553","1378","107","75.1","6.5","73.0","7.5","5.0","3.2","17.6","6.5","35.0","6.6","7.5","3.8","18.9","6.7","4.8","4.3","26.3","6.1","10.8","6.7","940","123","18.2","6.6","31.1","10.7","30.2","7.6","7.3","4.8","10.0","5.8","3.2","3.4","4052","639","75.6","8.1","14.3","6.4","0.0","0.7","1.4","1.6","0.0","0.7","0.9","1.6","7.7","6.5","7.6","5.1","71.4","7.8","69276","8325","71288","9071","72163","9108","17197","7830","8556","10264","21296","2268","13962","2672","(X)","(X)","6294","2364","15753","4649","11944","8518","75484","8849","N","N","N","N","N","N","N","N","N","N","N","N","25397","3463","25954","4606","16822","3566","-","**","40918","54071","-","**","N","N","34190","17301","17055","8587","26217","4986",
"1400000US26163568500","Census Tract 5685, Wayne County, Michigan","1578","217","1248","221","1206","222","132","100","51","36","400","91","212","119","534","152","127","96","181","68","143","65","911","222","72","53","543","197","123","62","140","79","33","43","0","11","3829","721","2646","521","606","231","23","35","15","24","0","11","325","465","214","92","428","479","2563","541","1578","217","79.1","6.7","76.4","7.1","8.4","6.0","3.2","2.3","25.3","6.0","13.4","7.0","33.8","8.5","8.0","5.6","11.5","4.4","9.1","4.2","911","222","7.9","5.8","59.6","11.9","13.5","7.0","15.4","8.5","3.6","4.6","0.0","3.0","3829","721","69.1","10.0","15.8","6.7","0.6","0.9","0.4","0.6","0.0","0.7","8.5","11.0","5.6","2.4","11.2","11.2","66.9","10.5","44400","9492","45862","10980","46182","11684","11669","5477","1475","839","15140","1968","9535","2155","(X)","(X)","2154","1150","19980","6432","5485","2773","45338","7857","N","N","N","N","N","N","N","N","N","N","N","N","18913","4418","17810","2686","29996","20382","N","N","N","N","-","**","7168","8674","18289","7946","7937","6729","17970","2896",
"1400000US26163568700","Census Tract 5687, Wayne County, Michigan","1332","267","1147","284","1136","285","101","74","139","61","356","122","36","31","240","264","0","11","267","82","271","261","1099","275","107","46","368","267","417","135","120","79","63","60","24","36","3703","829","2099","203","973","288","0","11","63","73","0","11","6","10","562","818","84","69","2036","213","1332","267","86.1","5.2","85.3","5.5","7.6","5.7","10.4","4.8","26.7","11.0","2.7","2.4","18.0","16.8","0.0","2.0","20.0","8.1","20.3","15.9","1099","275","9.7","5.3","33.5","18.2","37.9","12.7","10.9","7.6","5.7","5.7","2.2","3.4","3703","829","56.7","13.3","26.3","9.5","0.0","0.7","1.7","2.0","0.0","0.7","0.2","0.3","15.2","19.2","2.3","2.0","55.0","13.0","68911","15486","67793","19935","67538","20232","10259","6507","3581","2483","20098","3666","15983","6607","(X)","(X)","-","**","12031","2064","9556","2747","68876","18916","N","N","N","N","N","N","N","N","N","N","N","N","25141","5974","27980","6927","31000","13237","-","**","16325","1905","-","**","N","N","5449","2358","19170","10482","28111","7077",
"1400000US26163568800","Census Tract 5688, Wayne County, Michigan","1752","212","1266","229","1266","229","121","185","137","73","591","128","87","55","406","205","18","21","195","92","152","72","648","196","68","42","238","92","253","199","81","70","8","13","0","11","3100","582","1080","252","1217","308","100","136","241","149","0","11","59","53","403","555","135","99","991","253","1752","212","72.3","7.2","72.3","7.2","6.9","9.9","7.8","4.0","33.7","8.0","5.0","3.2","23.2","9.6","1.0","1.2","11.1","5.3","8.7","4.2","648","196","10.5","7.1","36.7","17.5","39.0","22.7","12.5","10.3","1.2","2.1","0.0","4.2","3100","582","34.8","9.8","39.3","11.8","3.2","4.3","7.8","4.9","0.0","0.9","1.9","1.8","13.0","15.9","4.4","3.2","32.0","9.9","51731","11031","48288","6423","47325","5490","N","N","103545","105194","15616","2477","7052","3979","(X)","(X)","N","N","17704","5658","12903","5677","58179","9313","N","N","N","N","N","N","N","N","N","N","N","N","29948","6631","34683","13797","20276","3916","21331","6670","38186","13892","-","**","18829","2145","45311","38501","19890","10931","35963","14890",
"1400000US26163568900","Census Tract 5689, Wayne County, Michigan","1306","187","748","101","723","98","108","55","316","71","575","119","102","52","115","57","38","37","371","91","111","57","598","155","136","137","188","64","160","53","69","47","23","24","22","24","2842","364","2372","398","127","58","0","11","129","118","0","11","21","23","193","155","131","84","2262","381","1306","187","57.3","8.4","55.4","8.2","8.3","4.3","24.2","6.4","44.0","7.5","7.8","4.2","8.8","4.6","2.9","2.9","28.4","7.4","8.5","4.5","598","155","22.7","18.3","31.4","12.1","26.8","10.5","11.5","8.0","3.8","3.9","3.7","4.1","2842","364","83.5","6.5","4.5","2.0","0.0","1.0","4.5","4.2","0.0","1.0","0.7","0.8","6.8","5.6","4.6","2.9","79.6","6.4","53342","8543","67237","9981","66267","10336","22058","19146","2014","1090","19574","2951","10860","2811","(X)","(X)","813","432","15708","2925","4621","2814","63702","17198","N","N","N","N","N","N","N","N","N","N","N","N","25953","3783","25717","4074","20486","6056","-","**","57063","15770","-","**","N","N","10689","3700","16353","13041","26344","4428",
"1400000US26163569100","Census Tract 5691, Wayne County, Michigan","952","93","771","101","750","103","77","39","217","52","281","56","68","30","56","38","15","19","205","49","122","67","624","93","106","51","166","50","178","74","24","27","137","46","13","22","2496","330","2279","327","6","9","0","11","91","137","0","11","38","45","82","46","88","52","2229","325","952","93","81.0","5.7","78.8","5.8","8.1","4.1","22.8","5.8","29.5","6.0","7.1","3.0","5.9","3.8","1.6","2.0","21.5","5.0","12.8","6.4","624","93","17.0","7.7","26.6","7.6","28.5","10.2","3.8","4.3","22.0","7.7","2.1","3.5","2496","330","91.3","5.2","0.2","0.4","0.0","1.1","3.6","5.4","0.0","1.1","1.5","1.8","3.3","1.9","3.5","2.0","89.3","5.2","78118","8889","73146","8755","73202","8843","19404","8624","22969","23491","21470","2652","12744","2940","(X)","(X)","N","N","23846","4376","9804","4661","81591","10887","N","N","N","N","N","N","N","N","N","N","N","N","30135","3713","29880","4145","N","N","-","**","44368","4842","-","**","11603","4124","28796","9633","13316","5271","30223","4251",
"1400000US26163569200","Census Tract 5692, Wayne County, Michigan","1112","147","824","147","792","140","86","51","100","51","326","65","84","46","304","90","77","49","176","52","119","69","581","117","45","32","175","64","234","125","72","44","33","30","22","25","2494","371","2250","321","178","117","2","4","0","11","0","11","0","11","64","100","183","159","2131","329","1112","147","74.1","6.6","71.2","6.6","7.7","4.6","9.0","4.6","29.3","6.5","7.6","4.1","27.3","8.0","6.9","4.5","15.8","4.9","10.7","6.1","581","117","7.7","5.6","30.1","11.4","40.3","15.5","12.4","8.0","5.7","5.1","3.8","4.3","2494","371","90.2","5.7","7.1","4.9","0.1","0.2","0.0","1.1","0.0","1.1","0.0","1.1","2.6","3.7","7.3","5.8","85.4","7.1","51863","6238","57522","7603","56082","7684","34662","27579","1274","1093","17683","3440","7294","1235","(X)","(X)","897","561","16935","4671","6042","4193","62661","10096","N","N","N","N","N","N","N","N","N","N","N","N","23937","3237","23974","3599","21356","8447","N","N","-","**","-","**","-","**","N","N","16501","10674","24761","4361",
"1400000US26163569300","Census Tract 5693, Wayne County, Michigan","1521","132","1151","132","1102","135","145","86","285","94","558","128","94","55","198","91","53","45","421","114","149","93","809","106","156","63","237","93","176","88","86","46","123","77","31","42","3323","259","3092","264","37","34","12","22","12","18","0","11","13","21","157","80","134","80","2973","269","1521","132","75.7","7.1","72.5","6.6","9.5","5.8","18.7","6.3","36.7","7.0","6.2","3.7","13.0","5.7","3.5","2.9","27.7","6.8","9.8","6.0","809","106","19.3","6.7","29.3","10.2","21.8","10.3","10.6","5.7","15.2","9.3","3.8","5.4","3323","259","93.0","3.0","1.1","1.0","0.4","0.6","0.4","0.6","0.0","0.8","0.4","0.6","4.7","2.4","4.0","2.4","89.5","3.2","69685","7463","69246","9583","70073","9862","17116","8479","9203","5607","20145","2833","9636","4283","(X)","(X)","4811","4972","24259","5909","7050","3679","86897","12536","N","N","N","N","N","N","N","N","N","N","N","N","32475","3646","32271","3560","27722","17491","-","**","N","N","-","**","N","N","25445","11273","25627","10349","32622","3713",
"1400000US26163569400","Census Tract 5694, Wayne County, Michigan","1243","160","945","167","926","172","55","43","266","114","373","98","158","99","71","40","0","11","258","85","95","52","841","152","135","84","352","158","258","72","20","23","68","37","8","13","2864","462","2625","458","144","91","0","11","84","81","0","11","0","11","11","15","34","32","2602","459","1243","160","76.0","8.3","74.5","8.8","4.4","3.6","21.4","8.4","30.0","7.7","12.7","7.5","5.7","3.3","0.0","2.2","20.8","7.4","7.6","4.4","841","152","16.1","10.1","41.9","13.6","30.7","9.4","2.4","2.8","8.1","4.9","1.0","1.6","2864","462","91.7","4.2","5.0","3.2","0.0","1.0","2.9","2.8","0.0","1.0","0.0","1.0","0.4","0.5","1.2","1.2","90.9","4.5","61795","6571","62810","7288","63135","7434","16222","11648","11057","7932","19491","4247","13411","3712","(X)","(X)","-","**","14331","3339","15044","10897","73647","8726","N","N","N","N","N","N","N","N","N","N","N","N","26797","3204","26392","3410","29992","9466","-","**","37149","18957","-","**","-","**","N","N","25950","19972","26297","3433",
"1400000US26163569500","Census Tract 5695, Wayne County, Michigan","1144","221","898","228","898","228","46","28","141","55","361","76","65","47","68","41","13","23","282","68","112","71","708","193","102","48","268","193","154","61","87","60","66","48","31","40","2595","438","2270","269","10","13","0","11","0","11","0","11","0","11","315","358","221","296","2245","271","1144","221","78.5","6.6","78.5","6.6","4.0","2.5","12.3","5.4","31.6","8.4","5.7","4.2","5.9","3.7","1.1","2.0","24.7","7.9","9.8","6.0","708","193","14.4","8.3","37.9","19.7","21.8","10.1","12.3","8.5","9.3","7.3","4.4","5.8","2595","438","87.5","12.4","0.4","0.5","0.0","1.1","0.0","1.1","0.0","1.1","0.0","1.1","12.1","12.5","8.5","10.5","86.5","12.4","59632","8535","59608","9945","59075","9890","10417","7829","6952","8991","17984","4453","11923","4954","(X)","(X)","N","N","19709","6045","5606","3273","67437","13648","N","N","N","N","N","N","N","N","N","N","N","N","25594","4021","27787","2571","N","N","-","**","-","**","-","**","-","**","8769","6767","1709","4641","27928","2542",
"1400000US26163569600","Census Tract 5696, Wayne County, Michigan","1464","200","1164","197","1097","190","157","96","168","67","444","88","55","44","42","46","15","23","370","101","166","97","1018","197","177","76","336","203","215","70","132","74","112","57","46","39","3587","453","3345","482","120","143","0","11","102","93","0","11","0","11","20","29","34","41","3313","494","1464","200","79.5","5.3","74.9","6.8","10.7","6.5","11.5","4.8","30.3","6.3","3.8","3.1","2.9","3.2","1.0","1.6","25.3","7.2","11.3","6.4","1018","197","17.4","7.5","33.0","15.6","21.1","7.8","13.0","7.7","11.0","5.7","4.5","3.9","3587","453","93.3","4.3","3.3","4.0","0.0","0.8","2.8","2.6","0.0","0.8","0.0","0.8","0.6","0.8","0.9","1.2","92.4","4.5","75517","10337","76483","12910","79520","12587","11422","4134","4192","2420","21153","3126","7345","6702","(X)","(X)","N","N","25181","6654","9772","4313","82724","13084","42826","10698","88497","36718","99710","13845","67885","13231","91559","28292","135767","22843","31111","5452","32187","5927","10852","5867","-","**","23251","18525","-","**","-","**","N","N","27335","15484","32221","5994",
"1400000US26163569700","Census Tract 5697, Wayne County, Michigan","1697","196","1305","195","1285","196","151","58","341","126","644","98","135","50","153","64","45","34","507","145","294","183","1201","209","147","114","277","98","277","92","219","85","86","44","195","174","4435","494","3886","466","198","140","0","11","46","47","0","11","0","11","305","286","11","17","3875","467","1697","196","76.9","7.3","75.7","7.2","8.9","3.5","20.1","6.9","37.9","6.8","8.0","3.1","9.0","4.0","2.7","2.0","29.9","8.3","17.3","9.2","1201","209","12.2","9.1","23.1","8.3","23.1","8.0","18.2","7.9","7.2","3.7","16.2","12.6","4435","494","87.6","7.5","4.5","3.1","0.0","0.6","1.0","1.1","0.0","0.6","0.0","0.6","6.9","6.3","0.2","0.4","87.4","7.5","74770","6621","72385","8321","70953","8633","21774","13481","5328","2454","19514","3205","10390","2235","(X)","(X)","1878","887","21101","5717","19907","9197","86585","9317","36403","8353","64928","13932","99730","14177","98431","22125","143478","36471","98108","30444","28643","2256","29567","2614","22945","8465","-","**","9272","10967","-","**","-","**","23490","1973","-","**","29651","2664",
"1400000US26163569800","Census Tract 5698, Wayne County, Michigan","924","100","699","107","646","109","65","39","128","43","291","46","62","34","138","49","29","26","254","60","180","95","638","107","90","38","279","99","167","57","44","36","51","26","7","12","2164","242","1893","261","143","95","0","11","22","22","0","11","20","20","86","78","94","52","1819","283","924","100","75.6","6.3","69.9","7.0","7.0","4.2","13.9","4.9","31.5","5.6","6.7","3.9","14.9","5.2","3.1","2.8","27.5","6.8","19.5","8.9","638","107","14.1","5.9","43.7","11.5","26.2","8.6","6.9","5.5","8.0","4.3","1.1","1.9","2164","242","87.5","5.4","6.6","4.6","0.0","1.3","1.0","1.0","0.0","1.3","0.9","0.9","4.0","3.5","4.3","2.6","84.1","6.6","60803","6691","61229","8437","62079","9529","41478","15168","4146","3151","19497","1896","11613","3428","(X)","(X)","2248","1651","21081","4205","5771","1631","70418","9361","N","N","N","N","N","N","N","N","N","N","N","N","26363","2515","26870","2481","23985","21158","-","**","N","N","-","**","33210","15954","8672","5611","20210","10471","27284","2620",
"1400000US26163569900","Census Tract 5699, Wayne County, Michigan","950","116","747","121","742","121","61","32","76","31","305","68","74","42","72","45","18","20","222","46","158","101","615","114","70","24","209","106","92","36","126","68","61","54","57","25","2607","373","2435","368","48","52","0","11","39","47","0","11","0","11","85","60","188","125","2267","397","950","116","78.6","6.0","78.1","6.1","6.4","3.3","8.0","3.2","32.1","6.8","7.8","4.6","7.6","4.5","1.9","2.0","23.4","5.6","16.6","9.3","615","114","11.4","4.3","34.0","14.1","15.0","6.1","20.5","10.4","9.9","8.5","9.3","4.4","2607","373","93.4","3.3","1.8","2.0","0.0","1.0","1.5","1.8","0.0","1.0","0.0","1.0","3.3","2.3","7.2","5.0","87.0","5.9","63316","6412","63798","6686","62469","6932","21395","10500","3804","2165","21160","2428","10364","2690","(X)","(X)","N","N","16150","3686","8501","5413","70593","8225","43016","8586","59624","14651","91561","17155","59630","18963","113446","32408","89214","17320","23999","1987","24216","2168","31538","16232","-","**","N","N","-","**","-","**","19781","8944","17857","9372","24797","2444",
"1400000US26163570100","Census Tract 5701, Wayne County, Michigan","1682","293","1416","288","1393","289","117","77","27","20","343","93","165","78","472","106","169","86","176","74","115","66","1094","207","93","53","424","112","348","216","196","98","11","19","22","34","4381","552","1209","371","2550","651","0","11","335","256","0","11","0","11","287","258","150","226","1209","371","1682","293","84.2","5.8","82.8","6.0","7.0","4.7","1.6","1.2","20.4","6.3","9.8","5.1","28.1","7.7","10.0","5.3","10.5","4.5","6.8","4.1","1094","207","8.5","4.7","38.8","12.6","31.8","15.5","17.9","9.0","1.0","1.8","2.0","3.1","4381","552","27.6","8.1","58.2","10.7","0.0","0.6","7.6","5.9","0.0","0.6","0.0","0.6","6.6","6.0","3.4","5.3","27.6","8.1","56204","12978","57408","15291","57133","15578","14563","10029","4163","5365","18870","4101","8234","1458","(X)","(X)","966","402","19800","9300","14383","9847","61220","9610","N","N","N","N","N","N","N","N","N","N","N","N","22061","4274","20935","4295","22361","6976","-","**","36008","26482","-","**","-","**","7860","2315","N","N","20935","4295",
"1400000US26163570200","Census Tract 5702, Wayne County, Michigan","865","118","716","120","700","118","22","28","47","30","271","56","123","59","289","69","18","26","190","64","125","62","568","113","85","49","340","102","38","33","55","46","39","28","11","13","2557","463","802","252","1619","407","6","9","0","11","0","11","81","130","49","51","221","178","665","178","865","118","82.8","5.1","80.9","5.6","2.5","3.3","5.4","3.5","31.3","7.1","14.2","6.9","33.4","8.0","2.1","3.0","22.0","7.1","14.5","6.6","568","113","15.0","8.5","59.9","11.0","6.7","5.6","9.7","8.1","6.9","4.9","1.9","2.4","2557","463","31.4","8.5","63.3","10.4","0.2","0.3","0.0","1.1","0.0","1.1","3.2","5.2","1.9","1.9","8.6","6.7","26.0","6.5","43982","9521","40539","11725","41166","11858","N","N","3779","3847","16906","2835","10572","1175","(X)","(X)","N","N","12826","3755","3990","2723","42801","13721","N","N","N","N","N","N","N","N","N","N","N","N","14992","2592","16438","3831","14840","3571","N","N","-","**","-","**","6623","2314","10204","16103","4371","2384","19209","3212",
"1400000US26163570400","Census Tract 5704, Wayne County, Michigan","1838","274","1422","285","1409","287","181","118","41","41","484","157","246","129","752","215","18","29","232","120","244","145","1293","289","76","58","738","297","108","93","327","165","29","29","15","25","5376","932","983","662","4071","758","81","139","0","15","0","15","0","15","241","259","98","164","983","662","1838","274","77.4","7.8","76.7","7.9","9.8","6.7","2.2","2.2","26.3","8.6","13.4","6.9","40.9","11.3","1.0","1.6","12.6","6.3","13.3","8.3","1293","289","5.9","4.6","57.1","14.0","8.4","7.5","25.3","13.0","2.2","2.3","1.2","1.9","5376","932","18.3","11.5","75.7","9.7","1.5","2.6","0.0","0.5","0.0","0.5","0.0","0.5","4.5","4.6","1.8","3.1","18.3","11.5","38616","6343","39269","8303","37735","7867","14763","7157","205","235","15877","2544","11280","2831","(X)","(X)","N","N","13528","6992","6266","3696","45848","9344","N","N","N","N","N","N","N","N","N","N","N","N","14212","2988","16021","7571","13782","3782","N","N","-","**","-","**","-","**","13023","2221","N","N","16021","7571",
"1400000US26163570500","Census Tract 5705, Wayne County, Michigan","1209","190","868","171","868","171","58","45","100","56","386","108","103","49","389","102","34","29","208","99","198","106","663","132","129","78","284","109","87","63","61","52","25","28","77","44","3224","543","773","412","2047","399","151","165","24","37","0","11","26","30","203","147","144","125","720","422","1209","190","71.8","7.9","71.8","7.9","4.8","3.8","8.3","4.5","31.9","8.1","8.5","4.0","32.2","7.8","2.8","2.4","17.2","7.9","16.4","8.5","663","132","19.5","11.4","42.8","14.1","13.1","9.0","9.2","7.5","3.8","4.1","11.6","6.5","3224","543","24.0","11.1","63.5","10.1","4.7","5.0","0.7","1.2","0.0","0.8","0.8","1.0","6.3","4.4","4.5","3.9","22.3","11.5","50473","8411","51879","7706","50598","7486","19184","10711","6015","5022","19935","3280","7608","1758","(X)","(X)","744","801","24809","6515","8714","3787","58652","14426","N","N","N","N","N","N","N","N","N","N","N","N","21767","4908","33197","14246","18068","2920","N","N","N","N","-","**","-","**","22563","15042","12503","6152","34285","14812",
"1400000US26163570600","Census Tract 5706, Wayne County, Michigan","660","112","387","111","366","106","30","27","73","88","194","31","95","60","304","69","57","42","149","53","34","24","474","116","128","61","188","64","41","39","21","22","21","32","75","90","2292","498","134","74","1972","491","6","8","0","11","3","5","43","58","134","178","66","67","123","72","660","112","58.6","10.8","55.5","10.7","4.5","4.0","11.1","12.0","29.4","6.8","14.4","8.8","46.1","10.2","8.6","6.3","22.6","8.7","5.2","3.8","474","116","27.0","12.3","39.7","15.1","8.6","7.9","4.4","4.8","4.4","6.8","15.8","16.1","2292","498","5.8","3.2","86.0","9.9","0.3","0.4","0.0","1.2","0.1","0.2","1.9","2.5","5.8","7.6","2.9","2.9","5.4","3.1","67202","32271","67691","37108","70234","39145","16360","3885","8342","2197","19240","2755","8925","895","(X)","(X)","1277","508","83248","100279","14418","10678","85541","41402","N","N","N","N","N","N","N","N","N","N","N","N","22077","10165","18471","11609","23644","11652","N","N","-","**","N","N","5979","5085","8904","5187","16127","9273","17037","12350",
"1400000US26163570800","Census Tract 5708, Wayne County, Michigan","1090","181","702","176","668","177","73","47","32","22","424","161","142","59","496","105","49","51","289","135","95","51","634","170","91","57","399","149","85","79","59","41","0","11","0","11","2759","399","339","244","2348","373","0","11","0","11","0","11","27","35","45","43","84","101","307","244","1090","181","64.4","10.9","61.3","11.0","6.7","4.2","2.9","2.0","38.9","10.7","13.0","5.8","45.5","11.2","4.5","4.6","26.5","10.1","8.7","4.8","634","170","14.4","9.0","62.9","14.2","13.4","11.2","9.3","6.9","0.0","4.2","0.0","4.2","2759","399","12.3","8.3","85.1","8.1","0.0","1.0","0.0","1.0","0.0","1.0","1.0","1.3","1.6","1.6","3.0","3.7","11.1","8.4","36717","7962","36384","11520","35991","11991","20541","18644","4338","6373","18367","5258","10159","1791","(X)","(X)","2667","2882","15151","2434","6327","3979","41713","8161","17068","11859","41204","11063","73076","33544","37980","8150","-","**","-","**","15206","3197","14022","6832","15388","3608","-","**","-","**","-","**","N","N","N","N","24331","16281","13030","6895",
"1400000US26163570900","Census Tract 5709, Wayne County, Michigan","801","164","461","90","450","87","34","23","58","65","293","78","75","37","253","87","6","8","296","146","101","64","395","70","104","47","139","46","66","44","33","20","40","27","13","17","1966","283","86","69","1783","286","0","11","0","11","0","11","18","21","79","77","63","72","64","56","801","164","57.6","11.7","56.2","11.4","4.2","2.8","7.2","7.8","36.6","9.6","9.4","4.8","31.6","10.1","0.7","1.0","37.0","13.1","12.6","7.8","395","70","26.3","9.7","35.2","10.3","16.7","10.3","8.4","5.4","10.1","7.2","3.3","4.4","1966","283","4.4","3.5","90.7","5.8","0.0","1.4","0.0","1.4","0.0","1.4","0.9","1.1","4.0","3.9","3.2","3.7","3.3","2.8","42206","6168","42069","7582","42634","7757","6135","5215","16338","12671","18853","2683","13459","4469","(X)","(X)","N","N","20141","3088","9389","3455","51566","9140","N","N","N","N","N","N","N","N","N","N","N","N","18015","2222","16838","8036","18414","2591","-","**","-","**","-","**","N","N","3825","4040","13427","13632","18756","9406",
"1400000US26163571000","Census Tract 5710, Wayne County, Michigan","808","146","493","138","482","137","27","25","20","22","339","70","120","49","278","72","88","42","259","77","72","40","433","91","122","50","212","85","43","30","41","27","4","7","11","12","1843","313","129","69","1614","273","12","19","0","11","0","11","3","7","85","67","36","34","112","57","808","146","61.0","9.3","59.7","9.6","3.3","3.1","2.5","2.7","42.0","10.3","14.9","6.0","34.4","9.4","10.9","5.4","32.1","8.8","8.9","5.4","433","91","28.2","10.2","49.0","13.7","9.9","7.0","9.5","6.5","0.9","1.6","2.5","3.0","1843","313","7.0","3.5","87.6","4.9","0.7","1.0","0.0","1.5","0.0","1.5","0.2","0.4","4.6","3.3","2.0","1.9","6.1","2.8","47969","8404","51829","11461","51472","11793","27500","15687","6835","5067","16362","2113","9760","1890","(X)","(X)","2643","1366","20705","6997","10515","5033","51718","12265","N","N","N","N","N","N","N","N","N","N","N","N","21699","4848","12775","6579","23422","5996","N","N","-","**","-","**","N","N","5955","5835","8631","7048","12765","7344",
"1400000US26163571500","Census Tract 5715, Wayne County, Michigan","1640","265","1230","256","1165","254","131","73","265","142","461","111","169","70","330","93","42","47","222","73","141","74","923","138","173","78","291","99","174","96","192","102","50","38","43","37","4580","697","3770","663","411","190","8","12","69","82","0","11","146","194","176","114","319","247","3724","661","1640","265","75.0","7.3","71.0","7.5","8.0","4.5","16.2","7.5","28.1","6.7","10.3","4.6","20.1","6.4","2.6","2.9","13.5","4.5","8.6","4.7","923","138","18.7","7.9","31.5","10.1","18.9","10.0","20.8","9.7","5.4","4.1","4.7","4.1","4580","697","82.3","6.0","9.0","4.1","0.2","0.3","1.5","1.8","0.0","0.6","3.2","4.2","3.8","2.5","7.0","5.2","81.3","6.3","68302","13993","68417","13651","67524","14070","41886","30632","47004","62928","16526","2774","7702","1747","(X)","(X)","N","N","21987","5216","11193","7436","80765","16338","30205","12267","58575","11849","157583","44796","62110","26220","113140","23611","169158","101355","25050","5618","26532","6752","25773","5082","N","N","12520","15208","-","**","N","N","17756","12075","12324","13177","26788","6835",
"1400000US26163571600","Census Tract 5716, Wayne County, Michigan","643","150","327","54","323","53","20","19","122","40","355","147","105","42","275","157","13","16","128","44","52","31","361","55","87","37","139","49","54","39","45","29","9","9","27","22","1692","224","1473","231","218","152","0","11","0","11","0","11","1","3","0","11","19","17","1455","232","643","150","50.9","12.7","50.2","12.6","3.1","3.0","19.0","7.3","55.2","11.7","16.3","7.5","42.8","15.8","2.0","2.5","19.9","7.9","8.1","5.1","361","55","24.1","9.4","38.5","12.3","15.0","10.3","12.5","8.1","2.5","2.5","7.5","6.5","1692","224","87.1","8.6","12.9","8.6","0.0","1.6","0.0","1.6","0.0","1.6","0.1","0.2","0.0","1.6","1.1","1.0","86.0","8.7","69532","19355","88112","26041","84484","25063","76210","99053","43063","36604","16620","3765","8663","2344","(X)","(X)","N","N","23786","11570","15025","7335","100714","23126","92739","58006","89740","44585","96231","16425","110969","29850","477700","318745","49122","20533","26455","6371","27724","7300","17958","3743","-","**","-","**","-","**","N","N","-","**","9279","1868","27952","7429",
"1400000US26163571700","Census Tract 5717, Wayne County, Michigan","851","146","516","86","506","87","25","15","84","40","389","142","107","45","272","98","83","66","236","133","56","33","631","142","224","131","200","73","82","43","32","20","59","28","34","21","2498","406","1821","393","497","135","0","11","0","11","0","11","53","35","127","93","56","47","1776","392","851","146","60.6","11.2","59.5","11.2","2.9","1.9","9.9","4.9","45.7","11.3","12.6","5.4","32.0","9.8","9.8","7.2","27.7","12.2","6.6","3.7","631","142","35.5","15.0","31.7","10.7","13.0","7.6","5.1","3.4","9.4","4.6","5.4","3.6","2498","406","72.9","7.2","19.9","5.3","0.0","1.1","0.0","1.1","0.0","1.1","2.1","1.4","5.1","3.8","2.2","1.9","71.1","7.5","60109","8598","68057","12167","68389","12291","20504","12247","3677","2070","19819","3499","8336","2691","(X)","(X)","3552","2056","27491","9836","6120","6818","66308","11370","42644","14085","68076","20048","94559","27268","70406","31479","124190","19633","39382","21393","20900","3492","20939","4548","25120","4992","-","**","-","**","-","**","4919","4808","10494","9212","68045","68013","19715","4320",
"1400000US26163571800","Census Tract 5718, Wayne County, Michigan","1083","147","812","120","774","117","65","42","250","115","383","116","44","36","137","58","36","32","312","112","192","117","639","122","73","48","232","80","186","76","65","45","35","27","48","37","2907","496","2118","308","573","396","0","11","25","40","0","11","59","56","132","104","238","152","2021","302","1083","147","75.0","8.3","71.5","8.5","6.0","3.8","23.1","9.4","35.4","8.9","4.1","3.4","12.7","5.6","3.3","3.0","28.8","8.6","17.7","9.3","639","122","11.4","7.2","36.3","10.7","29.1","9.6","10.2","6.8","5.5","4.1","7.5","5.6","2907","496","72.9","11.5","19.7","11.3","0.0","0.9","0.9","1.4","0.0","0.9","2.0","1.9","4.5","3.4","8.2","5.4","69.5","11.2","57142","5932","56528","7218","56936","7446","28191","19715","5303","3956","17275","2626","13198","5307","(X)","(X)","2189","2355","19829","5725","6233","2984","62338","8253","29121","15478","47846","7025","63949","14500","73514","22861","139989","93518","104898","21889","21891","3388","26125","3903","11480","4661","-","**","N","N","-","**","16110","9000","308","397","9102","3926","26809","3975",
"1400000US26163571900","Census Tract 5719, Wayne County, Michigan","1112","156","697","93","677","97","121","61","165","66","365","114","51","31","209","143","26","25","298","94","165","140","731","167","195","144","181","73","162","53","105","52","88","51","0","11","2787","449","2210","518","500","284","4","10","43","53","0","11","28","36","2","6","56","45","2182","519","1112","156","62.7","9.8","60.9","9.8","10.9","5.5","14.8","5.7","32.8","9.2","4.6","2.8","18.8","11.4","2.3","2.2","26.8","7.9","14.8","11.0","731","167","26.7","14.8","24.8","10.5","22.2","9.0","14.4","7.5","12.0","7.2","0.0","3.7","2787","449","79.3","10.5","17.9","10.5","0.1","0.4","1.5","1.9","0.0","1.0","1.0","1.3","0.1","0.2","2.0","1.6","78.3","10.8","61107","7959","66963","11284","65080","11339","21605","9358","10472","7027","21956","3286","8727","4025","(X)","(X)","1319","1632","26979","7832","18284","11984","67563","12033","43715","13137","62829","24640","78497","15351","69106","35070","108175","17792","-","**","24572","3837","24557","4489","20257","6656","N","N","69698","67929","-","**","26550","7430","N","N","26988","14214","24520","4601",
"1400000US26163572000","Census Tract 5720, Wayne County, Michigan","730","163","607","160","588","160","56","29","103","50","176","48","46","26","125","55","33","33","133","43","58","34","497","63","55","25","177","57","92","47","119","53","25","18","29","25","2137","308","1940","301","63","61","0","11","89","102","0","11","4","7","41","59","34","35","1913","300","730","163","83.2","5.6","80.5","6.5","7.7","3.8","14.1","8.0","24.1","8.1","6.3","3.6","17.1","8.0","4.5","4.6","18.2","6.6","7.9","4.8","497","63","11.1","5.5","35.6","10.5","18.5","8.4","23.9","10.5","5.0","3.6","5.8","4.8","2137","308","90.8","6.5","2.9","2.9","0.0","1.3","4.2","4.7","0.0","1.3","0.2","0.3","1.9","2.7","1.6","1.6","89.5","6.7","83795","16607","88151","19751","88519","19689","26043","17950","8306","4755","19108","2582","8870","3638","(X)","(X)","9188","3373","15820","6089","10845","3641","78204","12525","30611","10758","49621","8695","108366","32988","105964","30897","135564","29928","83872","13837","28845","9641","30435","10491","18040","4687","-","**","11939","9890","-","**","N","N","N","N","15274","14898","30728","10646",
"1400000US26163572100","Census Tract 5721, Wayne County, Michigan","1929","171","1291","204","1217","215","203","117","361","130","736","143","151","102","350","143","25","30","503","143","193","127","1505","180","334","116","668","166","176","96","302","166","12","20","13","21","5377","661","5072","672","266","294","0","15","0","15","0","15","0","15","39","46","29","27","5043","673","1929","171","66.9","8.7","63.1","9.3","10.5","6.2","18.7","6.2","38.2","7.2","7.8","5.3","18.1","7.5","1.3","1.6","26.1","7.2","10.0","6.5","1505","180","22.2","7.7","44.4","10.5","11.7","6.5","20.1","9.9","0.8","1.3","0.9","1.4","5377","661","94.3","5.5","4.9","5.4","0.0","0.5","0.0","0.5","0.0","0.5","0.0","0.5","0.7","0.9","0.5","0.5","93.8","5.5","55340","7899","56219","10132","53576","9408","36333","26438","5384","2742","21723","2939","11670","3291","(X)","(X)","N","N","21005","5272","19237","14415","57161","9506","N","N","N","N","N","N","N","N","N","N","N","N","20618","2839","20940","3037","12707","1048","-","**","-","**","-","**","-","**","N","N","N","N","20941","3055",
"1400000US26163572200","Census Tract 5722, Wayne County, Michigan","2395","345","1735","294","1687","290","132","79","405","131","815","168","105","88","179","102","30","36","577","157","75","65","1540","315","188","113","428","133","531","264","225","132","58","55","110","98","6340","902","5737","797","141","131","0","15","212","235","0","15","0","15","250","217","190","171","5567","811","2395","345","72.4","8.9","70.4","8.9","5.5","3.3","16.9","6.3","34.0","8.8","4.4","3.8","7.5","4.3","1.3","1.5","24.1","7.5","3.1","2.7","1540","315","12.2","7.0","27.8","9.0","34.5","13.0","14.6","7.9","3.8","3.6","7.1","6.6","6340","902","90.5","4.9","2.2","2.1","0.0","0.4","3.3","3.6","0.0","0.4","0.0","0.4","3.9","3.2","3.0","2.7","87.8","5.8","71413","15383","79459","18385","78405","18871","42368","21940","2769","1605","20531","2059","9149","3843","(X)","(X)","N","N","23653","11742","5843","4291","91071","20578","52388","23083","106601","63290","82683","28248","92652","30296","156660","80492","99425","22541","30181","6047","31382","6580","16576","4351","-","**","18188","39626","-","**","-","**","20448","5695","36644","35130","31125","6584",
"1400000US26163572400","Census Tract 5724, Wayne County, Michigan","478","68","384","73","367","71","44","28","83","32","131","25","39","29","66","32","14","15","75","28","22","24","314","65","43","31","100","53","80","58","35","21","30","20","26","21","1483","357","1341","367","102","72","1","4","5","8","0","11","0","11","34","36","9","12","1332","367","478","68","80.3","8.9","76.8","8.6","9.2","5.7","17.4","6.4","27.4","6.9","8.2","6.4","13.8","7.0","2.9","3.2","15.7","6.5","4.6","4.9","314","65","13.7","10.0","31.8","17.3","25.5","15.0","11.1","6.8","9.6","6.8","8.3","6.7","1483","357","90.4","5.7","6.9","5.2","0.1","0.3","0.3","0.6","0.0","1.8","0.0","1.8","2.3","2.5","0.6","0.8","89.8","6.0","140095","93857","157054","115680","156043","121009","69111","31628","19786","17907","19829","3133","15918","8602","(X)","(X)","N","N","21219","11492","8218","3125","169954","139286","18853","12860","67765","21400","474783","423538","65411","19434","136373","39497","54431","26270","49631","31649","52537","34343","24202","10414","N","N","N","N","-","**","-","**","N","N","N","N","52879","34499",
"1400000US26163572500","Census Tract 5725, Wayne County, Michigan","588","122","473","106","473","106","31","32","36","22","199","70","34","26","146","48","22","20","168","66","34","25","475","108","51","24","213","67","143","90","39","26","14","23","15","22","2032","368","1516","241","370","187","0","11","0","11","0","11","33","51","113","109","184","175","1444","258","588","122","80.4","8.6","80.4","8.6","5.3","5.4","6.1","3.8","33.8","10.5","5.8","4.5","24.8","8.6","3.7","3.5","28.6","9.2","5.8","4.2","475","108","10.7","5.3","44.8","13.5","30.1","14.0","8.2","5.7","2.9","4.9","3.2","4.7","2032","368","74.6","9.3","18.2","8.5","0.0","1.3","0.0","1.3","0.0","1.3","1.6","2.3","5.6","4.7","9.1","7.7","71.1","10.1","57560","7479","53259","9262","52285","9242","14858","1643","2019","1322","20528","3050","9244","4109","(X)","(X)","3673","2419","23064","6150","6662","2608","56029","8674","N","N","N","N","N","N","N","N","N","N","N","N","18202","2987","20122","4025","15384","6318","-","**","-","**","-","**","N","N","N","N","2687","1426","20898","4409",
"1400000US26163572600","Census Tract 5726, Wayne County, Michigan","1905","240","1473","237","1417","221","76","92","278","119","512","138","126","76","496","189","41","62","419","155","165","123","1040","179","190","111","324","122","242","127","226","124","55","47","3","19","5008","787","4020","727","601","407","0","15","0","15","0","15","174","157","213","142","357","204","3905","725","1905","240","77.3","7.1","74.4","7.8","4.0","4.7","14.6","6.5","26.9","6.8","6.6","4.2","26.0","9.2","2.2","3.3","22.0","7.7","8.7","6.2","1040","179","18.3","9.5","31.2","11.3","23.3","11.6","21.7","10.7","5.3","4.8","0.3","1.8","5008","787","80.3","8.6","12.0","7.4","0.0","0.5","0.0","0.5","0.0","0.5","3.5","3.2","4.3","3.0","7.1","4.2","78.0","8.7","51558","7465","53827","8169","55669","7807","5314","5215","9229","10909","17628","3777","10131","2472","(X)","(X)","N","N","10863","2518","6116","3903","61622","10181","N","N","N","N","N","N","N","N","N","N","N","N","20946","3585","22352","4206","10023","3765","-","**","-","**","-","**","39566","11499","10012","11082","25594","12395","22531","4340",
"1400000US26163572700","Census Tract 5727, Wayne County, Michigan","1732","169","1246","181","1239","181","96","54","370","105","623","102","145","80","212","79","32","25","452","98","222","114","1266","180","256","94","506","96","287","146","88","46","109","102","20","18","4131","482","3571","496","180","136","9","18","64","75","0","11","168","211","139","86","507","310","3285","448","1732","169","71.9","6.0","71.5","6.1","5.5","3.2","21.4","6.2","36.0","6.5","8.4","4.7","12.2","4.6","1.8","1.5","26.1","6.1","12.8","6.4","1266","180","20.2","7.5","40.0","8.4","22.7","9.7","7.0","3.9","8.6","7.7","1.6","1.5","4131","482","86.4","6.2","4.4","3.3","0.2","0.4","1.5","1.8","0.0","0.7","4.1","5.0","3.4","2.1","12.3","7.0","79.5","7.4","65254","8750","67999","11190","65589","11341","36053","29206","6158","3401","21204","2494","16506","4746","(X)","(X)","697","299","21016","4279","4007","1435","71344","11000","50358","7503","56041","9993","74036","11778","83201","29101","165008","22460","125845","81852","27692","3580","28928","3928","21459","8094","N","N","6780","2986","-","**","16418","10549","24783","12568","14137","7240","30550","3987",
"1400000US26163572800","Census Tract 5728, Wayne County, Michigan","1989","201","1531","190","1507","190","225","169","185","84","593","169","154","91","284","117","63","50","696","241","232","133","1378","214","243","155","585","194","197","88","267","133","30","30","56","47","5098","804","4627","806","250","100","118","153","66","81","0","15","37","57","0","15","418","204","4277","801","1989","201","77.0","7.5","75.8","7.6","11.3","7.9","9.3","4.2","29.8","7.4","7.7","4.7","14.3","5.7","3.2","2.5","35.0","9.9","11.7","7.2","1378","214","17.6","10.0","42.5","12.7","14.3","6.7","19.4","9.5","2.2","2.2","4.1","3.6","5098","804","90.8","4.2","4.9","2.2","2.3","3.0","1.3","1.6","0.0","0.5","0.7","1.1","0.0","0.5","8.2","4.0","83.9","5.7","55104","6397","52385","8027","50421","8056","18745","13710","1692","954","21521","3709","11517","3097","(X)","(X)","2349","1435","18451","5495","6727","2105","59329","8026","35249","11543","49322","9525","77064","18252","69063","14502","157360","97529","107041","18109","22464","2826","21984","3122","21622","13045","N","N","26573","22343","-","**","N","N","-","**","23630","10044","22741","3146",
"1400000US26163572900","Census Tract 5729, Wayne County, Michigan","908","112","623","114","609","113","64","36","129","57","336","108","78","42","250","123","13","16","265","94","191","74","574","122","119","90","263","75","80","57","102","60","4","12","6","9","2437","485","2068","270","310","389","0","11","0","11","0","11","22","35","37","32","47","48","2043","272","908","112","68.6","10.8","67.1","10.8","7.0","4.0","14.2","6.3","37.0","9.7","8.6","4.6","27.5","12.0","1.4","1.8","29.2","8.6","21.0","7.6","574","122","20.7","13.3","45.8","12.7","13.9","9.2","17.8","10.4","0.7","2.0","1.0","1.6","2437","485","84.9","13.7","12.7","14.1","0.0","1.1","0.0","1.1","0.0","1.1","0.9","1.4","1.5","1.4","1.9","2.0","83.8","13.6","59265","14360","61816","15468","53055","7806","96880","133560","19652","19611","19908","3430","14278","4121","(X)","(X)","N","N","15243","6281","4657","3164","65240","21494","N","N","N","N","N","N","N","N","N","N","N","N","22815","6820","23966","5447","14400","24295","-","**","-","**","-","**","N","N","38197","30533","22419","14016","23822","5455",
"1400000US26163573000","Census Tract 5730, Wayne County, Michigan","741","82","570","92","564","92","104","47","295","93","293","84","30","22","62","35","11","13","233","84","50","31","593","85","88","35","174","50","101","35","35","21","163","77","32","17","2824","600","2503","435","70","52","0","11","42","43","0","11","0","11","209","188","186","204","2461","432","741","82","76.9","6.2","76.1","6.4","14.0","6.5","39.8","9.6","39.5","7.9","4.0","3.0","8.4","4.7","1.5","1.7","31.4","8.7","6.7","4.2","593","85","14.8","6.2","29.3","7.9","17.0","6.3","5.9","3.5","27.5","10.4","5.4","2.8","2824","600","88.6","5.6","2.5","1.9","0.0","1.0","1.5","1.5","0.0","1.0","0.0","1.0","7.4","5.5","6.6","6.1","87.1","5.8","136362","29909","141532","32772","116054","16674","146336","101938","21935","10880","25354","2651","14690","7360","(X)","(X)","N","N","24097","8578","6272","3184","152095","37967","53966","23181","85441","23181","165045","49694","104037","33408","274237","105364","173913","63131","34535","8649","35613","9455","4761","4263","-","**","91407","47567","-","**","-","**","20169","7106","16441","4238","36027","9564",
"1400000US26163573100","Census Tract 5731, Wayne County, Michigan","1490","162","1131","124","1123","125","144","69","371","124","478","105","36","30","210","121","91","100","347","104","158","55","1041","174","175","125","376","96","190","73","103","59","126","47","71","62","4299","619","3584","624","267","203","0","11","363","186","0","11","0","11","85","82","169","172","3415","590","1490","162","75.9","7.5","75.4","7.5","9.7","4.6","24.9","7.6","32.1","7.3","2.4","2.1","14.1","7.5","6.1","6.4","23.3","6.1","10.6","3.6","1041","174","16.8","10.3","36.1","8.2","18.3","7.6","9.9","5.4","12.1","4.9","6.8","5.7","4299","619","83.4","6.1","6.2","4.7","0.0","0.6","8.4","4.4","0.0","0.6","0.0","0.6","2.0","1.9","3.9","3.9","79.4","6.3","91332","15988","97914","17000","90915","14177","60021","55472","8686","4799","25221","3629","19161","9586","(X)","(X)","5375","1661","21216","5582","9651","3715","104999","23653","30525","24106","68611","12414","165587","67427","98841","48288","184790","62520","186456","125569","32368","6278","32410","7449","27786","5613","-","**","35631","13774","-","**","-","**","31048","11651","22747","5673","32888","7747",
"1400000US26163573300","Census Tract 5733, Wayne County, Michigan","1003","143","871","151","848","147","82","46","119","71","221","61","98","45","532","126","80","50","126","79","83","61","853","139","72","52","349","105","183","92","117","73","60","49","72","45","4392","741","3985","718","0","11","0","11","128","150","0","11","124","139","155","229","169","149","3940","707","1003","143","86.8","6.2","84.5","6.2","8.2","4.7","11.9","6.7","22.0","6.4","9.8","4.7","53.0","10.0","8.0","4.8","12.6","7.3","8.3","5.7","853","139","8.4","5.9","40.9","10.1","21.5","10.0","13.7","8.0","7.0","5.6","8.4","5.5","4392","741","90.7","7.1","0.0","0.6","0.0","0.6","2.9","3.4","0.0","0.6","2.8","3.1","3.5","5.0","3.8","3.4","89.7","7.2","63423","12748","63824","14269","61195","13764","45088","32225","9296","10825","13712","4155","15502","4037","(X)","(X)","3128","1394","13513","7549","4984","4367","70991","14621","14614","7125","35684","9019","113379","40150","88273","18583","173273","41491","77456","32286","14269","2884","13473","3066","-","**","-","**","30698","7669","-","**","21413","4194","15453","3572","17072","7530","13569","3089",
"1400000US26163573400","Census Tract 5734, Wayne County, Michigan","1031","121","683","98","645","104","75","57","226","82","444","106","67","36","406","97","54","47","334","117","75","57","628","92","96","53","324","107","69","57","91","54","23","24","25","22","3251","415","3119","424","77","65","0","11","0","11","0","11","0","11","55","61","8","12","3111","424","1031","121","66.2","6.9","62.6","8.0","7.3","5.4","21.9","6.7","43.1","8.2","6.5","3.5","39.4","9.0","5.2","4.6","32.4","10.3","7.3","5.5","628","92","15.3","8.2","51.6","13.0","11.0","9.3","14.5","8.6","3.7","3.9","4.0","3.6","3251","415","95.9","2.9","2.4","2.0","0.0","0.8","0.0","0.8","0.0","0.8","0.0","0.8","1.7","1.9","0.2","0.4","95.7","2.9","58673","13706","44639","11405","44791","11831","21311","9181","26466","18455","19026","2340","8975","662","(X)","(X)","1865","1501","39782","32351","21127","21514","53086","12015","65906","27124","26032","8104","88342","36361","47952","15709","70143","23866","260172","100072","18538","4729","16416","4063","82819","63686","-","**","-","**","-","**","-","**","48904","48661","N","N","16095","4063",
"1400000US26163573501","Census Tract 5735.01, Wayne County, Michigan","1139","221","798","226","779","224","56","42","88","48","327","82","96","56","450","126","114","62","156","55","157","102","884","225","246","119","292","117","32","32","120","64","151","179","43","31","4719","887","3979","845","116","131","0","11","137","161","0","11","62","100","425","312","6","10","3979","845","1139","221","70.1","11.6","68.4","11.8","4.9","3.8","7.7","4.3","28.7","7.8","8.4","5.3","39.5","11.7","10.0","5.7","13.7","5.5","13.8","8.8","884","225","27.8","13.5","33.0","13.3","3.6","3.8","13.6","8.1","17.1","17.7","4.9","3.7","4719","887","84.3","7.7","2.5","2.8","0.0","0.6","2.9","3.4","0.0","0.6","1.3","2.1","9.0","6.6","0.1","0.2","84.3","7.7","56079","28944","67108","36229","67950","36859","11057","11934","17516","13566","14246","3697","9170","1911","(X)","(X)","2427","1555","13624","2856","5349","2460","65845","35545","15824","9863","38726","10693","26213","7104","48527","18519","207191","41834","117647","22261","13743","7535","14918","8724","N","N","-","**","9750","8698","-","**","N","N","7776","5237","N","N","14918","8724",
"1400000US26163573600","Census Tract 5736, Wayne County, Michigan","1640","258","1281","264","1238","257","136","60","135","58","453","108","296","80","915","250","294","241","160","58","120","47","1318","259","169","80","787","273","38","32","149","78","38","33","137","61","6283","1286","5840","1281","264","174","0","15","0","15","0","15","91","144","88","69","92","76","5748","1274","1640","258","78.1","6.4","75.5","6.6","8.3","3.7","8.2","3.6","27.6","7.5","18.0","4.8","55.8","8.6","17.9","12.3","9.8","3.7","7.3","3.0","1318","259","12.8","6.2","59.7","11.0","2.9","2.5","11.3","6.7","2.9","2.5","10.4","4.9","6283","1286","92.9","4.2","4.2","2.9","0.0","0.4","0.0","0.4","0.0","0.4","1.4","2.3","1.4","1.1","1.5","1.2","91.5","4.4","39149","6721","36568","8856","34071","8558","34291","12248","9097","2687","14126","2159","9053","1237","(X)","(X)","6144","2196","18149","6639","19526","9721","43490","8677","20721","6826","30974","4423","78847","14291","48760","16313","71158","25065","120262","51577","10462","1877","10544","2013","6434","5091","-","**","-","**","-","**","N","N","20000","13121","22618","15150","10351","2045",
"1400000US26163573701","Census Tract 5737.01, Wayne County, Michigan","455","65","376","71","349","75","35","26","35","19","97","32","76","40","129","42","16","18","68","35","43","33","395","70","46","26","184","73","47","34","47","25","39","25","32","30","1655","259","1339","189","74","69","13","22","0","11","0","11","0","11","229","176","29","44","1310","193","455","65","82.6","7.2","76.7","8.9","7.7","5.7","7.7","4.2","21.3","7.7","16.7","8.2","28.4","9.7","3.5","4.0","14.9","7.6","9.5","6.9","395","70","11.6","6.8","46.6","13.3","11.9","8.7","11.9","6.9","9.9","6.5","8.1","7.3","1655","259","80.9","10.5","4.5","4.0","0.8","1.3","0.0","1.6","0.0","1.6","0.0","1.6","13.8","9.5","1.8","2.7","79.2","10.1","62821","12324","64286","12921","67929","13161","13266","8865","5811","3414","17787","4459","11738","3364","(X)","(X)","N","N","17690","8215","8640","7330","67135","13776","35489","18738","46392","19648","89828","33605","60260","15695","115413","56374","149834","45888","17637","3511","16992","3917","19897","10313","N","N","-","**","-","**","-","**","20524","16224","N","N","16938","4019",
"1400000US26163573702","Census Tract 5737.02, Wayne County, Michigan","1673","228","1365","232","1268","236","214","91","209","144","545","170","179","147","545","118","44","30","345","166","331","112","1330","223","119","61","577","129","105","50","205","95","224","150","100","50","6274","1073","6016","1064","130","194","7","13","8","13","4","6","0","15","109","93","50","47","5990","1063","1673","228","81.6","5.9","75.8","7.1","12.8","5.5","12.5","7.7","32.6","7.3","10.7","8.0","32.6","6.5","2.6","1.8","20.6","8.2","19.8","6.7","1330","223","8.9","4.9","43.4","9.9","7.9","3.8","15.4","6.2","16.8","9.5","7.5","3.8","6274","1073","95.9","3.4","2.1","3.1","0.1","0.2","0.1","0.2","0.1","0.1","0.0","0.4","1.7","1.5","0.8","0.8","95.5","3.5","63320","14859","62227","13156","60059","13380","41051","30451","6136","2914","18552","2622","10673","1199","(X)","(X)","5893","2944","13921","5515","7941","2891","74345","16668","23257","11666","50584","16838","106190","26365","50725","15335","141410","57697","136995","61472","17084","3252","15897","2983","77134","5881","N","N","N","N","N","N","-","**","10222","6519","46664","40127","15670","2994",
"1400000US26163573800","Census Tract 5738, Wayne County, Michigan","1397","191","1120","226","1074","221","89","53","64","38","395","98","190","80","640","154","147","68","159","64","108","64","1090","187","156","77","527","175","102","79","148","63","45","36","112","61","5364","760","4282","502","25","30","0","15","170","176","0","15","0","15","887","566","48","54","4234","503","1397","191","80.2","7.3","76.9","7.6","6.4","3.7","4.6","2.8","28.3","8.0","13.6","5.6","45.8","8.9","10.5","5.2","11.4","5.1","7.7","4.5","1090","187","14.3","7.1","48.3","11.2","9.4","6.9","13.6","5.7","4.1","3.3","10.3","5.9","5364","760","79.8","9.4","0.5","0.6","0.0","0.5","3.2","3.2","0.0","0.5","0.0","0.5","16.5","9.1","0.9","1.0","78.9","9.3","46795","6347","48160","7271","48496","7206","20827","11300","1038","961","14949","2097","10081","3887","(X)","(X)","5427","2945","10920","3557","9383","4580","48561","7643","23568","8230","44019","10477","87685","16284","49397","12029","55729","29516","65131","16155","12555","1886","12329","2284","N","N","-","**","16989","2241","-","**","-","**","12124","3204","N","N","12265","2306",
"1400000US26163573900","Census Tract 5739, Wayne County, Michigan","1230","130","973","111","940","111","111","59","166","70","304","83","191","91","622","129","143","94","203","73","68","39","1003","132","143","68","432","129","117","62","183","87","46","33","82","53","4835","714","4820","713","0","11","0","11","0","11","0","11","15","23","0","11","32","28","4803","715","1230","130","79.1","5.8","76.4","5.6","9.0","4.9","13.5","5.6","24.7","6.1","15.5","7.2","50.6","7.8","11.6","6.9","16.5","5.6","5.5","3.1","1003","132","14.3","6.0","43.1","11.0","11.7","6.1","18.2","8.5","4.6","3.3","8.2","5.5","4835","714","99.7","0.5","0.0","0.6","0.0","0.6","0.0","0.6","0.0","0.6","0.3","0.5","0.0","0.6","0.7","0.6","99.3","0.6","56307","10304","55369","12779","54471","12400","24066","11864","8817","4434","17139","3535","8802","2118","(X)","(X)","7898","2269","27007","11903","6131","2282","56795","11571","32684","15287","54732","23418","91479","37034","49458","12404","67059","14369","70835","19322","14459","2830","14470","2835","-","**","-","**","-","**","-","**","N","N","-","**","18766","17658","14430","2839",
"1400000US26163574000","Census Tract 5740, Wayne County, Michigan","1604","207","1251","222","1219","228","141","74","137","62","545","195","170","86","577","132","55","29","254","140","189","89","1203","210","135","73","602","168","112","65","154","71","54","50","146","120","6127","795","5888","796","12","10","0","15","0","15","0","15","0","15","227","165","38","38","5858","794","1604","207","78.0","6.4","76.0","6.8","8.8","4.8","8.5","3.9","34.0","10.1","10.6","5.7","36.0","8.6","3.4","1.9","15.8","8.2","11.8","5.8","1203","210","11.2","6.3","50.0","11.5","9.3","5.2","12.8","5.8","4.5","4.1","12.1","9.0","6127","795","96.1","2.7","0.2","0.2","0.0","0.4","0.0","0.4","0.0","0.4","0.0","0.4","3.7","2.7","0.6","0.6","95.6","2.8","59029","13920","58520","13589","58699","13842","11739","4543","41246","49631","13612","2336","11931","2434","(X)","(X)","5538","3763","15594","4230","11168","5098","64315","17389","52399","48772","39391","7219","80030","21410","62494","15827","123456","18194","146088","91412","16464","4882","16942","5040","N","N","-","**","-","**","-","**","-","**","4552","2544","N","N","16947","5054",
"1400000US26163574100","Census Tract 5741, Wayne County, Michigan","1517","426","1257","403","1121","384","164","131","107","51","374","146","124","59","459","149","150","141","148","69","230","124","816","146","65","33","508","136","46","39","122","60","40","44","35","36","4501","686","3949","759","266","171","10","17","68","72","0","11","0","11","208","258","34","43","3941","758","1517","426","82.9","8.7","73.9","11.6","10.8","8.5","7.1","4.0","24.7","11.2","8.2","4.2","30.3","12.6","9.9","9.2","9.8","5.0","15.2","8.1","816","146","8.0","4.3","62.3","10.2","5.6","4.6","15.0","7.3","4.9","5.3","4.3","4.3","4501","686","87.7","7.2","5.9","4.1","0.2","0.4","1.5","1.6","0.0","0.6","0.0","0.6","4.6","5.7","0.8","1.0","87.6","7.2","48956","8728","48167","8293","48736","6783","36051","34103","16659","13327","16257","3377","10637","2512","(X)","(X)","6829","5549","10707","3817","8390","3912","57666","11633","20960","14889","50842","10809","148107","74179","69381","30718","74513","42250","45926","57471","16916","4145","15722","4485","34297","12740","N","N","40194","43766","-","**","-","**","10547","22647","N","N","15726","4494",
"1400000US26163574203","Census Tract 5742.03, Wayne County, Michigan","1254","168","904","126","887","126","97","38","337","111","346","112","51","60","40","35","7","11","281","96","198","99","542","105","49","37","201","84","152","67","73","43","23","25","44","30","3032","448","2080","387","369","91","0","11","429","231","0","11","15","18","139","98","123","87","2006","380","1254","168","72.1","7.8","70.7","7.7","7.7","3.4","26.9","7.1","27.6","7.5","4.1","4.7","3.2","2.8","0.6","0.9","22.4","6.5","15.8","7.0","542","105","9.0","6.4","37.1","12.2","28.0","10.9","13.5","7.9","4.2","4.8","8.1","5.4","3032","448","68.6","7.7","12.2","3.3","0.0","0.9","14.1","6.9","0.0","0.9","0.5","0.6","4.6","3.2","4.1","2.8","66.2","8.0","106932","21828","117485","27230","117309","27542","22195","7310","30258","17001","17410","3349","19482","11682","(X)","(X)","N","N","24858","10698","18343","13426","131686","35798","N","N","N","N","N","N","N","N","N","N","N","N","45905","8651","41045","10648","30942","6548","-","**","80766","36326","-","**","N","N","50170","28482","37860","28368","41938","11092",
"1400000US26163574301","Census Tract 5743.01, Wayne County, Michigan","1120","152","875","118","858","118","86","59","204","136","206","134","34","29","196","61","31","28","174","131","95","58","838","157","185","139","351","96","151","70","114","66","29","26","8","14","3241","490","2735","539","67","68","27","46","392","151","0","11","13","18","7","11","94","100","2654","550","1120","152","78.1","11.7","76.6","11.8","7.7","5.2","18.2","10.5","18.4","10.4","3.0","2.6","17.5","5.8","2.8","2.5","15.5","10.3","8.5","5.5","838","157","22.1","13.9","41.9","12.1","18.0","8.2","13.6","7.8","3.5","3.2","1.0","1.8","3241","490","84.4","5.8","2.1","2.1","0.8","1.4","12.1","5.5","0.0","0.8","0.4","0.6","0.2","0.4","2.9","3.1","81.9","7.1","77159","13070","75487","12174","71345","12096","56243","41966","47681","36557","26004","3313","7706","1558","(X)","(X)","2542","770","22566","5073","10695","8235","85173","16465","N","N","N","N","N","N","N","N","N","N","N","N","27231","5704","22577","6235","39384","18718","N","N","47802","10648","-","**","N","N","N","N","19965","8162","22683","6412",
"1400000US26163574600","Census Tract 5746, Wayne County, Michigan","1736","185","1444","189","1431","190","121","56","395","88","466","169","43","26","111","57","18","19","312","66","189","65","1225","205","118","45","423","180","350","92","137","71","138","53","59","41","4513","468","4262","507","166","137","0","11","21","31","0","11","33","37","31","40","332","194","3947","520","1736","185","83.2","4.3","82.4","4.4","7.0","3.3","22.8","5.3","26.8","8.0","2.5","1.5","6.4","3.4","1.0","1.1","18.0","4.5","10.9","3.7","1225","205","9.6","3.9","34.5","10.8","28.6","6.9","11.2","5.8","11.3","4.0","4.8","3.5","4513","468","94.4","3.4","3.7","3.1","0.0","0.6","0.5","0.7","0.0","0.6","0.7","0.8","0.7","0.9","7.4","4.3","87.5","5.0","88066","10176","89116","12225","88380","12075","18269","11304","12764","3683","20680","3042","7060","1962","(X)","(X)","N","N","24058","4944","8880","5455","96807","13185","67870","20190","53221","16449","148422","14040","70598","21232","155830","31961","83783","29077","34061","3645","34422","3837","22643","10310","-","**","N","N","-","**","N","N","36255","19219","23523","11328","35382","4061",
"1400000US26163574700","Census Tract 5747, Wayne County, Michigan","1615","222","1379","225","1353","217","124","63","351","92","372","102","74","60","81","63","37","48","356","104","152","81","1132","120","75","37","411","132","295","86","203","74","128","70","20","18","4775","616","4620","594","0","11","0","11","64","64","0","11","8","14","83","68","177","117","4483","599","1615","222","85.4","4.8","83.8","4.6","7.7","4.0","21.7","6.8","23.0","6.2","4.6","3.6","5.0","3.8","2.3","3.0","22.0","6.3","9.4","4.6","1132","120","6.6","3.1","36.3","9.1","26.1","8.1","17.9","6.8","11.3","6.0","1.8","1.6","4775","616","96.8","2.0","0.0","0.6","0.0","0.6","1.3","1.3","0.0","0.6","0.2","0.3","1.7","1.4","3.7","2.4","93.9","2.7","103185","14144","101328","15931","102075","16026","13089","17056","9229","3329","22916","3788","10939","3580","(X)","(X)","N","N","34332","8750","13329","5997","107454","16592","52244","14841","76238","21145","145850","51047","109313","26796","135100","34221","193835","77501","35615","4875","36000","5063","-","**","-","**","41828","23549","-","**","-","**","12812","12648","29998","12015","35944","5238",
"1400000US26163574800","Census Tract 5748, Wayne County, Michigan","1286","125","1030","119","965","116","147","66","467","93","338","68","8","13","72","44","9","15","356","79","149","65","1040","125","132","52","313","85","364","100","83","45","122","52","26","23","3681","370","3502","341","33","31","0","11","32","37","0","11","9","16","105","137","87","104","3415","357","1286","125","80.1","4.6","75.0","5.2","11.4","5.1","36.3","7.0","26.3","5.3","0.6","1.0","5.6","3.3","0.7","1.2","27.7","6.1","11.6","4.9","1040","125","12.7","4.5","30.1","7.7","35.0","7.4","8.0","4.5","11.7","5.2","2.5","2.2","3681","370","95.1","4.0","0.9","0.8","0.0","0.7","0.9","1.0","0.0","0.7","0.2","0.4","2.9","3.6","2.4","2.8","92.8","4.8","142379","16071","140557","18895","144189","18565","38306","31938","17641","6260","26528","3237","N","N","(X)","(X)","N","N","49191","11618","23567","14124","150343","17714","110411","26947","125334","36144","180051","30973","108467","51279","198274","47298","147019","42267","49842","6203","50135","6309","N","N","-","**","36881","39928","-","**","-","**","54328","87713","30959","9708","50624","6403",
"1400000US26163574900","Census Tract 5749, Wayne County, Michigan","866","130","466","125","463","124","25","28","330","110","399","81","66","36","172","113","15","17","231","58","51","43","365","110","96","42","65","45","157","98","47","37","0","11","0","11","1691","463","1551","454","86","54","0","11","54","67","0","11","0","11","0","11","74","76","1477","446","866","130","53.8","10.3","53.5","10.1","2.9","3.3","38.1","9.7","46.1","9.3","7.6","4.1","19.9","11.1","1.7","1.9","26.7","6.6","5.9","4.9","365","110","26.3","12.1","17.8","12.9","43.0","17.2","12.9","11.0","0.0","7.3","0.0","7.3","1691","463","91.7","5.4","5.1","3.4","0.0","1.6","3.2","4.1","0.0","1.6","0.0","1.6","0.0","1.6","4.4","4.5","87.3","7.8","82358","15763","107223","22184","107470","22199","8276","5017","9504","6159","19016","2538","7471","3100","(X)","(X)","N","N","42241","12795","7069","9300","131623","23101","99978","35596","58449","23739","196837","32901","79615","46731","-","**","-","**","42230","6673","42199","7143","29077","19373","-","**","64067","5651","-","**","-","**","-","**","29001","37138","42861","6991",
"1400000US26163575000","Census Tract 5750, Wayne County, Michigan","1938","332","1251","235","1239","236","91","64","473","160","772","258","70","45","94","53","19","22","643","243","53","36","789","124","104","51","246","97","271","105","78","59","70","45","20","30","3580","536","3377","510","70","71","0","11","13","21","0","11","0","11","120","96","147","112","3270","523","1938","332","64.6","9.6","63.9","9.6","4.7","3.6","24.4","7.5","39.8","10.2","3.6","2.4","4.9","2.8","1.0","1.1","33.2","10.4","2.7","1.9","789","124","13.2","6.1","31.2","12.3","34.3","11.0","9.9","7.0","8.9","5.7","2.5","3.8","3580","536","94.3","3.2","2.0","2.0","0.0","0.8","0.4","0.6","0.0","0.8","0.0","0.8","3.4","2.6","4.1","3.2","91.3","4.4","84394","9249","93834","9492","93226","9606","20656","22264","20780","15926","18988","5043","14507","5023","(X)","(X)","N","N","30142","9179","23555","13327","110834","15231","N","N","N","N","N","N","N","N","N","N","N","N","46205","5622","47390","5943","23676","13274","-","**","N","N","-","**","-","**","30970","21335","20675","10301","48151","5936",
"1400000US26163575100","Census Tract 5751, Wayne County, Michigan","1057","177","721","100","702","100","54","32","183","63","315","66","60","46","141","159","7","10","312","69","104","50","551","94","109","55","195","72","144","59","52","34","31","26","20","21","2208","269","2015","266","28","32","0","11","43","60","0","11","40","63","82","55","206","142","1849","260","1057","177","68.2","12.5","66.4","12.4","5.1","3.3","17.3","6.4","29.8","6.8","5.7","4.5","13.3","13.2","0.7","1.0","29.5","6.7","9.8","4.9","551","94","19.8","9.2","35.4","12.0","26.1","9.3","9.4","6.0","5.6","4.7","3.6","3.9","2208","269","91.3","4.9","1.3","1.5","0.0","1.2","1.9","2.7","0.0","1.2","1.8","2.8","3.7","2.4","9.3","6.2","83.7","6.2","66184","12922","73399","8923","73987","9015","18170","18900","6843","3454","22897","3142","11653","5821","(X)","(X)","N","N","22968","5103","6683","3346","79046","10249","N","N","N","N","N","N","N","N","N","N","N","N","31588","4231","31383","4434","N","N","-","**","N","N","-","**","N","N","2212","2614","31735","14348","31505","4294",
"1400000US26163575200","Census Tract 5752, Wayne County, Michigan","1607","151","1267","140","1239","142","91","49","270","107","447","109","107","61","178","72","59","38","416","111","121","51","948","129","85","44","287","81","303","79","109","50","133","102","31","27","3853","511","3128","529","293","47","0","11","131","100","0","11","44","59","257","136","198","159","2993","516","1607","151","78.8","6.3","77.1","6.7","5.7","3.0","16.8","5.9","27.8","5.9","6.7","3.9","11.1","4.6","3.7","2.4","25.9","6.2","7.5","3.3","948","129","9.0","4.5","30.3","7.7","32.0","8.5","11.5","5.2","14.0","9.7","3.3","3.0","3853","511","81.2","5.1","7.6","1.6","0.0","0.7","3.4","2.5","0.0","0.7","1.1","1.6","6.7","3.6","5.1","4.1","77.7","6.0","68088","6944","70489","7550","69888","7826","29873","13138","4593","1760","18570","2845","9844","1351","(X)","(X)","4286","1920","20149","4309","7266","2675","78655","8959","29633","6803","65545","13820","94495","11340","61672","15091","112361","27007","94748","4290","28508","2288","30010","2817","33010","7992","-","**","21791","15503","-","**","21591","21070","9700","9481","18757","10757","30627","3066",
"1400000US26163575300","Census Tract 5753, Wayne County, Michigan","1463","384","973","111","973","111","120","59","569","411","687","399","38","30","113","57","18","18","568","372","216","82","845","103","111","67","195","79","243","70","147","68","107","54","42","51","3380","461","3033","441","234","195","17","25","20","32","0","11","0","11","76","82","152","114","2881","434","1463","384","66.5","18.6","66.5","18.6","8.2","4.0","38.9","18.9","47.0","16.2","2.6","2.2","7.7","4.4","1.2","1.3","38.8","16.3","14.8","6.8","845","103","13.1","7.7","23.1","8.4","28.8","8.7","17.4","8.1","12.7","6.1","5.0","5.8","3380","461","89.7","6.1","6.9","5.7","0.5","0.7","0.6","0.9","0.0","0.8","0.0","0.8","2.2","2.3","4.5","3.4","85.2","6.4","78805","12408","86923","8813","86013","8791","7372","4382","6488","8603","21544","1773","11237","2532","(X)","(X)","3817","1953","17805","2846","7475","2045","90584","9777","42725","16740","66440","14390","104041","13364","90718","15792","131831","21336","145757","52328","34329","3217","36346","3563","20244","5336","N","N","N","N","-","**","-","**","N","N","10501","9862","37710","3885",
"1400000US26163575401","Census Tract 5754.01, Wayne County, Michigan","1142","105","873","113","839","112","62","42","230","67","351","65","58","78","67","80","0","11","363","102","65","39","687","108","96","51","244","109","219","72","74","47","54","40","0","11","2680","326","2447","333","54","75","10","15","41","46","0","11","81","89","47","38","176","111","2314","330","1142","105","76.4","5.5","73.5","5.3","5.4","3.6","20.1","5.7","30.7","6.1","5.1","6.6","5.9","6.7","0.0","2.4","31.8","7.1","5.7","3.3","687","108","14.0","6.8","35.5","13.0","31.9","10.3","10.8","7.2","7.9","5.9","0.0","3.9","2680","326","91.3","4.9","2.0","2.8","0.4","0.6","1.5","1.7","0.0","1.0","3.0","3.3","1.8","1.4","6.6","4.0","86.3","6.4","75983","8129","81650","11770","84323","11889","8594","6734","7250","5717","19347","2949","N","N","(X)","(X)","-","**","16227","3491","6889","3700","89818","12746","35643","16878","65472","13666","127393","16449","95874","40739","135452","49696","-","**","32453","4428","32146","4669","45476","6383","N","N","N","N","-","**","24744","33328","N","N","43593","17455","31708","4473",
"1400000US26163575500","Census Tract 5755, Wayne County, Michigan","1326","132","1029","124","1020","124","70","44","285","89","397","85","82","46","73","49","0","11","312","86","151","68","817","139","138","51","239","80","252","91","75","45","39","29","74","47","3491","631","2872","324","207","142","5","8","0","11","0","11","18","26","389","458","156","97","2816","324","1326","132","77.6","5.1","76.9","5.1","5.3","3.3","21.5","6.5","29.9","5.9","6.2","3.5","5.5","3.6","0.0","2.0","23.5","6.2","11.4","4.8","817","139","16.9","6.0","29.3","8.2","30.8","8.9","9.2","5.6","4.8","3.6","9.1","5.6","3491","631","82.3","11.1","5.9","3.9","0.1","0.2","0.0","0.8","0.0","0.8","0.5","0.7","11.1","11.7","4.5","2.6","80.7","11.1","70835","6833","73345","8398","73012","8452","14280","11590","7282","4503","19908","2406","8874","3276","(X)","(X)","-","**","21159","4707","7597","3769","79549","10870","35810","15449","59693","11396","111133","30454","89209","21127","96300","22507","99073","13775","27677","4782","30855","4062","29297","6736","N","N","-","**","-","**","N","N","3787","7360","15868","7492","31251","4120",
"1400000US26163575600","Census Tract 5756, Wayne County, Michigan","553","67","433","63","388","69","59","34","118","35","183","32","33","28","72","41","15","14","142","31","26","19","417","63","53","24","162","40","90","35","32","24","58","48","22","21","1671","264","1494","266","83","118","0","11","78","76","0","11","0","11","16","16","49","45","1450","266","553","67","78.3","5.0","70.2","8.2","10.7","6.3","21.3","6.0","33.1","6.6","6.0","4.9","13.0","7.4","2.7","2.5","25.7","6.4","4.7","3.4","417","63","12.7","5.5","38.8","10.8","21.6","8.2","7.7","5.7","13.9","10.0","5.3","4.9","1671","264","89.4","8.4","5.0","6.9","0.0","1.6","4.7","4.5","0.0","1.6","0.0","1.6","1.0","1.0","2.9","2.7","86.8","8.7","84656","28472","86118","36625","93624","39770","16319","5541","10886","7580","21967","3527","11161","2322","(X)","(X)","3900","2067","23557","7771","17265","10399","93123","36937","N","N","N","N","N","N","N","N","N","N","N","N","28554","8219","29699","8920","9859","16185","-","**","22659","16046","-","**","-","**","N","N","29143","11740","29920","9159",
"1400000US26163576001","Census Tract 5760.01, Wayne County, Michigan","818","106","502","65","495","67","31","22","163","50","338","70","58","33","43","24","27","20","275","76","43","30","471","64","108","42","147","57","75","31","30","23","46","27","65","31","1815","181","1407","218","114","67","0","11","97","74","0","11","107","117","90","60","137","89","1270","228","818","106","61.4","8.1","60.5","8.3","3.8","2.7","19.9","6.5","41.3","7.9","7.1","4.0","5.3","3.1","3.3","2.5","33.6","8.0","5.3","3.8","471","64","22.9","8.1","31.2","11.2","15.9","6.2","6.4","4.8","9.8","5.8","13.8","6.6","1815","181","77.5","9.3","6.3","3.7","0.0","1.5","5.3","4.1","0.0","1.5","5.9","6.3","5.0","3.2","7.5","5.1","70.0","9.2","63344","9358","73769","8887","73430","9050","22071","15690","12943","8656","23910","3342","14036","4770","(X)","(X)","1148","907","12638","3580","6309","3781","82880","9867","51706","14529","77066","19350","97417","16197","152153","56483","88548","34737","95071","25326","28862","3079","30908","3614","32196","19417","-","**","32708","9641","-","**","15256","1107","4673","3180","22885","4240","31774","3933",
"1400000US26163576100","Census Tract 5761, Wayne County, Michigan","2687","305","1745","163","1707","154","315","165","432","177","1015","330","132","91","258","146","69","62","832","326","296","150","1591","236","340","130","453","137","467","135","121","84","210","137","0","15","6149","510","5476","530","182","138","0","15","38","37","0","15","342","292","111","110","1076","441","4742","545","2687","305","64.9","8.6","63.5","8.2","11.7","6.3","16.1","6.0","37.8","8.8","4.9","3.4","9.6","5.5","2.6","2.3","31.0","9.7","11.0","5.3","1591","236","21.4","7.6","28.5","7.8","29.4","8.0","7.6","5.1","13.2","8.0","0.0","1.7","6149","510","89.1","5.2","3.0","2.2","0.0","0.4","0.6","0.6","0.0","0.4","5.6","4.7","1.8","1.8","17.5","6.9","77.1","7.1","62998","7722","73327","10164","70045","8680","26634","16584","6857","5207","22023","3356","15485","5757","(X)","(X)","1212","1298","12341","4752","12191","8494","68168","9979","36322","12597","50467","10096","84670","16227","78108","46659","115486","23304","-","**","27696","2584","29256","3043","29012","9573","-","**","N","N","-","**","8814","3927","13316","12557","18837","8582","30146","3168",
"1400000US26163576200","Census Tract 5762, Wayne County, Michigan","996","142","768","147","761","148","101","56","163","67","347","64","127","81","10","13","0","11","293","80","107","57","624","98","104","41","152","60","263","85","55","40","49","33","1","8","2147","309","2035","334","106","130","0","11","0","11","0","11","6","9","0","11","71","62","1970","334","996","142","77.1","6.8","76.4","7.0","10.1","5.7","16.4","7.1","34.8","6.9","12.8","8.0","1.0","1.3","0.0","2.7","29.4","7.2","10.7","5.8","624","98","16.7","6.6","24.4","9.1","42.1","10.0","8.8","6.5","7.9","5.1","0.2","1.3","2147","309","94.8","6.1","4.9","6.1","0.0","1.3","0.0","1.3","0.0","1.3","0.3","0.4","0.0","1.3","3.3","2.8","91.8","7.4","77729","9288","74657","10679","71477","11303","29133","11739","14971","10977","21845","2493","15145","4307","(X)","(X)","-","**","24615","6335","8646","2812","95034","10963","N","N","N","N","N","N","N","N","N","N","N","N","36595","3890","37398","4222","N","N","-","**","-","**","-","**","N","N","-","**","30535","13437","37638","4339",
"1400000US26163576300","Census Tract 5763, Wayne County, Michigan","953","107","762","110","751","111","58","29","215","54","267","46","54","40","49","24","29","19","293","66","130","53","652","103","86","30","173","54","218","81","50","23","89","38","36","25","2498","311","2353","312","42","37","0","11","14","23","0","11","22","27","67","70","156","91","2267","317","953","107","80.0","5.1","78.8","5.2","6.1","3.1","22.6","5.7","28.0","5.0","5.7","4.0","5.1","2.6","3.0","2.0","30.7","6.7","13.6","5.1","652","103","13.2","4.9","26.5","7.5","33.4","9.9","7.7","3.5","13.7","5.5","5.5","3.9","2498","311","94.2","3.3","1.7","1.5","0.0","1.1","0.6","0.9","0.0","1.1","0.9","1.1","2.7","2.7","6.2","3.6","90.8","3.8","94812","17784","81277","8472","80726","8245","22547","14058","32863","38307","23299","2221","16126","5667","(X)","(X)","1845","1354","43564","26599","11142","5178","108581","25407","79645","28768","124613","95830","100243","10496","89866","22837","150385","14995","73800","29835","37345","6997","37961","7477","11379","4139","-","**","N","N","-","**","N","N","26848","16716","30746","7471","38099","7715",
"1400000US26163576400","Census Tract 5764, Wayne County, Michigan","1473","221","1090","186","1080","185","67","51","273","70","553","132","91","50","142","78","14","16","444","104","196","130","950","159","137","48","248","79","402","138","73","46","72","48","18","20","3510","443","3093","349","173","144","0","11","0","11","0","11","39","35","205","156","435","222","2855","336","1473","221","74.0","5.9","73.3","5.8","4.5","3.5","18.5","5.6","37.5","7.3","6.2","3.5","9.6","4.9","1.0","1.1","30.1","6.7","13.3","8.0","950","159","14.4","4.8","26.1","7.9","42.3","9.7","7.7","5.0","7.6","5.2","1.9","2.1","3510","443","88.1","6.5","4.9","3.8","0.0","0.8","0.0","0.8","0.0","0.8","1.1","1.0","5.8","4.2","12.4","5.7","81.3","8.3","78571","6671","77924","8059","77789","8099","13796","3889","5463","5390","23776","2192","10031","2199","(X)","(X)","N","N","24546","6129","21186","10156","94139","7687","N","N","N","N","N","N","N","N","N","N","N","N","33275","3163","34645","3254","32439","26004","-","**","-","**","-","**","N","N","13389","10008","26194","9940","34048","3443",
"1400000US26163576500","Census Tract 5765, Wayne County, Michigan","1441","203","1170","216","1097","207","113","73","279","97","513","85","24","23","89","42","34","29","390","90","152","69","1048","213","136","49","434","220","280","66","96","41","67","37","35","27","3718","667","3158","269","25","27","17","19","100","129","0","11","24","38","394","344","90","57","3092","269","1441","203","81.2","6.1","76.1","6.4","7.8","5.0","19.4","6.7","35.6","7.2","1.7","1.6","6.2","3.0","2.4","2.1","27.1","7.0","10.5","5.0","1048","213","13.0","5.3","41.4","13.6","26.7","9.0","9.2","4.4","6.4","3.6","3.3","2.5","3718","667","84.9","10.6","0.7","0.7","0.5","0.5","2.7","3.1","0.0","0.7","0.6","1.1","10.6","7.9","2.4","1.6","83.2","10.4","117108","20065","119446","22799","121801","24052","54311","20266","22680","19851","23078","2144","10129","527","(X)","(X)","2479","771","23732","6073","8231","4156","126774","13497","70310","12869","118317","30567","166615","27916","98661","30199","168701","28869","129180","32344","45079","5386","49220","8654","22432","13265","N","N","N","N","-","**","N","N","7409","12280","43944","8612","49192","8844",
"1400000US26163576600","Census Tract 5766, Wayne County, Michigan","1649","171","1226","178","1215","179","41","39","332","101","525","132","67","61","159","93","95","78","363","124","267","98","1168","164","212","61","338","111","381","100","122","85","58","40","57","43","3985","438","3714","413","133","197","18","27","33","38","0","11","30","51","57","56","334","188","3410","393","1649","171","74.3","5.9","73.7","5.9","2.5","2.3","20.1","5.9","31.8","7.0","4.1","3.8","9.6","5.3","5.8","4.5","22.0","6.7","16.2","5.7","1168","164","18.2","5.3","28.9","8.3","32.6","8.4","10.4","6.6","5.0","3.5","4.9","3.7","3985","438","93.2","5.0","3.3","4.8","0.5","0.7","0.8","1.0","0.0","0.7","0.8","1.3","1.4","1.4","8.4","4.5","85.6","6.2","106676","29072","100497","20795","101200","20785","6146","4201","84211","78466","24889","2366","11379","4940","(X)","(X)","1471","1646","18571","4176","15102","7657","128273","41365","123992","107982","140804","120468","128186","11808","99825","16684","149164","42617","110096","21356","44012","12939","45338","13836","26427","3071","N","N","20770","4804","-","**","N","N","25854","10603","28587","12564","46958","15355",
"1400000US26163576700","Census Tract 5767, Wayne County, Michigan","1351","159","973","110","957","108","69","38","384","96","482","123","65","38","64","53","0","11","326","71","113","54","832","117","98","46","241","69","246","67","56","35","152","77","39","39","3267","443","2772","336","200","248","0","11","51","47","0","11","77","78","167","112","299","184","2650","341","1351","159","72.0","7.0","70.8","6.9","5.1","2.9","28.4","7.2","35.7","6.6","4.8","2.8","4.7","3.9","0.0","2.0","24.1","4.9","8.4","3.9","832","117","11.8","5.0","29.0","8.0","29.6","7.4","6.7","4.0","18.3","8.8","4.7","4.5","3267","443","84.8","8.0","6.1","7.2","0.0","0.8","1.6","1.5","0.0","0.8","2.4","2.4","5.1","3.2","9.2","5.6","81.1","8.3","91807","11326","97400","13449","95048","13638","55207","26902","12285","5297","23063","2505","10235","2774","(X)","(X)","-","**","32996","8230","17746","9802","118078","14636","87533","32105","83524","13715","124496","16707","74755","22027","200883","41463","107364","54189","38381","4161","42060","4948","15725","12138","-","**","38939","21566","-","**","8651","6745","17983","12264","24784","7970","41930","5100",
"1400000US26163577000","Census Tract 5770, Wayne County, Michigan","1723","288","1260","267","1244","267","110","75","52","29","509","122","120","52","365","117","51","36","277","94","300","258","719","121","39","29","434","112","94","61","81","49","51","57","20","22","3559","564","1820","402","872","288","0","11","16","20","0","11","691","461","160","83","1237","374","1306","240","1723","288","73.1","6.4","72.2","6.5","6.4","4.3","3.0","1.6","29.5","7.1","7.0","3.1","21.2","6.9","3.0","2.2","16.1","5.6","17.4","12.5","719","121","5.4","4.0","60.4","11.8","13.1","7.9","11.3","6.9","7.1","7.6","2.8","3.1","3559","564","51.1","10.9","24.5","7.0","0.0","0.8","0.4","0.6","0.0","0.8","19.4","11.5","4.5","2.2","34.8","7.9","36.7","7.8","44331","6462","47488","8225","46867","8079","13931","10570","621","531","17759","2425","8099","1631","(X)","(X)","3214","4021","15741","2866","6598","1953","60450","12601","N","N","N","N","N","N","N","N","N","N","N","N","21841","4624","22576","4095","26552","9275","-","**","237450","395820","-","**","11639","6739","10314","5725","12275","2639","27221","4387",
"1400000US26163577100","Census Tract 5771, Wayne County, Michigan","984","135","682","102","682","102","20","23","65","42","305","125","103","66","275","94","24","18","221","115","169","128","368","104","75","43","201","84","32","25","31","33","10","16","19","23","1949","376","1219","301","137","94","4","7","208","260","0","11","269","181","112","67","679","278","854","221","984","135","69.3","10.4","69.3","10.4","2.0","2.3","6.6","4.5","31.0","9.9","10.5","6.4","27.9","10.2","2.4","1.9","22.5","9.5","17.2","11.4","368","104","20.4","11.4","54.6","13.1","8.7","6.7","8.4","8.7","2.7","4.5","5.2","5.6","1949","376","62.5","11.1","7.0","4.9","0.2","0.4","10.7","12.4","0.0","1.4","13.8","9.1","5.7","3.4","34.8","12.0","43.8","9.9","50486","22350","35056","6293","34677","6267","N","N","115340","163964","18554","3945","8223","2245","(X)","(X)","5192","2382","45395","45444","9529","8659","82289","62816","N","N","N","N","N","N","N","N","N","N","N","N","25851","12623","34306","18444","12555","7686","N","N","N","N","-","**","14307","7645","23918","16033","13693","3447","42709","24868",
"1400000US26163577200","Census Tract 5772, Wayne County, Michigan","1272","197","981","143","919","132","96","76","157","96","292","125","105","67","299","107","62","59","252","131","196","115","981","193","191","118","450","146","170","89","140","68","22","37","8","18","3543","549","2191","520","450","307","183","190","0","11","0","11","607","302","112","150","1004","281","1881","515","1272","197","77.1","8.8","72.2","8.9","7.5","5.8","12.3","6.6","23.0","8.1","8.3","5.4","23.5","7.6","4.9","4.8","19.8","9.5","15.4","8.4","981","193","19.5","9.8","45.9","12.5","17.3","8.8","14.3","7.0","2.2","3.8","0.8","1.8","3543","549","61.8","10.2","12.7","8.3","5.2","5.4","0.0","0.8","0.0","0.8","17.1","8.5","3.2","4.3","28.3","8.3","53.1","10.3","53353","8239","54076","9610","54968","9818","26381","9993","2345","2116","24353","5507","12744","4769","(X)","(X)","3258","2201","18581","5627","5689","3991","56037","10307","N","N","N","N","N","N","N","N","N","N","N","N","19740","3376","25785","4595","4989","4335","22431","6411","-","**","-","**","10623","4462","5779","7201","13288","3491","26841","5103",
"1400000US26163577300","Census Tract 5773, Wayne County, Michigan","1377","242","942","193","934","192","16","20","168","178","604","240","63","63","213","92","52","65","528","243","100","59","667","148","129","118","205","87","228","60","39","46","51","44","15","24","3149","378","2816","409","91","73","0","11","0","11","0","11","132","164","110","128","555","209","2393","441","1377","242","68.4","8.7","67.8","8.6","1.2","1.4","12.2","11.5","43.9","11.0","4.6","4.7","15.5","7.4","3.8","4.8","38.3","12.3","7.3","4.3","667","148","19.3","14.7","30.7","12.2","34.2","10.5","5.8","6.8","7.6","6.7","2.2","3.6","3149","378","89.4","6.7","2.9","2.4","0.0","0.9","0.0","0.9","0.0","0.9","4.2","5.1","3.5","4.1","17.6","7.2","76.0","7.2","57027","7591","57722","10290","57793","10376","N","N","4039","6133","19115","2509","14560","6901","(X)","(X)","N","N","18321","5083","12498","11747","77281","14027","N","N","N","N","N","N","N","N","N","N","N","N","25238","3900","26720","4261","22504","23523","-","**","-","**","-","**","12386","6312","N","N","16339","4694","28337","4821",
"1400000US26163577400","Census Tract 5774, Wayne County, Michigan","1363","289","944","140","915","133","61","40","237","260","446","262","136","88","462","283","1","6","391","266","166","105","808","137","110","60","283","107","136","82","200","73","49","34","30","27","3545","504","2639","538","258","178","0","11","28","32","0","11","403","256","217","166","886","334","2235","557","1363","289","69.3","14.5","67.1","14.1","4.5","3.0","17.4","16.1","32.7","13.9","10.0","6.2","33.9","14.5","0.1","0.5","28.7","14.9","12.2","7.4","808","137","13.6","6.8","35.0","10.7","16.8","8.9","24.8","10.2","6.1","4.2","3.7","3.3","3545","504","74.4","8.4","7.3","5.1","0.0","0.8","0.8","0.9","0.0","0.8","11.4","7.6","6.1","4.5","25.0","10.4","63.0","9.5","55883","8436","62689","9036","63638","9049","15554","9603","1105","2320","19344","2470","10030","3759","(X)","(X)","N","N","13643","3697","8448","3525","65490","9878","32076","10226","35801","6873","107685","31214","88702","13897","88461","49887","84530","22789","21966","2647","24940","3767","16616","7143","-","**","N","N","-","**","12980","2987","8619","4606","20223","6854","24256","3391",
"1400000US26163577500","Census Tract 5775, Wayne County, Michigan","994","136","764","133","754","133","28","27","84","43","347","92","81","60","187","113","38","33","243","92","104","76","634","124","119","79","241","76","164","84","55","36","38","27","17","24","2927","700","1891","316","516","646","0","11","19","27","0","11","364","259","137","157","751","259","1506","271","994","136","76.9","7.2","75.9","7.4","2.8","2.6","8.5","4.2","34.9","8.2","8.1","5.6","18.8","10.1","3.8","3.5","24.4","8.1","10.5","7.0","634","124","18.8","11.5","38.0","10.7","25.9","11.3","8.7","5.8","6.0","4.3","2.7","3.7","2927","700","64.6","18.3","17.6","18.7","0.0","0.9","0.6","1.0","0.0","0.9","12.4","8.1","4.7","5.3","25.7","8.9","51.5","14.6","59365","7844","57525","8320","57824","8651","12511","2259","5817","5516","21329","4323","10704","3848","(X)","(X)","424","261","20414","4142","12744","7561","66842","8072","N","N","N","N","N","N","N","N","N","N","N","N","20243","3921","23907","3438","12271","3944","-","**","N","N","-","**","11725","7169","14122","10434","19288","7318","23910","3403",
"1400000US26163577600","Census Tract 5776, Wayne County, Michigan","1497","219","1208","229","1184","231","73","44","128","49","385","82","91","53","217","88","40","48","366","206","128","72","866","103","137","64","312","91","136","59","227","81","15","19","39","29","3656","471","3032","493","80","101","46","59","130","181","0","11","235","198","133","105","645","239","2760","466","1497","219","80.7","6.0","79.1","6.3","4.9","3.3","8.6","3.6","25.7","6.3","6.1","3.4","14.5","5.8","2.7","3.2","24.4","11.8","8.6","4.5","866","103","15.8","7.7","36.0","9.9","15.7","6.3","26.2","8.4","1.7","2.2","4.5","3.3","3656","471","82.9","8.5","2.2","2.8","1.3","1.6","3.6","4.8","0.0","0.7","6.4","5.6","3.6","2.7","17.6","6.2","75.5","9.2","65662","8816","58420","13999","57917","14079","27352","24478","30645","13411","19834","2469","9730","2897","(X)","(X)","N","N","38145","25041","9682","3984","60917","8420","29304","16686","49631","10922","87915","27947","69673","17129","133720","48186","89144","16145","27083","4730","26000","5376","14380","17848","5483","6801","N","N","-","**","16506","21696","23916","12881","15924","7644","27001","5934",
"1400000US26163577700","Census Tract 5777, Wayne County, Michigan","911","125","701","127","691","127","24","19","100","42","310","96","83","46","87","57","32","44","268","86","91","36","647","111","92","44","242","99","163","45","79","37","42","25","29","20","2479","413","1879","396","75","68","26","28","59","52","0","11","366","166","74","75","442","174","1828","399","911","125","76.9","6.7","75.9","6.5","2.6","2.1","11.0","4.8","34.0","8.3","9.1","5.1","9.5","6.0","3.5","4.7","29.4","7.6","10.0","4.0","647","111","14.2","6.6","37.4","10.5","25.2","8.0","12.2","5.8","6.5","3.7","4.5","3.2","2479","413","75.8","7.2","3.0","2.9","1.0","1.2","2.4","2.2","0.0","1.1","14.8","6.4","3.0","2.9","17.8","6.8","73.7","7.4","75171","7236","75797","7390","76060","7469","24013","26155","1218","551","25021","4380","10755","3289","(X)","(X)","N","N","19471","4757","12682","5082","82283","7705","45601","13198","75845","17471","92117","12924","101780","23025","131981","20693","72028","33738","28692","2211","30909","3383","24707","14299","N","N","40539","15648","-","**","15852","5434","N","N","15516","4931","31264","3520",
"1400000US26163577800","Census Tract 5778, Wayne County, Michigan","1879","246","1453","232","1363","245","209","142","257","73","552","94","71","43","237","138","25","37","358","86","125","70","1182","162","153","77","452","94","275","93","166","117","75","60","61","39","4937","784","4480","858","144","115","0","11","0","11","0","11","286","253","27","33","865","181","3932","830","1879","246","77.3","4.6","72.5","6.2","11.1","7.2","13.7","4.3","29.4","5.0","3.8","2.3","12.6","6.9","1.3","2.0","19.1","4.0","6.7","3.6","1182","162","12.9","6.2","38.2","7.7","23.3","7.9","14.0","8.8","6.3","5.1","5.2","3.4","4937","784","90.7","6.0","2.9","2.4","0.0","0.6","0.0","0.6","0.0","0.6","5.8","5.3","0.5","0.7","17.5","4.7","79.6","5.6","66013","5950","69298","7057","69118","7390","31019","20744","10877","11510","21881","2422","10232","3296","(X)","(X)","N","N","16038","3764","15978","10230","74774","8509","40468","11674","64074","12647","98559","8655","50584","19750","111700","15058","153295","21879","25346","3113","26078","3503","32694","13120","-","**","-","**","-","**","8103","5829","47337","14095","17872","5272","26683","3936",
"1400000US26163577900","Census Tract 5779, Wayne County, Michigan","1545","116","1165","102","1150","103","41","37","110","50","511","120","155","93","403","129","58","39","430","122","122","79","986","125","154","88","434","114","132","73","163","64","80","61","23","26","4371","683","3693","674","346","323","18","21","0","11","0","11","269","177","45","40","429","106","3498","644","1545","116","75.4","7.5","74.4","7.8","2.7","2.3","7.1","3.3","33.1","6.7","10.0","5.7","26.1","7.1","3.8","2.4","27.8","6.9","7.9","5.0","986","125","15.6","7.9","44.0","10.5","13.4","7.4","16.5","6.7","8.1","5.9","2.3","2.7","4371","683","84.5","8.1","7.9","7.0","0.4","0.5","0.0","0.6","0.0","0.6","6.2","4.3","1.0","0.9","9.8","2.9","80.0","7.4","53716","6391","53887","7511","54267","7583","9054","15658","5326","4778","19865","2838","10510","2025","(X)","(X)","2271","1575","16790","3902","4061","3260","60105","8826","N","N","N","N","N","N","N","N","N","N","N","N","19298","2756","20561","3212","11921","6059","N","N","-","**","-","**","8861","4185","N","N","13503","6427","20653","3459",
"1400000US26163578000","Census Tract 5780, Wayne County, Michigan","1189","189","880","205","862","204","49","42","122","58","323","89","117","60","216","80","60","53","323","87","94","61","472","75","126","71","149","68","98","63","26","29","54","45","19","30","2410","377","2016","395","233","193","0","11","17","26","0","11","51","65","93","98","169","165","1898","360","1189","189","74.0","8.6","72.5","8.7","4.1","3.6","10.3","5.0","27.2","8.3","9.8","5.5","18.2","7.3","5.0","4.4","27.2","8.0","7.9","5.5","472","75","26.7","14.0","31.6","14.4","20.8","12.2","5.5","6.1","11.4","9.6","4.0","6.4","2410","377","83.7","8.8","9.7","7.8","0.0","1.1","0.7","1.1","0.0","1.1","2.1","2.7","3.9","4.2","7.0","6.7","78.8","8.4","67844","22340","54127","10656","53585","10896","29427","31914","1743","1048","20741","3644","8539","1597","(X)","(X)","6002","8147","74963","79274","5859","5168","115485","54625","N","N","N","N","N","N","N","N","N","N","N","N","33535","11235","36695","13540","11779","5884","-","**","N","N","-","**","N","N","N","N","22369","23343","38851","13953",
"1400000US26163578500","Census Tract 5785, Wayne County, Michigan","2037","351","1432","250","1432","250","28","29","170","93","570","357","162","97","532","349","119","100","281","124","82","78","1064","189","96","66","515","204","87","55","223","123","75","54","68","58","5263","539","3701","652","717","326","0","15","61","73","0","15","454","265","330","181","1245","474","3040","618","2037","351","70.3","14.8","70.3","14.8","1.4","1.4","8.3","4.6","28.0","14.3","8.0","5.2","26.1","14.3","5.8","4.9","13.8","6.4","4.0","4.0","1064","189","9.0","6.1","48.4","14.3","8.2","5.2","21.0","11.3","7.0","5.2","6.4","5.7","5263","539","70.3","7.9","13.6","6.1","0.0","0.5","1.2","1.4","0.0","0.5","8.6","5.2","6.3","3.6","23.7","8.1","57.8","10.7","60917","19851","75567","25077","75166","25103","N","N","1224","1001","12017","6303","17254","11584","(X)","(X)","5488","2253","14569","4037","15557","14305","79541","30107","31966","15091","74928","57622","71406","11025","100268","40882","125024","18671","73918","20037","23877","7795","25922","11282","24269","10310","-","**","N","N","-","**","11489","6891","18089","11133","26198","16672","23727","11433",
"1400000US26163578600","Census Tract 5786, Wayne County, Michigan","1886","211","1163","183","1138","187","65","52","163","140","764","178","274","151","609","162","85","83","370","151","68","55","1068","160","272","138","411","120","76","56","195","101","114","81","0","15","5037","543","3935","544","456","178","27","43","52","106","0","15","297","210","270","259","1254","364","3135","522","1886","211","61.7","8.0","60.3","8.1","3.4","2.8","8.6","7.2","40.5","8.7","14.5","7.5","32.3","8.3","4.5","4.3","19.6","7.7","3.6","3.0","1068","160","25.5","11.1","38.5","12.1","7.1","5.0","18.3","8.9","10.7","7.4","0.0","2.5","5037","543","78.1","8.5","9.1","3.4","0.5","0.9","1.0","2.1","0.0","0.5","5.9","4.0","5.4","5.0","24.9","6.4","62.2","8.6","47265","7844","56521","10297","57090","10490","11782","10262","18354","30594","15316","2369","10074","3224","(X)","(X)","429","255","15268","4688","3953","1763","57208","10680","21813","7457","40095","5013","69884","13032","99585","25360","122421","42633","-","**","18101","3205","19749","3534","11654","7816","-","**","N","N","-","**","12116","7935","15911","16865","12095","4740","21839","5001",
"1400000US26163579100","Census Tract 5791, Wayne County, Michigan","734","126","472","108","459","109","26","24","64","45","259","75","75","41","285","102","9","13","102","47","75","69","348","92","61","43","157","78","52","40","67","40","0","11","11","15","1658","559","1092","579","417","134","30","35","0","11","0","11","92","78","27","28","158","94","1026","583","734","126","64.3","10.5","62.5","10.4","3.5","3.3","8.7","5.8","35.3","8.4","10.2","6.0","38.8","10.7","1.2","1.7","13.9","6.2","10.2","9.3","348","92","17.5","12.2","45.1","17.5","14.9","11.6","19.3","10.8","0.0","7.6","3.2","4.5","1658","559","65.9","15.1","25.2","11.9","1.8","2.3","0.0","1.6","0.0","1.6","5.5","5.1","1.6","1.8","9.5","6.6","61.9","16.5","37047","6584","44517","6378","42980","6510","49392","39490","5500","6356","13883","3842","6377","1007","(X)","(X)","N","N","16636","5144","659","862","41498","9833","N","N","N","N","N","N","N","N","N","N","N","N","16813","4018","14908","4526","18671","6053","N","N","-","**","-","**","11550","2869","N","N","16180","6188","14411","4593",
"1400000US26163579200","Census Tract 5792, Wayne County, Michigan","1487","297","1018","207","969","192","155","97","136","87","229","102","201","129","545","240","0","11","296","223","47","43","664","190","97","72","197","113","188","126","167","84","0","11","15","23","3448","526","2071","519","1156","451","0","11","0","11","0","11","122","120","99","117","453","120","1819","551","1487","297","68.5","12.6","65.2","12.2","10.4","6.4","9.1","5.7","15.4","6.6","13.5","8.4","36.7","12.7","0.0","1.8","19.9","13.3","3.2","3.0","664","190","14.6","10.1","29.7","15.7","28.3","14.3","25.2","13.1","0.0","4.1","2.3","3.6","3448","526","60.1","11.6","33.5","11.8","0.0","0.8","0.0","0.8","0.0","0.8","3.5","3.6","2.9","3.5","13.1","4.0","52.8","12.9","37255","7583","44438","7912","44860","8367","11413","8041","462","314","12929","3106","7157","1549","(X)","(X)","-","**","18098","8194","7266","3828","44770","12378","N","N","N","N","N","N","N","N","N","N","N","N","17427","3098","21010","4753","13190","4726","-","**","-","**","-","**","7303","5002","N","N","5921","2536","22935","5650",
"1400000US26163579300","Census Tract 5793, Wayne County, Michigan","1010","182","512","152","471","146","61","51","45","60","365","132","98","56","306","121","87","73","179","78","121","101","549","160","201","132","228","117","87","95","33","35","0","11","0","11","2359","632","99","130","2095","536","0","11","0","11","0","11","0","11","165","234","13","22","86","129","1010","182","50.7","12.9","46.6","12.4","6.0","4.9","4.5","5.8","36.1","11.3","9.7","5.8","30.3","11.5","8.6","7.0","17.7","7.6","12.0","9.5","549","160","36.6","20.1","41.5","21.1","15.8","15.4","6.0","6.7","0.0","4.9","0.0","4.9","2359","632","4.2","5.3","88.8","10.1","0.0","1.2","0.0","1.2","0.0","1.2","0.0","1.2","7.0","9.4","0.6","1.0","3.6","5.3","30068","8890","40744","18849","41635","20836","20508","8421","N","N","15436","2939","7833","2681","(X)","(X)","1083","728","12189","5087","6338","2279","37114","16730","N","N","N","N","N","N","N","N","N","N","N","N","13598","4621","15219","6926","13517","5107","-","**","-","**","-","**","-","**","N","N","N","N","12620","917",
"1400000US26163579501","Census Tract 5795.01, Wayne County, Michigan","695","203","409","162","409","162","8","14","24","19","192","151","266","132","262","86","46","47","138","110","42","45","390","154","105","68","67","53","26","22","183","137","0","11","9","15","1671","366","735","309","428","373","0","11","0","11","143","101","125","169","240","187","476","255","624","323","695","203","58.8","16.7","58.8","16.7","1.2","1.9","3.5","2.6","27.6","18.2","38.3","15.6","37.7","14.5","6.6","6.3","19.9","13.5","6.0","6.4","390","154","26.9","18.3","17.2","12.4","6.7","6.1","46.9","23.4","0.0","6.8","2.3","3.4","1671","366","44.0","16.4","25.6","19.1","0.0","1.6","0.0","1.6","8.6","6.1","7.5","10.3","14.4","11.8","28.5","17.0","37.3","17.5","32937","8816","38118","10897","36947","10013","N","N","3450","2609","12621","6178","12239","5136","(X)","(X)","2739","2312","9736","8600","1660","679","37384","9334","N","N","N","N","N","N","N","N","N","N","N","N","14398","3769","14940","5180","20121","10569","-","**","-","**","20485","10563","2234","2162","N","N","9052","4744","15168","6087",
"1400000US26163579600","Census Tract 5796, Wayne County, Michigan","1031","130","677","136","656","135","60","50","114","118","497","120","175","96","189","96","30","26","379","118","156","117","641","127","147","74","166","93","172","129","134","83","0","11","22","23","3014","653","93","91","2405","592","0","11","0","11","0","11","232","348","284","263","47","73","46","54","1031","130","65.7","9.5","63.6","9.8","5.8","4.9","11.1","11.1","48.2","11.5","17.0","9.8","18.3","9.6","2.9","2.5","36.8","11.2","15.1","11.1","641","127","22.9","12.0","25.9","14.3","26.8","18.0","20.9","13.0","0.0","4.2","3.4","3.7","3014","653","3.1","3.0","79.8","13.8","0.0","0.9","0.0","0.9","0.0","0.9","7.7","11.1","9.4","8.7","1.6","2.4","1.5","1.8","60766","12604","66313","16827","67506","17180","10157","13917","7154","3079","15355","2641","6317","1294","(X)","(X)","1297","774","20122","6352","3451","1590","67515","20546","N","N","N","N","N","N","N","N","N","N","N","N","22904","4539","8216","3843","26217","4270","-","**","-","**","-","**","N","N","17195","20218","N","N","N","N",
"1400000US26163579700","Census Tract 5797, Wayne County, Michigan","1398","299","736","157","726","155","64","49","149","74","523","143","412","279","492","259","95","56","263","119","162","80","713","166","241","126","250","84","87","73","106","66","29","28","0","11","3098","451","1745","416","572","181","137","132","0","11","9","15","293","164","342","161","951","254","1390","364","1398","299","52.6","12.7","51.9","12.5","4.6","3.7","10.7","5.5","37.4","10.4","29.5","15.7","35.2","14.2","6.8","4.4","18.8","8.2","11.6","6.1","713","166","33.8","12.8","35.1","10.6","12.2","9.5","14.9","9.8","4.1","4.2","0.0","3.8","3098","451","56.3","9.4","18.5","5.6","4.4","4.3","0.0","0.9","0.3","0.5","9.5","5.0","11.0","5.0","30.7","7.6","44.9","8.6","43483","12300","55526","18803","51180","18333","57978","73992","2719","2660","17116","2632","9168","2367","(X)","(X)","2308","1447","16208","4639","14234","7928","60237","19246","33660","10094","68525","49809","60356","28800","74711","19412","156376","47307","-","**","20335","4834","22959","7961","17515","6503","3749","2910","-","**","N","N","25324","11939","14299","6326","15371","5019","25856","10271",
"1400000US26163579800","Census Tract 5798, Wayne County, Michigan","638","131","395","107","365","107","55","55","13","15","186","106","109","75","183","76","14","23","169","98","89","60","306","100","70","44","132","71","25","38","44","49","23","27","12","18","1673","373","835","285","562","349","94","100","0","11","0","11","0","11","182","157","244","193","617","241","638","131","61.9","13.4","57.2","13.8","8.6","8.5","2.0","2.5","29.2","13.3","17.1","11.3","28.7","11.3","2.2","3.6","26.5","11.9","13.9","9.4","306","100","22.9","15.0","43.1","15.7","8.2","11.9","14.4","15.4","7.5","8.6","3.9","5.9","1673","373","49.9","15.0","33.6","17.5","5.6","5.9","0.0","1.6","0.0","1.6","0.0","1.6","10.9","9.1","14.6","10.9","36.9","13.9","42297","11401","42478","8036","40706","9271","34929","8971","N","N","19710","3633","9861","722","(X)","(X)","N","N","9482","5588","14013","9818","50528","19846","N","N","N","N","N","N","N","N","N","N","N","N","16936","4694","19818","7616","15642","7701","18537","3091","-","**","-","**","-","**","6885","9755","20374","9151","20024","11043",
"1400000US26163579900","Census Tract 5799, Wayne County, Michigan","2145","295","1639","289","1624","288","125","49","707","262","577","255","90","51","108","80","16","17","492","258","126","53","1092","268","128","53","262","73","483","250","84","57","83","43","52","47","5108","646","4354","642","121","75","39","60","456","179","0","15","22","34","116","76","170","97","4233","642","2145","295","76.4","6.8","75.7","6.7","5.8","2.3","33.0","9.1","26.9","9.4","4.2","2.4","5.0","3.6","0.7","0.8","22.9","9.8","5.9","2.6","1092","268","11.7","4.8","24.0","8.4","44.2","14.1","7.7","5.1","7.6","4.3","4.8","4.5","5108","646","85.2","3.7","2.4","1.5","0.8","1.2","8.9","3.7","0.0","0.5","0.4","0.7","2.3","1.5","3.3","2.0","82.9","4.1","98748","14327","100416","13700","98256","13713","40114","24608","16638","5274","28512","3388","13099","4562","(X)","(X)","N","N","33191","4051","11098","5754","141105","17355","N","N","N","N","N","N","N","N","N","N","N","N","41735","6372","44460","7022","13090","9882","N","N","23660","9082","-","**","N","N","38159","26136","21786","14294","44956","7333",
"1400000US26163580100","Census Tract 5801, Wayne County, Michigan","884","138","675","117","669","118","84","42","172","52","310","89","55","39","88","42","24","24","254","97","74","43","479","92","92","40","156","57","138","72","48","37","33","23","12","13","2019","304","1861","272","50","40","0","11","13","19","0","11","11","17","84","71","191","118","1715","258","884","138","76.4","9.0","75.7","9.1","9.5","4.7","19.5","6.2","35.1","8.5","6.2","4.2","10.0","4.6","2.7","2.7","28.7","8.6","8.4","5.1","479","92","19.2","8.1","32.6","11.5","28.8","11.6","10.0","7.6","6.9","4.8","2.5","2.8","2019","304","92.2","4.3","2.5","1.9","0.0","1.4","0.6","1.0","0.0","1.4","0.5","0.8","4.2","3.3","9.5","5.4","84.9","5.8","64015","9612","63043","9635","61861","9745","13914","5991","14212","11041","20722","1931","11049","2310","(X)","(X)","2883","1417","14186","5070","11991","5938","73696","11982","N","N","N","N","N","N","N","N","N","N","N","N","29001","4033","29321","4148","18472","11076","-","**","N","N","-","**","N","N","N","N","22998","11039","30679","4461",
"1400000US26163580200","Census Tract 5802, Wayne County, Michigan","1116","168","864","175","810","182","137","90","177","62","450","168","24","29","144","87","16","21","301","93","73","49","860","180","94","57","398","187","203","98","63","40","55","50","47","42","2912","610","2796","618","8","11","0","11","17","25","0","11","43","47","48","54","147","86","2692","619","1116","168","77.4","7.0","72.6","9.0","12.3","8.2","15.9","5.9","40.3","10.7","2.2","2.5","12.9","7.9","1.4","1.9","27.0","9.5","6.5","4.5","860","180","10.9","6.7","46.3","14.6","23.6","11.7","7.3","5.0","6.4","5.9","5.5","5.1","2912","610","96.0","2.7","0.3","0.4","0.0","0.9","0.6","0.9","0.0","0.9","1.5","1.6","1.6","1.9","5.0","3.2","92.4","4.0","62459","9282","62231","11154","63760","9905","15493","6838","5514","3168","14229","5423","N","N","(X)","(X)","N","N","24144","5964","9811","3705","69072","12683","50055","15252","42486","12830","99153","12548","80910","30946","118871","35502","128164","31883","24352","4531","24683","4807","28888","57559","-","**","N","N","-","**","N","N","13292","12758","22336","8810","24764","4949",
"1400000US26163580300","Census Tract 5803, Wayne County, Michigan","1077","131","876","140","819","115","75","97","129","41","367","108","88","47","204","115","21","34","214","70","40","26","719","126","67","38","247","90","273","106","61","55","52","36","19","22","2813","428","2723","390","18","22","0","11","0","11","0","11","6","10","66","66","92","81","2647","360","1077","131","81.3","6.0","76.0","9.2","7.0","8.5","12.0","4.2","34.1","8.5","8.2","4.5","18.9","9.5","1.9","3.2","19.9","7.3","3.7","2.4","719","126","9.3","5.4","34.4","11.3","38.0","12.0","8.5","7.1","7.2","5.3","2.6","3.1","2813","428","96.8","2.4","0.6","0.8","0.0","1.0","0.0","1.0","0.0","1.0","0.2","0.4","2.3","2.2","3.3","2.7","94.1","3.4","67259","9139","70621","11911","75175","9969","3941","2676","2188","1984","15626","2346","12959","5632","(X)","(X)","N","N","11185","3686","22875","11881","70252","11396","N","N","N","N","N","N","N","N","N","N","N","N","26000","3846","26491","3629","N","N","-","**","-","**","-","**","N","N","N","N","39255","17139","26145","3651",
"1400000US26163580400","Census Tract 5804, Wayne County, Michigan","1085","107","901","111","891","112","25","24","157","56","293","70","44","32","95","65","13","21","244","75","88","48","644","118","61","30","278","116","167","68","57","41","60","42","21","24","2509","323","2473","328","0","11","0","11","12","19","0","11","7","11","17","24","7","11","2473","328","1085","107","83.0","4.1","82.1","4.4","2.3","2.3","14.5","5.3","27.0","5.8","4.1","3.1","8.8","5.9","1.2","1.9","22.5","6.3","8.1","4.5","644","118","9.5","4.6","43.2","14.4","25.9","10.1","8.9","6.1","9.3","6.3","3.3","3.7","2509","323","98.6","1.8","0.0","1.1","0.0","1.1","0.5","0.8","0.0","1.1","0.3","0.4","0.7","1.0","0.3","0.4","98.6","1.8","85420","12516","83880","13883","83937","14089","31512","8359","18135","13530","23968","4182","16041","5371","(X)","(X)","N","N","24072","13378","7233","5082","92695","15482","N","N","N","N","N","N","N","N","N","N","N","N","37104","5874","37020","5953","-","**","-","**","N","N","-","**","N","N","-","**","N","N","37020","5953",
"1400000US26163580500","Census Tract 5805, Wayne County, Michigan","1301","160","933","128","883","128","143","73","282","98","569","136","28","27","84","52","19","22","478","139","65","42","822","132","171","61","261","89","246","83","51","38","93","50","0","11","2792","353","2782","352","1","3","0","11","0","11","0","11","0","11","9","15","51","53","2731","366","1301","160","71.7","8.3","67.9","8.2","11.0","5.7","21.7","7.6","43.7","7.3","2.2","2.1","6.5","4.0","1.5","1.7","36.7","8.3","5.0","3.1","822","132","20.8","7.7","31.8","9.4","29.9","8.0","6.2","4.4","11.3","5.7","0.0","3.3","2792","353","99.6","0.5","0.0","0.1","0.0","1.0","0.0","1.0","0.0","1.0","0.0","1.0","0.3","0.5","1.8","2.0","97.8","2.0","80053","8972","82073","9997","82354","9575","26966","11947","9061","4880","20915","2440","10596","1996","(X)","(X)","N","N","24015","6567","20345","21669","98664","10946","70980","12878","78817","17212","116753","18419","88986","20553","162726","24466","-","**","37103","3249","37131","3260","N","N","-","**","-","**","-","**","-","**","N","N","N","N","37263","3310",
"1400000US26163580600","Census Tract 5806, Wayne County, Michigan","1282","210","928","207","910","207","112","65","144","62","360","93","60","51","142","80","10","15","449","191","178","104","676","103","106","45","202","95","166","62","107","53","95","49","0","11","2971","478","2717","497","48","56","23","33","40","60","0","11","132","140","11","16","269","157","2581","504","1282","210","72.4","7.5","71.0","7.6","8.7","5.2","11.2","4.9","28.1","7.9","4.7","4.1","11.1","6.7","0.8","1.2","35.0","10.7","13.9","8.0","676","103","15.7","7.0","29.9","11.3","24.6","9.3","15.8","8.0","14.1","7.4","0.0","4.0","2971","478","91.5","5.7","1.6","2.0","0.8","1.1","1.3","2.0","0.0","0.9","4.4","4.8","0.4","0.5","9.1","5.6","86.9","6.2","62560","6255","69663","9500","69333","10052","13880","4762","3894","3055","16913","3076","8768","1153","(X)","(X)","N","N","13989","6558","11755","3911","76519","10190","29331","10066","46839","12915","94451","20198","89305","13448","146542","28111","-","**","27379","4108","27383","4525","36719","10692","N","N","N","N","-","**","13902","5717","-","**","18304","5972","27629","4772",
"1400000US26163580700","Census Tract 5807, Wayne County, Michigan","1804","171","1046","166","1026","171","106","66","218","67","785","115","129","60","312","105","64","48","496","134","106","44","757","130","121","52","301","127","173","83","68","42","81","48","13","20","3768","412","3282","416","102","112","5","13","41","48","0","11","179","189","159","159","161","113","3180","418","1804","171","58.0","5.9","56.9","6.2","5.9","3.7","12.1","4.0","43.5","6.4","7.2","3.4","17.3","5.5","3.5","2.7","27.5","6.4","5.9","2.5","757","130","16.0","7.1","39.8","12.4","22.9","10.5","9.0","5.7","10.7","6.4","1.7","2.7","3768","412","87.1","7.6","2.7","3.0","0.1","0.3","1.1","1.3","0.0","0.7","4.8","4.9","4.2","4.1","4.3","3.0","84.4","8.0","60406","10275","72460","15222","70254","14271","35027","25346","9714","5310","19190","1520","14934","5225","(X)","(X)","1645","1276","25352","13669","13114","8568","87073","15552","N","N","N","N","N","N","N","N","N","N","N","N","30103","5512","31464","5975","18062","6373","N","N","N","N","-","**","18638","2080","N","N","14007","7672","32031","6167",
"1400000US26163580800","Census Tract 5808, Wayne County, Michigan","583","59","440","57","426","57","33","21","121","35","230","41","40","24","73","33","13","17","178","43","73","33","340","43","58","25","142","55","87","34","35","24","11","14","7","10","1298","121","1256","119","14","21","0","11","0","11","0","11","0","11","28","22","54","46","1202","116","583","59","75.5","6.0","73.1","6.3","5.7","3.5","20.8","5.9","39.5","5.6","6.9","3.9","12.5","5.8","2.2","2.8","30.5","7.0","12.5","5.4","340","43","17.1","7.3","41.8","14.0","25.6","9.1","10.3","7.5","3.2","4.1","2.1","3.0","1298","121","96.8","2.2","1.1","1.6","0.0","2.1","0.0","2.1","0.0","2.1","0.0","2.1","2.2","1.7","4.2","3.5","92.6","3.8","73073","8958","70046","10048","70404","9884","25097","8104","15799","9964","22785","2834","8545","3941","(X)","(X)","N","N","19381","5800","10708","8370","85766","13484","N","N","N","N","N","N","N","N","N","N","N","N","33227","4029","33079","4044","13286","17903","-","**","-","**","-","**","-","**","N","N","30106","27927","33212","4172",
"1400000US26163580900","Census Tract 5809, Wayne County, Michigan","1667","176","1217","150","1187","149","93","53","215","70","513","141","87","70","273","110","72","62","401","104","74","44","941","158","146","68","375","139","304","122","84","58","32","30","0","11","3862","541","3432","508","64","51","9","19","0","11","0","11","16","33","341","323","275","294","3371","516","1667","176","73.0","6.4","71.2","6.3","5.6","3.2","12.9","4.2","30.8","7.0","5.2","4.2","16.4","6.8","4.3","3.7","24.1","5.8","4.4","2.6","941","158","15.5","7.1","39.9","12.7","32.3","11.7","8.9","5.9","3.4","3.2","0.0","2.9","3862","541","88.9","7.9","1.7","1.3","0.2","0.5","0.0","0.7","0.0","0.7","0.4","0.9","8.8","8.1","7.1","7.4","87.3","8.0","67339","5740","73488","7186","74032","7297","16756","8602","5302","3030","21824","3305","8171","2687","(X)","(X)","2033","716","22492","8050","8208","4175","75475","7298","63873","17574","68165","9629","89241","17989","54671","18068","137900","18741","-","**","29852","4146","30079","4234","91048","67328","N","N","-","**","-","**","N","N","16988","6853","18788","6457","30147","4329",
"1400000US26163581101","Census Tract 5811.01, Wayne County, Michigan","1590","130","1227","146","1218","151","66","37","323","122","543","104","73","47","135","66","6","9","404","94","227","116","894","154","191","74","366","119","152","60","30","26","127","98","28","22","3720","484","2776","517","562","287","30","46","254","133","0","11","26","35","72","57","330","215","2502","482","1590","130","77.2","5.9","76.6","6.0","4.2","2.4","20.3","6.8","34.2","6.6","4.6","3.0","8.5","4.3","0.4","0.6","25.4","6.1","14.3","6.9","894","154","21.4","8.0","40.9","11.5","17.0","6.5","3.4","3.0","14.2","9.9","3.1","2.5","3720","484","74.6","7.6","15.1","7.7","0.8","1.2","6.8","3.7","0.0","0.7","0.7","0.9","1.9","1.6","8.9","5.6","67.3","8.1","82965","15362","82604","15894","80636","16040","47574","25954","14616","11001","22911","2665","21629","5542","(X)","(X)","N","N","20406","9300","15685","12161","89398","22359","36507","10883","72204","18151","99451","21017","89763","14398","197397","72478","130107","13210","35497","5968","36683","6439","28574","10389","N","N","50516","46567","-","**","15288","11973","11999","13684","16597","8077","38696","6599",
"1400000US26163581200","Census Tract 5812, Wayne County, Michigan","1683","205","917","162","903","163","159","100","313","88","925","160","135","61","229","81","33","30","601","172","91","52","784","143","187","93","225","70","208","102","13","20","125","45","26","33","3315","404","2855","398","286","184","8","13","75","50","0","11","32","44","59","53","143","122","2744","407","1683","205","54.5","7.5","53.7","7.5","9.4","5.6","18.6","5.6","55.0","7.2","8.0","3.7","13.6","4.6","2.0","1.8","35.7","9.0","5.4","3.1","784","143","23.9","10.0","28.7","8.5","26.5","10.9","1.7","2.5","15.9","6.2","3.3","4.2","3315","404","86.1","5.9","8.6","5.4","0.2","0.4","2.3","1.5","0.0","0.8","1.0","1.3","1.8","1.6","4.3","3.7","82.8","6.8","64311","9726","78210","15598","77940","15280","8421","5638","8853","4051","19199","1653","15006","4441","(X)","(X)","2191","1911","19790","5360","21916","10871","98313","16117","N","N","N","N","N","N","N","N","N","N","N","N","33948","4850","36283","5434","20343","7716","N","N","15293","3091","-","**","12997","1332","25639","26054","21501","9960","36782","5668",
"1400000US26163581500","Census Tract 5815, Wayne County, Michigan","965","102","723","101","705","98","84","36","271","61","357","73","61","39","76","38","40","29","269","70","114","87","580","72","47","26","187","52","197","47","107","47","36","21","6","9","2236","231","2140","244","9","10","7","11","0","11","0","11","11","17","69","44","103","55","2070","252","965","102","74.9","5.9","73.1","5.5","8.7","3.7","28.1","6.6","37.0","6.5","6.3","4.1","7.9","4.0","4.1","3.1","27.9","6.7","11.8","8.1","580","72","8.1","4.3","32.2","7.8","34.0","7.1","18.4","7.7","6.2","3.6","1.0","1.5","2236","231","95.7","2.2","0.4","0.4","0.3","0.5","0.0","1.2","0.0","1.2","0.5","0.7","3.1","2.0","4.6","2.6","92.6","3.2","73467","6377","75505","7429","75290","7719","17979","5476","6044","5107","21819","1907","7956","3945","(X)","(X)","3055","2059","17806","5536","12993","8661","88536","9245","N","N","N","N","N","N","N","N","N","N","N","N","32213","2931","31620","3028","N","N","N","N","-","**","-","**","N","N","51491","14684","27706","13205","31788","3045",
"1400000US26163581600","Census Tract 5816, Wayne County, Michigan","2363","175","1695","190","1685","188","81","63","318","109","943","150","106","58","279","111","103","67","652","137","298","143","1267","198","167","101","347","135","461","185","202","129","86","57","4","7","5829","626","4605","751","337","167","0","15","396","374","0","15","68","59","423","240","587","171","4343","639","2363","175","71.7","5.7","71.3","5.7","3.4","2.7","13.5","4.5","39.9","5.5","4.5","2.4","11.8","4.7","4.4","2.8","27.6","5.4","12.6","5.9","1267","198","13.2","7.7","27.4","10.3","36.4","11.9","15.9","10.4","6.8","4.5","0.3","0.6","5829","626","79.0","8.3","5.8","2.9","0.0","0.5","6.8","6.4","0.0","0.5","1.2","1.0","7.3","4.2","10.1","2.6","74.5","6.9","83958","9247","93700","13073","93989","13171","5557","2816","10773","6236","17586","2394","9327","4516","(X)","(X)","3842","4522","21098","6234","14836","6464","107134","15462","N","N","N","N","N","N","N","N","N","N","N","N","35759","4084","32802","3514","65452","31290","-","**","31004","10065","-","**","N","N","42976","21091","42348","21156","33786","3517",
"1400000US26163581800","Census Tract 5818, Wayne County, Michigan","1120","218","878","226","871","229","70","40","110","49","314","68","77","51","207","81","30","27","199","59","39","28","721","203","144","62","272","193","100","59","101","69","99","47","5","9","2688","447","2391","261","267","396","0","11","15","24","0","11","8","13","7","13","123","81","2276","250","1120","218","78.4","7.7","77.8","7.9","6.3","3.6","9.8","4.7","28.0","8.3","6.9","4.6","18.5","8.1","2.7","2.4","17.8","6.2","3.5","2.6","721","203","20.0","9.8","37.7","17.8","13.9","8.7","14.0","9.8","13.7","8.1","0.7","1.3","2688","447","89.0","13.5","9.9","13.5","0.0","1.0","0.6","0.9","0.0","1.0","0.3","0.5","0.3","0.5","4.6","3.1","84.7","12.6","53051","7214","57044","8852","55987","9153","18857","8331","3826","2023","17259","2727","7392","1641","(X)","(X)","2240","3772","12617","3981","8859","6755","56837","9807","N","N","N","N","N","N","N","N","N","N","N","N","22615","3775","23682","4356","N","N","-","**","N","N","-","**","N","N","-","**","9241","5856","24455","4521",
"1400000US26163581900","Census Tract 5819, Wayne County, Michigan","1717","189","1239","155","1232","155","42","29","240","64","575","172","52","27","129","67","7","12","521","174","214","115","1191","174","224","154","340","89","351","91","163","131","100","57","13","20","4202","458","3994","449","18","19","47","80","37","58","0","11","22","37","84","93","435","216","3723","459","1717","189","72.2","8.7","71.8","8.7","2.4","1.6","14.0","3.8","33.5","8.0","3.0","1.5","7.5","3.9","0.4","0.7","30.3","8.6","12.5","6.5","1191","174","18.8","11.5","28.5","7.4","29.5","8.5","13.7","10.6","8.4","4.5","1.1","1.7","4202","458","95.0","3.4","0.4","0.4","1.1","1.9","0.9","1.4","0.0","0.7","0.5","0.9","2.0","2.2","10.4","5.0","88.6","5.0","71591","6110","76313","5823","76275","5818","13824","7262","5780","3202","24576","7306","13415","4926","(X)","(X)","N","N","17734","5438","12847","6214","81279","6712","N","N","N","N","N","N","N","N","N","N","N","N","29454","2648","29488","2699","8550","8737","N","N","N","N","-","**","N","N","34168","48956","25883","5167","29482","2878",
"1400000US26163582000","Census Tract 5820, Wayne County, Michigan","1533","226","1130","240","1130","240","14","19","139","52","470","119","33","33","174","76","29","26","344","81","66","49","785","229","70","33","385","197","164","96","119","77","19","20","28","34","3224","534","2628","504","318","159","14","20","40","73","0","11","195","289","29","34","421","319","2403","472","1533","226","73.7","6.9","73.7","6.9","0.9","1.3","9.1","3.6","30.7","8.2","2.2","2.1","11.4","4.9","1.9","1.7","22.4","5.4","4.3","3.2","785","229","8.9","4.7","49.0","15.7","20.9","11.4","15.2","9.4","2.4","3.0","3.6","4.4","3224","534","81.5","8.7","9.9","5.1","0.4","0.6","1.2","2.3","0.0","0.8","6.0","8.5","0.9","1.1","13.1","9.0","74.5","8.6","53635","10286","54452","11326","53160","10011","N","N","6824","8484","19471","2111","14312","9736","(X)","(X)","5152","5796","28025","23800","4985","4189","59221","17369","N","N","N","N","N","N","N","N","N","N","N","N","26268","5113","28997","6324","22064","8157","N","N","N","N","-","**","3549","357","3366","5149","20210","16515","28473","6589",
"1400000US26163582100","Census Tract 5821, Wayne County, Michigan","1483","198","1199","205","1176","207","79","35","329","116","571","110","35","27","155","104","23","23","389","103","286","181","1171","209","147","75","340","132","411","194","148","66","105","50","20","22","3915","495","3767","489","26","17","0","11","9","14","0","11","10","16","103","102","340","174","3437","500","1483","198","80.8","6.3","79.3","6.5","5.3","2.5","22.2","7.2","38.5","7.7","2.4","1.9","10.5","6.7","1.6","1.6","26.2","7.3","19.3","10.7","1171","209","12.6","6.3","29.0","10.7","35.1","12.7","12.6","5.9","9.0","4.5","1.7","1.9","3915","495","96.2","2.6","0.7","0.4","0.0","0.7","0.2","0.4","0.0","0.7","0.3","0.4","2.6","2.6","8.7","4.4","87.8","5.5","87560","13253","88338","16139","88757","16397","19481","10451","6934","3964","19832","2994","14540","14576","(X)","(X)","413","233","21494","7126","5067","2874","94272","15499","N","N","N","N","N","N","N","N","N","N","N","N","34571","5844","34927","6043","15846","6120","-","**","-","**","-","**","-","**","32646","9635","24965","8639","35811","6870",
"1400000US26163583001","Census Tract 5830.01, Wayne County, Michigan","1091","180","836","172","829","173","19","18","84","38","468","158","144","130","169","122","109","127","181","54","118","66","714","158","110","46","271","142","109","55","134","61","61","38","29","24","2687","517","2334","495","165","141","0","11","80","128","0","11","0","11","108","97","196","130","2138","483","1091","180","76.6","7.5","76.0","7.5","1.7","1.7","7.7","3.5","42.9","10.1","13.2","10.5","15.5","9.8","10.0","10.6","16.6","5.4","10.8","6.0","714","158","15.4","7.1","38.0","14.2","15.3","7.2","18.8","8.4","8.5","5.8","4.1","3.6","2687","517","86.9","6.8","6.1","5.2","0.0","1.0","3.0","4.7","0.0","1.0","0.0","1.0","4.0","3.6","7.3","4.9","79.6","6.9","59990","9982","62180","13822","62287","13916","18242","20262","10038","5863","16580","1909","10501","1575","(X)","(X)","1736","708","12406","1943","7774","2012","66704","10184","32124","7719","51349","8643","109197","28152","66863","12511","107969","40609","94121","21133","24617","4570","24206","4236","47067","52640","-","**","12188","1416","-","**","-","**","8405","5079","12842","9103","25247","4550",
"1400000US26163583101","Census Tract 5831.01, Wayne County, Michigan","1194","135","890","138","842","138","83","49","65","36","380","87","156","80","307","110","18","20","231","68","114","73","742","142","111","71","305","124","85","68","193","104","0","11","48","42","3024","598","2515","584","316","274","37","32","1","3","0","11","21","26","134","110","260","143","2386","593","1194","135","74.5","6.8","70.5","7.6","7.0","4.0","5.4","3.0","31.8","6.9","13.1","6.8","25.7","7.7","1.5","1.7","19.3","5.7","9.5","6.0","742","142","15.0","9.7","41.1","13.3","11.5","8.6","26.0","13.3","0.0","3.6","6.5","5.8","3024","598","83.2","9.2","10.4","8.7","1.2","1.1","0.0","0.1","0.0","0.9","0.7","0.9","4.4","3.8","8.6","5.1","78.9","10.0","54430","10715","58042","13054","58415","13552","29777","19395","12609","13764","17449","2442","10322","1801","(X)","(X)","N","N","10979","2755","15065","11461","58287","13628","N","N","N","N","N","N","N","N","N","N","N","N","22161","4129","22717","4879","20580","11744","N","N","N","N","-","**","35195","4360","11394","2674","11447","4231","23590","5322",
"1400000US26163583200","Census Tract 5832, Wayne County, Michigan","970","130","764","135","752","136","24","25","87","84","388","124","22","19","271","130","41","42","156","61","133","94","561","133","109","56","201","74","127","79","52","30","18","20","54","81","2231","492","1893","466","107","76","10","20","14","15","0","11","23","36","184","128","60","64","1859","471","970","130","78.8","8.1","77.5","8.4","2.5","2.6","9.0","8.0","40.0","11.0","2.3","2.0","27.9","11.9","4.2","4.3","16.1","6.2","13.7","8.4","561","133","19.4","10.0","35.8","12.9","22.6","12.6","9.3","5.5","3.2","3.7","9.6","13.1","2231","492","84.8","6.7","4.8","3.4","0.4","0.9","0.6","0.7","0.0","1.2","1.0","1.6","8.2","5.6","2.7","2.9","83.3","6.7","49161","8471","46611","8322","47057","8451","9333","5632","5772","2107","17817","2413","21214","18409","(X)","(X)","1210","1712","20199","5357","7465","4776","59514","12078","N","N","N","N","N","N","N","N","N","N","N","N","21361","3052","21450","2765","37105","15536","N","N","N","N","-","**","-","**","10524","9298","36748","21307","21417","2803",
"1400000US26163583300","Census Tract 5833, Wayne County, Michigan","985","105","729","96","722","99","25","26","143","53","400","86","46","29","93","46","19","20","294","84","46","29","656","107","107","36","251","88","134","71","112","64","52","35","0","11","2634","421","2151","335","66","85","0","11","0","11","0","11","154","133","263","227","399","234","1980","350","985","105","74.0","7.7","73.3","7.8","2.5","2.7","14.5","5.2","40.6","7.3","4.7","3.0","9.4","5.0","1.9","2.0","29.8","7.6","4.7","2.9","656","107","16.3","5.5","38.3","12.6","20.4","9.0","17.1","9.5","7.9","5.3","0.0","4.1","2634","421","81.7","8.1","2.5","3.2","0.0","1.0","0.0","1.0","0.0","1.0","5.8","5.1","10.0","7.8","15.1","8.6","75.2","9.5","61155","8077","63694","8954","64057","8616","7344","6059","631","303","18952","2633","9987","4312","(X)","(X)","2647","567","18508","3945","3972","1548","70454","9197","43536","7690","58495","11258","88154","22884","81228","22878","114754","24432","-","**","23836","2893","24296","3433","9152","1432","-","**","-","**","-","**","38869","9919","14961","4476","25491","6991","24506","3700",
"1400000US26163583400","Census Tract 5834, Wayne County, Michigan","2210","361","1822","356","1822","356","60","48","184","77","479","90","106","69","183","75","8","13","460","109","253","230","1238","159","151","55","263","77","456","134","118","71","167","100","83","60","5312","681","4929","624","244","209","17","18","0","15","0","15","48","83","74","54","435","217","4551","679","2210","361","82.4","4.4","82.4","4.4","2.7","2.2","8.3","3.4","21.7","4.4","4.8","3.2","8.3","3.8","0.4","0.6","20.8","5.5","11.4","9.6","1238","159","12.2","4.5","21.2","6.8","36.8","8.9","9.5","5.5","13.5","7.5","6.7","4.8","5312","681","92.8","4.1","4.6","3.7","0.3","0.4","0.0","0.5","0.0","0.5","0.9","1.6","1.4","1.0","8.2","4.4","85.7","5.6","72445","6970","74067","8143","73248","8224","24860","22551","11477","8127","19839","2479","13679","3557","(X)","(X)","N","N","22786","5215","6284","7314","83850","9759","53428","11966","55503","12926","87071","7307","73260","17776","150457","47435","92360","13007","30458","3465","29909","3693","41883","12479","N","N","-","**","-","**","13935","6849","39328","28632","22575","8626","30432","3772",
"1400000US26163583500","Census Tract 5835, Wayne County, Michigan","945","73","665","86","643","81","57","37","99","49","324","67","77","41","201","76","63","40","242","68","53","32","585","78","142","56","147","60","158","55","80","49","58","44","0","11","2372","238","2183","279","101","91","15","25","10","17","0","11","0","11","63","47","163","141","2035","253","945","73","70.4","7.1","68.0","7.3","6.0","3.8","10.5","5.2","34.3","6.7","8.1","4.4","21.3","7.8","6.7","4.0","25.6","6.7","5.6","3.4","585","78","24.3","8.7","25.1","9.6","27.0","9.7","13.7","7.7","9.9","7.4","0.0","4.6","2372","238","92.0","5.1","4.3","3.9","0.6","1.1","0.4","0.7","0.0","1.2","0.0","1.2","2.7","2.0","6.9","5.6","85.8","6.9","66400","6541","74878","8979","74210","9037","36437","28813","3536","1473","20730","2136","12468","3938","(X)","(X)","3705","2211","18012","3693","6332","4315","80028","9431","36708","8246","59214","15270","111795","20725","112968","18930","106862","28092","-","**","27215","3235","27522","3452","24008","19390","N","N","N","N","-","**","-","**","16341","15659","20079","9478","27985","3709",
"1400000US26163583600","Census Tract 5836, Wayne County, Michigan","1106","262","876","255","849","257","43","32","150","63","364","66","55","49","20","24","0","11","285","73","114","53","859","256","123","43","181","73","245","101","59","37","25","28","226","233","2842","815","2627","849","30","33","0","11","81","92","0","11","37","48","67","83","77","61","2580","850","1106","262","79.2","7.2","76.8","7.8","3.9","3.1","13.6","6.8","32.9","9.5","5.0","4.5","1.8","2.2","0.0","2.5","25.8","9.3","10.3","5.7","859","256","14.3","6.4","21.1","10.4","28.5","11.6","6.9","4.6","2.9","3.6","26.3","21.4","2842","815","92.4","6.0","1.1","1.2","0.0","1.0","2.9","3.8","0.0","1.0","1.3","1.8","2.4","2.9","2.7","2.3","90.8","6.3","74770","8392","77582","10125","78959","9530","21526","8291","5141","3116","20375","1995","22738","5124","(X)","(X)","-","**","16693","2785","4722","1719","79059","9985","40544","10634","56802","9520","101961","19227","66269","29745","132668","36233","90426","12513","30121","3182","31096","3314","21500","15572","-","**","22194","6496","-","**","N","N","N","N","21042","7947","31212","3371",
"1400000US26163583700","Census Tract 5837, Wayne County, Michigan","1550","287","1174","289","1152","297","110","88","282","110","546","117","47","36","178","118","25","29","509","117","135","87","850","131","125","71","306","107","144","93","129","83","103","78","43","58","3577","501","3093","367","425","336","0","11","0","11","0","11","18","34","41","44","197","172","2921","359","1550","287","75.7","6.7","74.3","7.4","7.1","5.9","18.2","8.6","35.2","9.3","3.0","2.2","11.5","7.4","1.6","1.9","32.8","9.3","8.7","5.4","850","131","14.7","8.0","36.0","10.3","16.9","10.6","15.2","9.5","12.1","9.6","5.1","6.5","3577","501","86.5","8.6","11.9","8.4","0.0","0.8","0.0","0.8","0.0","0.8","0.5","1.0","1.1","1.2","5.5","4.7","81.7","10.0","74925","7244","75248","8473","72706","9506","41675","24508","4257","3425","21439","2162","12411","3397","(X)","(X)","N","N","19432","5045","32504","12075","84588","10454","N","N","N","N","N","N","N","N","N","N","N","N","32882","4165","30115","3802","56198","12277","-","**","-","**","-","**","-","**","14332","12601","12185","8147","31163","3664",
"1400000US26163583800","Census Tract 5838, Wayne County, Michigan","2030","341","1425","337","1425","337","83","52","219","72","867","180","138","85","189","96","42","42","608","151","137","79","1338","326","240","103","356","116","483","324","99","68","89","56","71","47","4854","645","3769","410","701","172","0","11","55","53","0","11","124","195","205","210","473","322","3560","441","2030","341","70.2","8.2","70.2","8.2","4.1","2.7","10.8","3.8","42.7","8.5","6.8","4.1","9.3","4.7","2.1","2.1","30.0","7.5","6.7","3.8","1338","326","17.9","8.5","26.6","10.2","36.1","16.6","7.4","5.2","6.7","4.4","5.3","3.8","4854","645","77.6","5.7","14.4","3.3","0.0","0.6","1.1","1.1","0.0","0.6","2.6","3.9","4.2","3.9","9.7","5.9","73.3","6.4","73273","7472","78032","7524","77077","7546","16393","6521","7955","5322","21290","2313","10834","3126","(X)","(X)","743","273","22408","4157","16048","10497","85372","8892","45378","11131","67914","9182","96795","12527","105778","22235","146960","30319","124730","30979","30429","2881","31094","3245","31616","8063","-","**","33055","18690","-","**","N","N","23978","13951","24088","7902","31549","3528",
"1400000US26163583900","Census Tract 5839, Wayne County, Michigan","1751","252","1259","206","1198","207","172","119","167","65","588","202","90","48","394","211","43","46","511","140","160","123","1135","213","172","74","490","168","174","122","78","60","137","114","84","67","4168","652","2483","318","1415","617","0","11","208","155","0","11","29","34","33","38","91","83","2401","320","1751","252","71.9","9.8","68.4","10.0","9.8","6.6","9.5","3.9","33.6","9.6","5.1","2.7","22.5","10.6","2.5","2.6","29.2","7.6","9.1","6.6","1135","213","15.2","6.3","43.2","12.6","15.3","9.8","6.9","5.5","12.1","9.5","7.4","6.1","4168","652","59.6","9.9","33.9","10.6","0.0","0.7","5.0","3.8","0.0","0.7","0.7","0.8","0.8","0.9","2.2","2.1","57.6","9.7","54734","10428","58187","12406","59577","13037","10952","7773","3793","3552","19883","3382","13141","5602","(X)","(X)","2100","849","16214","3248","4361","3729","63962","12908","47883","14017","44137","9416","93144","19822","60931","27325","131436","40863","44855","22667","23809","3266","26021","3572","22619","6904","-","**","9448","3982","-","**","15290","4215","N","N","21033","2957","26189","3675",
"1400000US26163584000","Census Tract 5840, Wayne County, Michigan","1688","305","1227","129","1208","127","86","56","237","172","624","292","166","166","245","224","38","36","522","287","89","48","1165","317","348","273","163","105","254","99","237","118","48","34","115","56","4460","711","3233","636","1079","423","4","6","87","112","0","11","0","11","57","56","64","45","3169","631","1688","305","72.7","12.0","71.6","11.9","5.1","3.3","14.0","9.2","37.0","11.5","9.8","9.0","14.5","11.5","2.3","2.2","30.9","12.1","5.3","3.0","1165","317","29.9","16.5","14.0","8.8","21.8","9.2","20.3","10.4","4.1","3.2","9.9","5.3","4460","711","72.5","8.6","24.2","8.4","0.1","0.1","2.0","2.4","0.0","0.6","0.0","0.6","1.3","1.3","1.4","1.0","71.1","8.5","78322","15109","90011","18321","90088","18378","18801","7299","3293","2517","20395","1819","7508","1537","(X)","(X)","3053","2172","11764","5509","8470","4077","79456","20663","36133","9175","73247","17758","137668","59614","61297","10271","157673","26654","95558","32664","30591","4225","28902","3761","38143","13791","N","N","11684","15134","-","**","-","**","N","N","50650","16635","28462","3707",
"1400000US26163584100","Census Tract 5841, Wayne County, Michigan","659","82","490","81","483","81","44","29","73","38","240","45","51","27","74","32","5","8","200","48","65","36","494","85","105","33","182","79","111","36","37","32","33","21","26","19","1569","192","1418","171","44","35","17","21","0","11","0","11","9","15","81","63","32","28","1396","173","659","82","74.4","6.4","73.3","6.6","6.7","4.3","11.1","5.7","36.4","6.9","7.7","4.0","11.2","4.6","0.8","1.1","30.3","6.1","9.9","5.1","494","85","21.3","7.1","36.8","12.0","22.5","7.6","7.5","6.0","6.7","4.3","5.3","3.9","1569","192","90.4","5.3","2.8","2.2","1.1","1.3","0.0","1.7","0.0","1.7","0.6","0.9","5.2","3.8","2.0","1.8","89.0","5.5","78690","25866","63887","9702","60542","10217","46884","17778","82236","119105","19653","2002","14351","5574","(X)","(X)","N","N","41627","41730","11912","5982","91317","34259","141943","149476","45953","15623","110125","20144","72684","37788","149203","34169","77165","20616","33377","10835","34352","11921","23782","9335","N","N","-","**","-","**","N","N","15894","13667","19209","10366","34630","12073",
"1400000US26163584200","Census Tract 5842, Wayne County, Michigan","1323","175","1027","130","1015","132","53","48","243","97","449","142","74","52","246","138","10","14","370","108","128","58","891","142","91","48","314","111","306","110","130","69","22","20","28","34","3618","535","2394","417","1070","295","6","9","76","88","0","11","24","21","48","46","96","106","2314","428","1323","175","77.6","9.4","76.7","9.2","4.0","3.6","18.4","6.6","33.9","8.9","5.6","3.9","18.6","9.2","0.8","1.1","28.0","7.0","9.7","4.5","891","142","10.2","5.1","35.2","11.6","34.3","11.2","14.6","7.3","2.5","2.4","3.1","3.8","3618","535","66.2","6.9","29.6","6.6","0.2","0.2","2.1","2.4","0.0","0.8","0.7","0.6","1.3","1.3","2.7","3.0","64.0","7.3","66985","9407","64010","9739","61058","9403","71038","43010","16751","12820","20260","4267","8645","3939","(X)","(X)","N","N","22039","6752","6996","3094","78860","11483","N","N","N","N","N","N","N","N","N","N","N","N","26476","3427","30306","4413","16609","4243","N","N","53739","25276","-","**","28708","20097","9256","1600","18677","10272","30877","4419",
"1400000US26163584300","Census Tract 5843, Wayne County, Michigan","805","115","624","112","624","112","77","43","76","36","190","43","53","30","114","42","15","12","158","45","72","62","475","82","87","41","121","40","109","37","77","34","70","58","11","14","1906","273","1317","246","386","78","0","11","20","30","0","11","13","21","170","122","131","105","1263","249","805","115","77.5","6.5","77.5","6.5","9.6","5.3","9.4","4.3","23.6","5.4","6.6","3.8","14.2","5.4","1.9","1.6","19.6","5.6","8.9","7.1","475","82","18.3","8.0","25.5","8.5","22.9","7.7","16.2","6.8","14.7","10.8","2.3","3.1","1906","273","69.1","5.6","20.3","4.6","0.0","1.4","1.0","1.6","0.0","1.4","0.7","1.1","8.9","6.2","6.9","5.3","66.3","6.3","70199","18523","66121","8156","62425","8757","29955","24122","699","359","18559","2875","9345","1975","(X)","(X)","1880","1354","67087","79501","7604","4003","87664","30818","N","N","N","N","N","N","N","N","N","N","N","N","29799","7983","31788","11345","23139","5498","-","**","N","N","-","**","17500","4510","29740","14574","37107","11384","31833","11917",
"1400000US26163584400","Census Tract 5844, Wayne County, Michigan","1127","84","837","87","787","89","90","52","102","53","483","90","53","42","196","85","21","25","279","87","103","66","679","95","100","46","294","103","120","67","94","57","66","55","5","9","2727","262","2050","227","402","171","17","27","55","83","0","11","10","16","193","124","137","90","1923","230","1127","84","74.3","7.2","69.8","8.0","8.0","4.5","9.1","4.6","42.9","6.7","4.7","3.8","17.4","7.6","1.9","2.2","24.8","7.1","9.1","5.7","679","95","14.7","6.5","43.3","13.4","17.7","9.5","13.8","8.5","9.7","8.1","0.7","1.2","2727","262","75.2","6.6","14.7","6.1","0.6","1.0","2.0","3.0","0.0","1.0","0.4","0.6","7.1","4.2","5.0","3.3","70.5","6.7","61134","7597","60200","10860","58876","10747","45019","19339","6834","4757","22389","3007","7277","2673","(X)","(X)","N","N","18392","5579","13509","7896","66787","10619","N","N","N","N","N","N","N","N","N","N","N","N","25903","4013","25298","2745","31786","18783","N","N","N","N","-","**","-","**","15760","16467","22206","16708","25387","2860",
"1400000US26163584501","Census Tract 5845.01, Wayne County, Michigan","1329","272","782","95","777","95","57","49","107","46","651","282","32","30","190","85","19","22","608","279","70","46","950","280","462","276","184","83","206","77","27","31","70","61","1","7","2707","398","1717","239","542","182","51","58","0","11","0","11","397","310","0","11","420","301","1645","241","1329","272","58.8","13.8","58.5","13.7","4.3","3.7","8.1","3.8","49.0","13.1","2.4","2.3","14.3","7.1","1.4","1.7","45.7","13.3","5.3","3.6","950","280","48.6","18.0","19.4","9.9","21.7","10.3","2.8","3.3","7.4","7.1","0.1","0.7","2707","398","63.4","10.2","20.0","6.0","1.9","2.2","0.0","1.0","0.0","1.0","14.7","10.3","0.0","1.0","15.5","10.0","60.8","10.1","78512","9753","64529","11393","60947","10419","54489","31392","8250","7648","28546","2112","10294","4462","(X)","(X)","N","N","54112","15110","16344","13755","85680","12537","N","N","N","N","N","N","N","N","N","N","N","N","27975","4338","31244","4657","28777","14839","13473","3635","-","**","-","**","14603","7887","-","**","20679","6570","30856","4741",
"1400000US26163584600","Census Tract 5846, Wayne County, Michigan","840","135","576","131","551","127","28","30","23","15","250","56","107","68","279","89","17","16","212","100","113","94","407","95","58","30","182","85","53","36","66","40","15","16","33","27","1878","260","819","187","789","198","3","6","155","130","0","11","67","55","45","33","222","133","709","192","840","135","68.6","8.2","65.6","8.3","3.3","3.5","2.7","1.8","29.8","7.0","12.7","7.7","33.2","9.1","2.0","1.9","25.2","9.9","13.5","9.9","407","95","14.3","7.8","44.7","14.0","13.0","8.6","16.2","8.9","3.7","3.9","8.1","6.8","1878","260","43.6","9.0","42.0","7.9","0.2","0.3","8.3","6.7","0.0","1.5","3.6","2.8","2.4","1.9","11.8","6.9","37.8","9.8","44329","4798","45656","6243","46077","5796","32468","48774","4322","4729","17778","2061","9354","1755","(X)","(X)","2806","532","21405","8155","7152","5238","47787","7669","27450","12386","36559","7488","78479","25624","60089","8185","123860","43112","36982","10994","20447","3125","19095","4473","23718","5288","N","N","11830","7703","-","**","8082","4464","37082","10802","14681","7711","18273","4873",
"1400000US26163584700","Census Tract 5847, Wayne County, Michigan","956","180","645","84","637","84","16","15","107","38","281","38","226","164","304","178","40","18","227","42","167","157","599","98","102","62","206","52","98","44","79","33","53","29","61","67","2281","391","2053","401","65","56","0","11","57","41","0","11","23","28","83","58","99","79","2012","404","956","180","67.5","12.8","66.6","12.7","1.7","1.6","11.2","4.3","29.4","6.8","23.6","13.9","31.8","13.3","4.2","2.0","23.7","5.8","17.5","14.1","599","98","17.0","9.1","34.4","8.2","16.4","7.6","13.2","5.9","8.8","5.0","10.2","10.5","2281","391","90.0","4.6","2.8","2.5","0.0","1.2","2.5","1.8","0.0","1.2","1.0","1.3","3.6","2.6","4.3","3.6","88.2","5.0","56290","10656","61765","7582","62002","7673","N","N","13565","15844","23685","3689","8214","2920","(X)","(X)","765","628","14288","4474","4414","4094","67394","8477","28032","19389","63790","8476","70708","14323","84673","23331","80934","20657","105911","42513","24041","3387","23998","3756","20758","8159","-","**","35465","16826","-","**","28748","3508","18537","6245","24798","3268","23954","3845",
"1400000US26163584801","Census Tract 5848.01, Wayne County, Michigan","1223","335","914","293","865","297","49","69","18","28","269","204","158","197","729","343","239","277","18","28","0","11","793","302","83","72","630","296","53","65","14","22","13","26","0","11","2975","871","920","508","1885","740","72","70","0","11","0","11","0","11","98","126","0","11","920","508","1223","335","74.7","14.9","70.7","15.2","4.0","5.8","1.5","2.3","22.0","14.8","12.9","14.8","59.6","14.7","19.5","19.1","1.5","2.3","0.0","2.2","793","302","10.5","9.6","79.4","13.7","6.7","8.4","1.8","2.9","1.6","3.4","0.0","3.4","2975","871","30.9","14.6","63.4","15.2","2.4","2.5","0.0","0.9","0.0","0.9","0.0","0.9","3.3","4.5","0.0","0.9","30.9","14.6","23798","6328","25789","8477","27180","8806","N","N","N","N","13648","4562","N","N","(X)","(X)","1590","432","N","N","-","**","21776","7217","N","N","N","N","N","N","N","N","N","N","N","N","9883","2626","14057","2497","7849","3427","N","N","-","**","-","**","-","**","N","N","-","**","14057","2497",
"1400000US26163584802","Census Tract 5848.02, Wayne County, Michigan","1164","155","855","173","855","173","43","43","32","39","340","125","29","37","303","116","61","63","190","80","52","38","833","189","171","88","323","116","134","131","146","126","29","47","30","43","3283","536","1592","459","1638","368","33","51","20","52","0","11","0","11","0","11","88","121","1508","478","1164","155","73.5","7.8","73.5","7.8","3.7","3.7","2.7","3.3","29.2","9.8","2.5","3.3","26.0","9.9","5.2","5.5","16.3","7.1","4.5","3.2","833","189","20.5","10.4","38.8","15.2","16.1","13.5","17.5","14.0","3.5","5.6","3.6","5.0","3283","536","48.5","9.8","49.9","9.8","1.0","1.5","0.6","1.7","0.0","0.8","0.0","0.8","0.0","0.8","2.7","3.7","45.9","10.9","47577","8446","53595","10885","53296","10836","5940","5079","N","N","15980","3117","N","N","(X)","(X)","N","N","16485","8021","3492","1964","51286","10483","N","N","N","N","N","N","N","N","N","N","N","N","16633","3178","22532","6216","10746","3110","N","N","N","N","-","**","-","**","-","**","69790","10780","19783","4841",
"1400000US26163585500","Census Tract 5855, Wayne County, Michigan","676","108","493","108","493","108","0","11","71","52","190","57","92","56","137","45","18","14","97","48","74","42","412","65","48","27","164","66","89","54","39","35","51","46","21","34","1677","235","1375","264","162","117","0","11","0","11","0","11","35","36","105","107","135","121","1275","260","676","108","72.9","7.7","72.9","7.7","0.0","4.0","10.5","7.2","28.1","9.5","13.6","8.1","20.3","6.5","2.7","2.0","14.3","7.0","10.9","6.1","412","65","11.7","6.8","39.8","15.8","21.6","13.1","9.5","8.2","12.4","10.1","5.1","8.4","1677","235","82.0","8.7","9.7","7.1","0.0","1.6","0.0","1.6","0.0","1.6","2.1","2.1","6.3","6.5","8.1","7.3","76.0","8.1","54090","13344","58643","17543","58643","17543","-","**","13939","11552","17483","3158","9327","1473","(X)","(X)","744","428","17533","3764","10408","7624","67706","19158","N","N","N","N","N","N","N","N","N","N","N","N","22145","5106","22715","4025","12088","1847","-","**","-","**","-","**","N","N","30428","104360","8725","8885","24162","4281",
"1400000US26163585600","Census Tract 5856, Wayne County, Michigan","1327","161","1121","159","1121","159","64","44","92","51","366","124","95","60","276","89","46","34","160","51","134","69","860","150","61","39","364","102","91","43","247","115","97","52","0","11","3781","675","835","219","2690","657","0","11","77","72","0","11","43","43","136","104","102","118","740","206","1327","161","84.5","6.5","84.5","6.5","4.8","3.2","6.9","3.8","27.6","7.8","7.2","4.6","20.8","7.1","3.5","2.6","12.1","3.8","10.1","5.0","860","150","7.1","4.7","42.3","10.5","10.6","5.0","28.7","10.5","11.3","6.3","0.0","3.1","3781","675","22.1","6.2","71.1","7.0","0.0","0.7","2.0","2.0","0.0","0.7","1.1","1.2","3.6","2.8","2.7","3.1","19.6","5.9","75265","11859","78093","14350","76833","14403","22058","8988","1010","674","17226","2434","10526","2057","(X)","(X)","1930","1159","23012","6621","8710","3896","78518","9706","37910","13791","55643","10656","132587","26741","65252","14683","172953","43596","-","**","27759","5309","25994","7500","28032","7198","-","**","44339","21823","-","**","12021","14234","28783","24587","12658","7789","28105","7393",
"1400000US26163585700","Census Tract 5857, Wayne County, Michigan","741","135","519","125","506","121","32","25","122","73","256","80","53","34","116","48","19","19","226","82","22","13","410","72","113","44","119","45","113","58","18","16","28","23","19","18","1756","267","1069","249","641","143","0","11","0","11","0","11","20","22","26","18","112","78","982","258","741","135","70.0","9.9","68.3","9.7","4.3","3.4","16.5","8.7","34.5","9.7","7.2","4.5","15.7","6.3","2.6","2.6","30.5","9.7","3.0","1.8","410","72","27.6","10.8","29.0","10.1","27.6","11.8","4.4","4.0","6.8","5.6","4.6","4.4","1756","267","60.9","7.9","36.5","8.1","0.0","1.6","0.0","1.6","0.0","1.6","1.1","1.2","1.5","1.1","6.4","4.4","55.9","9.2","64636","9297","63868","11552","64934","11667","9084","9455","17496","12711","21807","4379","8157","1647","(X)","(X)","N","N","27315","9540","18391","8627","73225","14726","47812","19339","53918","13304","97037","36764","71128","11418","128543","23264","124142","36500","28255","4409","32734","5835","21264","5389","-","**","-","**","-","**","17660","2872","24619","22244","28145","9486","32784","6538",
"1400000US26163585800","Census Tract 5858, Wayne County, Michigan","1594","204","1402","182","1402","182","157","106","117","104","386","120","55","49","203","108","17","17","248","73","148","97","1262","197","90","78","363","131","399","108","275","114","135","109","0","11","4499","616","2077","420","2317","433","0","11","0","11","0","11","40","49","65","57","44","53","2064","419","1594","204","88.0","5.0","88.0","5.0","9.8","6.4","7.3","6.1","24.2","7.3","3.5","3.1","12.7","6.7","1.1","1.0","15.6","4.3","9.3","5.6","1262","197","7.1","5.7","28.8","8.7","31.6","8.2","21.8","9.2","10.7","8.3","0.0","2.2","4499","616","46.2","6.7","51.5","6.3","0.0","0.6","0.0","0.6","0.0","0.6","0.9","1.1","1.4","1.3","1.0","1.2","45.9","6.7","74697","8625","76056","9606","74732","8725","11828","6727","2994","4041","18463","3889","10738","1472","(X)","(X)","1171","1545","14099","4838","5751","3934","81733","11581","24624","10894","65547","14131","97956","17671","72058","13473","135084","12352","-","**","27477","4136","24206","5984","30597","5388","-","**","-","**","-","**","N","N","18351","21458","N","N","24330","6031",
"1400000US26163585900","Census Tract 5859, Wayne County, Michigan","1266","223","685","115","659","114","41","36","199","82","644","216","45","41","329","163","15","12","394","177","60","41","649","181","171","168","186","82","160","90","56","50","47","48","29","39","2734","388","2105","387","509","313","0","11","4","7","0","11","43","135","73","67","69","134","2079","388","1266","223","54.1","11.5","52.1","11.1","3.2","2.9","15.7","6.9","50.9","10.3","3.6","3.3","26.0","11.0","1.2","0.9","31.1","11.2","4.7","3.2","649","181","26.3","20.0","28.7","13.0","24.7","13.7","8.6","8.6","7.2","7.6","4.5","6.4","2734","388","77.0","9.0","18.6","11.2","0.0","1.0","0.1","0.3","0.0","1.0","1.6","4.9","2.7","2.5","2.5","4.9","76.0","9.2","55362","10178","72290","13756","73708","14218","23056","14326","10637","9761","18704","3859","8907","5435","(X)","(X)","N","N","13561","4036","10673","9349","79428","17908","N","N","N","N","N","N","N","N","N","N","N","N","26336","3941","27697","4233","21228","8537","-","**","-","**","-","**","5616","5161","36359","20312","3888","29938","28030","4361",
"1400000US26163586201","Census Tract 5862.01, Wayne County, Michigan","2451","276","1988","320","1988","320","73","53","222","123","783","215","123","87","434","259","82","92","615","235","349","166","1631","332","211","112","458","204","455","277","240","153","145","117","122","83","7121","1205","3502","680","3137","1092","0","15","94","129","0","15","72","116","316","205","244","238","3347","729","2451","276","81.1","7.0","81.1","7.0","3.0","2.1","9.1","5.1","31.9","8.9","5.0","3.6","17.7","9.9","3.3","3.8","25.1","9.1","14.2","6.8","1631","332","12.9","6.7","28.1","11.2","27.9","13.8","14.7","9.8","8.9","7.4","7.5","5.3","7121","1205","49.2","9.7","44.1","10.2","0.0","0.4","1.3","1.8","0.0","0.4","1.0","1.7","4.4","2.9","3.4","3.5","47.0","9.8","70582","7243","70172","7479","69922","7487","6807","7044","2536","982","17659","2343","16183","8303","(X)","(X)","2857","903","18761","6921","15307","9117","76075","8750","36099","16681","66108","15967","84987","13635","83025","23820","119324","20657","84324","19015","24629","3057","26434","4351","22568","5590","-","**","20095","893","-","**","20653","2188","27335","14832","20262","11274","26697","4595",
"1400000US26163586300","Census Tract 5863, Wayne County, Michigan","706","95","553","97","542","97","62","33","121","39","233","33","46","27","40","22","16","17","244","47","46","26","540","92","83","26","197","53","163","88","51","26","25","27","21","17","1955","262","1723","273","138","87","9","20","46","36","0","11","2","4","37","32","55","46","1670","277","706","95","78.3","5.3","76.8","5.5","8.8","4.7","17.1","5.8","33.0","5.7","6.5","4.0","5.7","3.3","2.3","2.4","34.6","7.4","6.5","3.9","540","92","15.4","5.1","36.5","10.3","30.2","12.5","9.4","4.7","4.6","4.9","3.9","3.4","1955","262","88.1","5.3","7.1","4.6","0.5","1.0","2.4","1.8","0.0","1.4","0.1","0.2","1.9","1.7","2.8","2.4","85.4","5.7","77689","7546","76451","10195","76272","10490","15124","11913","7926","4856","23268","2672","11507","5027","(X)","(X)","N","N","21769","4815","6898","4678","82439","8433","49712","7906","72226","10404","108618","13670","80659","21833","96336","36005","92171","24918","29293","4505","30555","5146","26899","6153","N","N","17659","10602","-","**","N","N","N","N","23429","14854","30763","5298",
"1400000US26163587000","Census Tract 5870, Wayne County, Michigan","1860","172","1326","186","1225","207","138","71","191","72","613","121","106","53","148","58","16","20","581","144","276","123","900","111","153","62","310","90","287","106","105","67","8","13","37","32","3879","18","2963","236","575","147","0","11","34","38","0","11","9","16","298","214","218","194","2938","236","1860","172","71.3","6.7","65.9","7.5","7.4","4.0","10.3","3.9","33.0","6.7","5.7","2.8","8.0","3.2","0.9","1.1","31.2","7.6","14.8","6.8","900","111","17.0","6.4","34.4","9.6","31.9","10.8","11.7","7.1","0.9","1.4","4.1","3.7","3879","18","76.4","6.1","14.8","3.8","0.0","0.7","0.9","1.0","0.0","0.7","0.2","0.4","7.7","5.5","5.6","5.0","75.7","6.1","67696","10166","70491","15075","68595","14707","68422","63719","8820","8279","20426","2609","8715","2331","(X)","(X)","N","N","25102","5235","9816","7310","94696","18885","N","N","N","N","N","N","N","N","N","N","N","N","32902","5766","33251","6879","39924","11821","-","**","N","N","-","**","N","N","14141","5005","15425","10099","33141","6919",
"1400000US26163587900","Census Tract 5879, Wayne County, Michigan","2346","268","1910","317","1910","317","77","55","280","113","651","233","132","106","378","150","64","86","403","129","429","257","1683","292","208","169","450","189","535","179","165","123","286","255","39","58","6238","1069","3324","1090","2412","602","0","15","344","282","0","15","31","53","127","124","56","85","3269","1093","2346","268","81.4","8.9","81.4","8.9","3.3","2.4","11.9","5.2","27.7","10.9","5.6","4.6","16.1","6.5","2.7","3.7","17.2","6.1","18.3","9.5","1683","292","12.4","10.0","26.7","10.5","31.8","12.1","9.8","7.1","17.0","13.7","2.3","3.5","6238","1069","53.3","11.0","38.7","10.6","0.0","0.4","5.5","4.7","0.0","0.4","0.5","0.9","2.0","2.0","0.9","1.4","52.4","11.2","101431","24975","109583","30415","109097","30424","12055","6233","4285","1844","17144","2844","4792","1283","(X)","(X)","N","N","27086","8433","10416","3033","116699","32573","N","N","N","N","N","N","N","N","N","N","N","N","38237","9560","37813","9487","42576","19821","-","**","27569","11227","-","**","N","N","N","N","39700","13860","37774","9666",
"1400000US26163588001","Census Tract 5880.01, Wayne County, Michigan","1724","233","1606","239","1606","239","28","39","182","105","200","64","58","61","206","150","38","47","225","86","63","56","717","197","0","11","183","139","429","177","34","49","71","62","0","11","3333","539","1875","511","1178","294","0","11","53","49","0","11","0","11","227","205","98","84","1793","532","1724","233","93.2","3.9","93.2","3.9","1.6","2.3","10.6","5.9","11.6","3.9","3.4","3.6","11.9","7.9","2.2","2.7","13.1","5.2","3.7","3.3","717","197","0.0","3.8","25.5","16.5","59.8","18.6","4.7","7.0","9.9","8.6","0.0","3.8","3333","539","56.3","8.9","35.3","9.4","0.0","0.8","1.6","1.5","0.0","0.8","0.0","0.8","6.8","6.1","2.9","2.7","53.8","9.7","88342","13650","87917","13726","87939","13724","N","N","10940","2878","21100","3929","7117","2887","(X)","(X)","N","N","17127","8317","8930","5481","110385","22292","N","N","N","N","N","N","N","N","N","N","N","N","46130","8622","35739","7462","63178","17305","-","**","95747","44885","-","**","-","**","31909","9007","61181","22252","34715","7173",
"1400000US26163588002","Census Tract 5880.02, Wayne County, Michigan","1218","216","1068","219","976","221","119","86","136","74","341","136","49","55","98","88","25","34","171","99","169","108","607","141","51","53","217","129","72","63","243","114","24","37","0","11","2930","466","2009","478","582","296","0","11","0","11","0","11","26","43","313","278","196","196","1980","486","1218","216","87.7","6.7","80.1","9.5","9.8","7.0","11.2","6.6","28.0","10.2","4.0","4.5","8.0","7.1","2.1","2.8","14.0","8.2","13.9","9.7","607","141","8.4","8.8","35.7","17.1","11.9","10.2","40.0","19.0","4.0","6.0","0.0","4.4","2930","466","68.6","14.2","19.9","10.0","0.0","0.9","0.0","0.9","0.0","0.9","0.9","1.4","10.7","8.5","6.7","6.2","67.6","14.5","59793","7545","56566","7990","58258","8447","29850","25972","1873","1888","19283","4148","N","N","(X)","(X)","N","N","22926","7860","7298","2941","63745","7147","N","N","N","N","N","N","N","N","N","N","N","N","25436","3252","27096","3638","20157","11999","-","**","-","**","-","**","N","N","23209","11665","31718","4129","27033","3682",
"1400000US26163588101","Census Tract 5881.01, Wayne County, Michigan","633","226","392","105","392","105","38","34","37","27","248","191","46","49","252","209","130","193","198","188","67","90","426","214","136","193","82","53","149","107","29","20","4","9","26","31","1530","556","1184","514","178","176","11","20","95","112","0","11","1","3","61","64","69","114","1127","509","633","226","61.9","22.1","61.9","22.1","6.0","5.7","5.8","5.1","39.2","19.5","7.3","8.0","39.8","22.1","20.5","24.7","31.3","21.2","10.6","13.2","426","214","31.9","33.5","19.2","16.7","35.0","25.2","6.8","5.8","0.9","2.2","6.1","7.6","1530","556","77.4","12.9","11.6","11.0","0.7","1.3","6.2","7.5","0.0","1.8","0.1","0.2","4.0","4.6","4.5","7.2","73.7","14.9","67769","32016","78280","46504","77047","46736","12724","9263","43449","58651","25409","7809","7485","805","(X)","(X)","N","N","17948","2352","5054","2750","82036","47182","N","N","N","N","N","N","N","N","N","N","N","N","27576","14106","32415","17924","14797","11461","-","**","8536","2245","-","**","N","N","5336","10851","16572","7696","33077","18982",
"1400000US26163588102","Census Tract 5881.02, Wayne County, Michigan","504","59","379","74","379","74","7","13","107","56","185","66","47","44","69","48","10","11","122","49","20","18","250","55","48","44","60","39","94","42","28","24","20","23","0","11","1121","171","982","205","89","79","0","11","0","11","0","11","1","3","49","38","110","104","873","165","504","59","75.2","11.7","75.2","11.7","1.4","2.6","21.2","10.7","36.7","12.4","9.3","8.9","13.7","9.7","2.0","2.2","24.2","9.2","4.0","3.5","250","55","19.2","17.1","24.0","13.7","37.6","16.3","11.2","9.8","8.0","10.2","0.0","10.4","1121","171","87.6","8.2","7.9","7.8","0.0","2.4","0.0","2.4","0.0","2.4","0.1","0.3","4.4","3.3","9.8","8.4","77.9","8.7","60992","10090","63073","9642","62842","9718","N","N","10063","12608","16891","5050","6730","4730","(X)","(X)","N","N","17370","8154","9615","7948","70639","18374","N","N","N","N","N","N","N","N","N","N","N","N","28530","6676","26496","7082","48658","28300","-","**","-","**","-","**","N","N","31622","14936","24059","30214","26868","6748",
"1400000US26163588200","Census Tract 5882, Wayne County, Michigan","1681","184","1298","142","1281","144","124","79","198","127","385","144","71","64","132","56","7","11","256","141","188","99","620","124","91","67","239","121","146","73","136","70","0","11","8","12","3102","315","1511","206","1090","318","0","11","51","61","0","11","0","11","450","242","53","46","1471","201","1681","184","77.2","7.6","76.2","7.7","7.4","4.6","11.8","6.9","22.9","7.0","4.2","3.9","7.9","3.4","0.4","0.7","15.2","7.1","11.2","5.6","620","124","14.7","11.5","38.5","16.3","23.5","10.7","21.9","10.5","0.0","4.3","1.3","2.0","3102","315","48.7","5.9","35.1","8.9","0.0","0.9","1.6","1.9","0.0","0.9","0.0","0.9","14.5","7.7","1.7","1.5","47.4","5.9","54114","6386","53360","7030","52512","7035","16072","9387","17119","17032","19823","2581","N","N","(X)","(X)","N","N","30313","14024","10037","5441","62662","8976","N","N","N","N","N","N","N","N","N","N","N","N","29865","4453","38633","7514","27559","6829","-","**","N","N","-","**","-","**","5102","3241","25802","10881","39102","7707",
"1400000US26163588300","Census Tract 5883, Wayne County, Michigan","2081","335","1716","357","1665","359","83","61","199","89","614","177","275","103","412","273","19","32","580","302","316","198","1478","401","139","72","567","303","504","232","131","90","86","64","51","52","4916","724","4225","719","572","160","0","11","0","11","0","11","14","22","105","106","219","170","4020","736","2081","335","82.5","6.2","80.0","6.4","4.0","3.0","9.6","4.2","29.5","9.1","13.2","5.4","19.8","11.7","0.9","1.5","27.9","11.8","15.2","9.2","1478","401","9.4","5.1","38.4","14.6","34.1","13.4","8.9","6.0","5.8","4.4","3.5","3.6","4916","724","85.9","2.9","11.6","3.4","0.0","0.6","0.0","0.6","0.0","0.6","0.3","0.5","2.1","2.2","4.5","3.5","81.8","5.0","80333","12158","76391","15308","77949","15731","15682","12243","20299","14423","22508","4147","12413","4287","(X)","(X)","N","N","18943","7340","12097","9529","90922","17208","N","N","N","N","N","N","N","N","N","N","N","N","34485","5433","35456","5819","31886","15141","-","**","-","**","-","**","N","N","N","N","22611","8500","36052","6016",
"1400000US26163588400","Census Tract 5884, Wayne County, Michigan","1952","218","1480","213","1446","214","180","75","332","97","749","135","63","40","66","48","24","34","626","131","359","143","1518","187","248","85","319","109","518","183","204","94","207","87","22","23","5206","612","3494","606","1438","290","19","33","41","37","0","15","8","12","206","143","167","96","3387","614","1952","218","75.8","6.2","74.1","6.4","9.2","4.1","17.0","5.0","38.4","6.3","3.2","2.1","3.4","2.5","1.2","1.7","32.1","6.6","18.4","6.7","1518","187","16.3","5.5","21.0","7.2","34.1","9.4","13.4","6.2","13.6","5.8","1.4","1.5","5206","612","67.1","6.2","27.6","5.8","0.4","0.7","0.8","0.7","0.0","0.5","0.2","0.2","4.0","2.7","3.2","1.9","65.1","6.5","102333","9607","102381","12525","100157","12500","37204","21710","11164","10715","25094","2823","9248","2528","(X)","(X)","N","N","31184","7833","15310","7259","107854","10640","N","N","N","N","N","N","N","N","N","N","N","N","38519","3493","41837","4827","34019","5520","N","N","36895","50905","-","**","N","N","18662","16552","8419","6230","42773","4874",
"1400000US26163589300","Census Tract 5893, Wayne County, Michigan","1360","162","1040","166","1032","165","127","64","253","85","468","99","89","67","68","37","19","21","427","110","195","91","1087","160","212","79","305","126","330","138","149","85","83","47","8","13","3896","575","3479","603","334","187","27","41","0","11","0","11","0","11","56","59","43","42","3436","605","1360","162","76.5","6.8","75.9","6.9","9.3","4.7","18.6","6.4","34.4","7.4","6.5","4.9","5.0","2.7","1.4","1.5","31.4","8.0","14.3","6.7","1087","160","19.5","6.9","28.1","10.5","30.4","10.4","13.7","8.2","7.6","4.5","0.7","1.2","3896","575","89.3","5.5","8.6","4.9","0.7","1.1","0.0","0.7","0.0","0.7","0.0","0.7","1.4","1.6","1.1","1.1","88.2","5.7","112874","30953","121557","40679","115697","40023","55270","34149","12757","6935","26553","2586","11638","3581","(X)","(X)","N","N","20112","4864","8459","3120","125450","38793","N","N","N","N","N","N","N","N","N","N","N","N","40651","11607","42426","13329","22442","6381","N","N","-","**","-","**","-","**","N","N","28779","22024","42597","13498",
"1400000US26163589401","Census Tract 5894.01, Wayne County, Michigan","1062","177","720","209","691","213","122","138","128","82","348","155","150","143","238","177","94","132","284","115","236","157","687","175","128","81","263","129","145","96","99","136","21","34","31","50","2747","743","2327","680","143","133","0","11","39","65","0","11","0","11","238","177","64","92","2317","678","1062","177","67.8","13.3","65.1","14.4","11.5","12.3","12.1","7.9","32.8","13.0","14.1","12.7","22.4","15.2","8.9","11.9","26.7","10.9","22.2","13.1","687","175","18.6","12.5","38.3","17.0","21.1","13.7","14.4","18.3","3.1","5.0","4.5","7.3","2747","743","84.7","8.6","5.2","5.2","0.0","1.0","1.4","2.1","0.0","1.0","0.0","1.0","8.7","6.0","2.3","3.4","84.3","8.7","64222","13713","70274","19070","69251","21217","22503","18620","2740","2435","20399","5462","9913","5747","(X)","(X)","N","N","22700","9206","8782","3589","66626","14718","N","N","N","N","N","N","N","N","N","N","N","N","25088","8217","27290","9189","24415","19926","-","**","N","N","-","**","-","**","5610","8705","25409","3771","27276","9229",
"1400000US26163589402","Census Tract 5894.02, Wayne County, Michigan","872","180","714","192","714","192","0","11","100","83","255","121","33","40","38","47","13","22","277","122","190","111","623","189","49","51","204","128","207","112","99","90","64","44","0","11","2429","499","1595","596","743","353","0","11","0","11","0","11","0","11","91","40","39","49","1582","597","872","180","81.9","12.8","81.9","12.8","0.0","3.1","11.5","9.2","29.2","13.6","3.8","4.5","4.4","5.5","1.5","2.5","31.8","14.3","21.8","12.3","623","189","7.9","8.3","32.7","15.5","33.2","15.7","15.9","13.5","10.3","8.1","0.0","4.3","2429","499","65.7","16.1","30.6","15.0","0.0","1.1","0.0","1.1","0.0","1.1","0.0","1.1","3.7","1.9","1.6","2.0","65.1","16.2","77886","11348","78293","12202","78293","12202","-","**","5958","2225","18878","5478","N","N","(X)","(X)","N","N","14922","6322","11376","9153","85077","15478","N","N","N","N","N","N","N","N","N","N","N","N","28628","3308","28463","4942","30521","6282","-","**","-","**","-","**","-","**","N","N","N","N","28189","4920",
"1400000US26163590401","Census Tract 5904.01, Wayne County, Michigan","2716","269","2333","305","2276","315","187","106","451","172","629","161","98","88","67","103","0","15","661","165","301","156","2042","221","206","95","537","186","669","198","176","136","386","157","68","67","7911","627","7254","688","426","351","26","29","26","44","0","15","17","27","162","159","249","175","7022","710","2716","269","85.9","5.6","83.8","6.1","6.9","4.0","16.6","6.8","23.2","6.2","3.6","3.3","2.5","3.8","0.0","1.0","24.3","6.2","11.1","5.8","2042","221","10.1","4.4","26.3","8.6","32.8","8.7","8.6","6.3","18.9","8.0","3.3","3.3","7911","627","91.7","4.7","5.4","4.4","0.3","0.4","0.3","0.6","0.0","0.3","0.2","0.3","2.0","2.1","3.1","2.2","88.8","5.0","109678","13152","110733","15411","106709","14205","82724","69035","6644","3298","24729","2499","11242","1236","(X)","(X)","-","**","25585","7856","9905","4982","121502","13138","57793","11348","95692","28716","154486","19284","51991","37680","171149","29889","91912","46305","37999","4173","38450","4190","19862","16741","N","N","N","N","-","**","N","N","56598","34247","33090","20309","38585","4371",
"1400000US26163590500","Census Tract 5905, Wayne County, Michigan","2354","298","1669","274","1669","274","119","104","323","108","949","175","285","138","317","123","31","37","544","151","368","175","1593","236","312","112","592","231","317","133","187","93","136","85","49","49","5617","548","5279","565","161","126","17","30","0","15","0","15","8","13","152","132","71","77","5216","573","2354","298","70.9","6.6","70.9","6.6","5.1","4.4","13.7","4.7","40.3","6.5","12.1","5.8","13.5","5.3","1.3","1.6","23.1","6.3","15.6","7.1","1593","236","19.6","6.5","37.2","11.5","19.9","8.3","11.7","6.0","8.5","5.6","3.1","3.1","5617","548","94.0","3.3","2.9","2.2","0.3","0.5","0.0","0.5","0.0","0.5","0.1","0.2","2.7","2.4","1.3","1.4","92.9","3.4","75949","15366","80857","20905","78661","20665","30795","7637","17358","17625","22458","3749","12135","3077","(X)","(X)","N","N","19225","4875","8007","4150","91544","23624","40881","11178","84572","43843","154529","61932","61053","8200","141254","37809","69263","28823","32791","6620","33509","6857","23939","9609","N","N","-","**","-","**","N","N","N","N","20110","18282","33767","6949",
"1400000US26163590600","Census Tract 5906, Wayne County, Michigan","956","117","782","110","763","109","69","32","224","62","329","64","17","14","24","23","6","9","313","56","90","41","672","116","83","32","229","74","205","99","37","24","105","35","13","15","2532","418","2223","423","118","102","0","11","82","51","0","11","16","23","93","60","93","70","2194","417","956","117","81.8","4.9","79.8","5.4","7.2","3.4","23.4","6.1","34.4","6.9","1.8","1.4","2.5","2.4","0.6","0.9","32.7","6.2","9.4","4.4","672","116","12.4","4.9","34.1","10.2","30.5","11.7","5.5","3.3","15.6","5.9","1.9","2.3","2532","418","87.8","5.8","4.7","4.0","0.0","1.1","3.2","2.1","0.0","1.1","0.6","0.9","3.7","2.4","3.7","2.8","86.7","5.9","108525","10206","110739","14164","110232","14473","36099","18871","2646","1402","23355","2866","12347","6370","(X)","(X)","N","N","25322","4282","7731","4520","116752","13352","N","N","N","N","N","N","N","N","N","N","N","N","41850","4363","40329","4637","28915","20132","-","**","115029","32694","-","**","57175","12936","27442","22649","31889","16542","40569","4626",
"1400000US26163591501","Census Tract 5915.01, Wayne County, Michigan","1333","216","960","225","960","225","9","15","182","83","457","79","123","140","296","166","29","40","259","87","102","52","916","225","204","80","332","131","107","68","124","88","149","148","0","11","3653","638","1979","350","741","317","0","11","657","447","0","11","35","57","241","178","93","101","1978","349","1333","216","72.0","8.0","72.0","8.0","0.7","1.1","13.7","6.4","34.3","6.7","9.2","9.5","22.2","10.5","2.2","2.9","19.4","7.0","7.7","4.0","916","225","22.3","8.9","36.2","11.7","11.7","7.5","13.5","9.5","16.3","13.7","0.0","3.0","3653","638","54.2","10.6","20.3","7.6","0.0","0.7","18.0","10.8","0.0","0.7","1.0","1.5","6.6","4.4","2.5","2.7","54.1","10.5","63322","12323","69051","14958","69007","14957","N","N","3405","2631","21150","3766","8173","2219","(X)","(X)","N","N","18136","2863","18425","10251","67402","16410","34820","9452","43607","12596","102151","58409","82425","9873","127576","24801","-","**","21226","3654","27132","3755","14229","7343","-","**","14319","12707","-","**","32271","3315","11470","6680","12266","17216","27140","3764",
"1400000US26163591502","Census Tract 5915.02, Wayne County, Michigan","1202","149","889","149","880","146","69","48","207","68","433","123","0","11","112","67","27","25","255","80","104","60","789","143","114","59","237","102","222","79","85","65","104","52","27","25","3168","437","2399","432","289","136","0","11","476","203","0","11","0","11","4","7","21","21","2382","429","1202","149","74.0","7.4","73.2","7.3","5.7","4.1","17.2","5.6","36.0","8.4","0.0","2.3","9.3","5.6","2.2","2.1","21.2","6.3","8.7","4.8","789","143","14.4","7.2","30.0","10.6","28.1","8.6","10.8","7.8","13.2","6.9","3.4","3.1","3168","437","75.7","7.4","9.1","4.5","0.0","0.9","15.0","6.0","0.0","0.9","0.0","0.9","0.1","0.2","0.7","0.6","75.2","7.3","81299","9348","90182","11546","89795","11748","16701","4373","5405","5513","20619","3110","-","**","(X)","(X)","1319","273","25855","8735","8406","3541","98278","12383","N","N","N","N","N","N","N","N","N","N","N","N","30995","3435","33515","3634","26512","6019","-","**","21138","7580","-","**","-","**","N","N","34167","33465","33480","3674",
"1400000US26163591600","Census Tract 5916, Wayne County, Michigan","740","74","607","65","607","65","41","35","118","51","221","69","45","24","38","21","11","12","204","71","70","33","582","68","38","22","192","54","201","58","75","40","76","40","0","11","2142","269","1605","176","236","136","0","11","243","190","0","11","39","45","19","21","165","102","1479","158","740","74","82.0","8.1","82.0","8.1","5.5","4.7","15.9","6.6","29.9","7.4","6.1","3.3","5.1","2.9","1.5","1.6","27.6","8.0","9.5","4.4","582","68","6.5","3.8","33.0","8.6","34.5","9.1","12.9","6.5","13.1","6.7","0.0","4.6","2142","269","74.9","8.9","11.0","5.9","0.0","1.3","11.3","8.2","0.0","1.3","1.8","2.0","0.9","1.0","7.7","4.7","69.0","8.4","88639","8860","88537","8543","88391","8558","2161","2164","11626","10702","21903","2887","16378","4606","(X)","(X)","N","N","21515","5994","6989","4356","97646","9048","55318","12992","80507","9511","113519","14177","91375","39124","126318","24390","-","**","31656","3562","33149","3481","30484","10431","-","**","27348","20598","-","**","7221","8075","N","N","28680","14787","32964","3693",
"1400000US26163591700","Census Tract 5917, Wayne County, Michigan","2514","184","1993","201","1977","197","192","123","548","121","822","136","124","102","113","95","0","15","656","137","160","87","1896","222","333","119","429","113","617","176","175","125","298","111","44","46","6398","694","5409","707","490","275","0","15","268","239","0","15","10","16","221","179","94","69","5334","717","2514","184","79.3","5.3","78.6","5.2","7.6","4.8","21.8","5.0","32.7","4.9","4.9","4.1","4.5","3.8","0.0","1.1","26.1","5.1","6.4","3.4","1896","222","17.6","6.0","22.6","5.8","32.5","7.6","9.2","6.6","15.7","5.7","2.3","2.4","6398","694","84.5","6.5","7.7","4.4","0.0","0.4","4.2","3.7","0.0","0.4","0.2","0.2","3.5","2.7","1.5","1.1","83.4","6.6","110097","11153","114269","13426","112660","13914","26089","16240","8880","5408","26137","2624","9213","3161","(X)","(X)","-","**","26446","4955","26273","14728","118545","13187","N","N","N","N","N","N","N","N","N","N","N","N","43110","4797","43703","5257","52612","15335","-","**","43119","30678","-","**","N","N","6769","11085","44805","17797","43656","5323",
"1400000US26163591800","Census Tract 5918, Wayne County, Michigan","2453","341","1887","339","1840","343","194","97","353","126","879","300","151","81","303","117","143","75","516","184","191","108","1682","314","177","72","677","282","332","133","102","71","341","247","53","72","6196","998","4547","982","652","347","0","15","424","203","0","15","83","114","490","366","571","470","4248","1030","2453","341","76.9","7.7","75.0","7.9","7.9","4.0","14.4","6.1","35.8","9.9","6.2","3.6","12.4","5.0","5.8","3.1","21.0","7.3","7.8","4.6","1682","314","10.5","4.5","40.2","13.6","19.7","8.3","6.1","4.5","20.3","13.3","3.2","4.3","6196","998","73.4","8.7","10.5","5.6","0.0","0.4","6.8","3.5","0.0","0.4","1.3","1.8","7.9","5.9","9.2","7.7","68.6","9.6","72204","9027","75732","10449","74213","9753","32754","14561","6826","3803","21685","2603","10574","2413","(X)","(X)","1741","754","15124","4075","16168","7212","85203","11565","N","N","N","N","N","N","N","N","N","N","N","N","28529","4124","31970","5196","22678","5373","-","**","22199","11626","-","**","N","N","12491","10880","15971","10591","32403","5599",
"1400000US26163591900","Census Tract 5919, Wayne County, Michigan","2181","291","1641","268","1641","268","25","33","336","187","808","212","54","53","151","91","49","55","852","287","90","66","1394","212","301","180","449","148","282","119","141","84","146","110","75","72","5722","808","5168","752","154","142","0","15","9","15","0","15","47","58","344","318","282","249","4959","780","2181","291","75.2","8.3","75.2","8.3","1.1","1.5","15.4","7.9","37.0","8.6","2.5","2.4","6.9","4.1","2.2","2.5","39.1","9.8","4.1","3.1","1394","212","21.6","10.7","32.2","11.0","20.2","8.0","10.1","5.9","10.5","8.3","5.4","5.1","5722","808","90.3","6.8","2.7","2.4","0.0","0.5","0.2","0.3","0.0","0.5","0.8","1.0","6.0","5.3","4.9","4.4","86.7","7.9","93592","15535","103482","20430","102822","20260","N","N","10417","5928","23172","3572","10952","10522","(X)","(X)","N","N","12674","4336","7177","4009","99978","16961","54879","10585","71703","10700","121814","18623","121599","64498","224973","51745","84181","70702","35832","5987","37293","6253","15831","10105","-","**","N","N","-","**","24962","13037","22457","23999","16317","4617","38388","6531",
"1400000US26163592000","Census Tract 5920, Wayne County, Michigan","1558","235","1183","138","1161","138","81","51","380","219","559","215","53","45","134","59","21","25","433","228","265","236","1304","253","275","223","224","80","470","137","184","69","143","61","8","13","4583","603","4018","686","308","248","0","11","125","98","0","11","0","11","132","94","105","101","3967","683","1558","235","75.9","11.0","74.5","11.0","5.2","3.4","24.4","11.0","35.9","9.5","3.4","2.8","8.6","3.8","1.3","1.6","27.8","11.1","17.0","13.1","1304","253","21.1","13.9","17.2","6.3","36.0","10.3","14.1","5.9","11.0","5.2","0.6","1.0","4583","603","87.7","6.5","6.7","5.5","0.0","0.6","2.7","2.2","0.0","0.6","0.0","0.6","2.9","2.0","2.3","2.3","86.6","6.6","101516","11767","109761","12723","110793","12765","15009","7426","6088","1912","25514","4080","12000","3996","(X)","(X)","N","N","15635","8606","16204","6530","107516","14449","N","N","N","N","N","N","N","N","N","N","N","N","34722","3704","35389","3820","17042","5248","-","**","71752","37168","-","**","-","**","20602","19244","34746","17815","35446","3799",
"1400000US26163593001","Census Tract 5930.01, Wayne County, Michigan","2370","353","1643","222","1617","227","158","97","307","115","931","378","82","88","100","65","26","38","754","373","401","345","1344","171","243","117","437","153","332","108","72","74","153","85","107","80","5506","519","4826","584","385","254","0","15","105","122","0","15","41","45","149","134","400","172","4467","598","2370","353","69.3","13.2","68.2","13.3","6.7","4.3","13.0","5.3","39.3","11.8","3.5","3.7","4.2","2.7","1.1","1.6","31.8","12.2","16.9","12.7","1344","171","18.1","7.8","32.5","10.2","24.7","8.4","5.4","5.4","11.4","6.1","8.0","6.0","5506","519","87.6","5.6","7.0","4.5","0.0","0.5","1.9","2.2","0.0","0.5","0.7","0.8","2.7","2.4","7.3","3.1","81.1","6.6","76403","9640","85792","11008","84425","10873","28103","14183","8759","5271","22251","3188","6198","3970","(X)","(X)","N","N","18481","3068","5660","2734","99378","12315","51706","9094","66837","11455","113335","13820","199607","88763","166353","34566","134032","40862","33675","3184","33373","3297","39526","23025","-","**","54569","29782","-","**","N","N","20220","9789","16440","7607","34672","3580",
"1400000US26163593200","Census Tract 5932, Wayne County, Michigan","1754","239","1141","141","1132","143","87","54","337","110","879","229","116","59","156","85","41","40","793","219","192","160","1052","242","319","210","259","88","244","114","106","66","88","49","36","29","3671","455","3263","431","80","67","13","20","238","170","0","11","37","79","40","53","230","116","3083","428","1754","239","65.1","9.3","64.5","9.3","5.0","3.1","19.2","6.3","50.1","8.8","6.6","3.4","8.9","5.0","2.3","2.3","45.2","8.5","10.9","8.1","1052","242","30.3","15.2","24.6","8.3","23.2","10.1","10.1","6.6","8.4","5.3","3.4","3.0","3671","455","88.9","6.0","2.2","1.8","0.4","0.5","6.5","4.4","0.0","0.7","1.0","2.1","1.1","1.4","6.3","3.0","84.0","5.8","84734","7760","85062","10181","84210","10355","19892","15659","13054","7455","23908","2615","16628","6703","(X)","(X)","2256","1931","22993","3825","30723","9381","103380","10861","72324","11196","77915","11924","128631","17571","115925","17855","181475","21611","162800","17402","40735","3140","41026","3427","17274","4272","-","**","52805","14557","-","**","N","N","-","**","28182","10869","41877","3492",
"1400000US26163593301","Census Tract 5933.01, Wayne County, Michigan","1348","161","974","142","955","145","53","35","226","66","546","131","32","39","185","84","20","24","393","112","118","59","1050","143","202","81","296","76","370","109","98","52","69","51","15","19","3324","322","3003","392","148","109","0","11","39","57","0","11","88","94","46","54","200","127","2891","385","1348","161","72.3","9.0","70.8","9.2","3.9","2.7","16.8","5.4","40.5","7.7","2.4","3.0","13.7","6.5","1.5","1.8","29.2","7.1","8.8","4.5","1050","143","19.2","7.0","28.2","7.1","35.2","7.8","9.3","4.9","6.6","5.0","1.4","1.9","3324","322","90.3","5.2","4.5","3.3","0.0","0.8","1.2","1.7","0.0","0.8","2.6","2.9","1.4","1.6","6.0","3.9","87.0","5.4","87792","18379","96390","23828","97214","24387","19706","16250","6449","2756","22635","2564","N","N","(X)","(X)","1950","1786","22421","5306","14365","8727","98747","23847","58419","19019","65033","10160","153757","68808","61260","9295","115052","26670","120113","54519","35789","7784","31554","3320","138248","152089","-","**","N","N","-","**","6650","3140","6602","4886","25053","15572","31246","3490",
"1400000US26163594000","Census Tract 5940, Wayne County, Michigan","1200","130","809","119","800","116","24","27","145","61","426","100","94","84","110","81","19","22","297","69","159","85","478","80","73","50","150","55","185","79","49","38","21","31","0","11","2276","314","2209","310","23","29","0","11","8","12","0","11","9","13","27","26","81","71","2137","307","1200","130","67.4","7.3","66.7","7.3","2.0","2.2","12.1","5.1","35.5","7.1","7.8","6.6","9.2","6.3","1.6","1.8","24.8","5.9","13.3","6.9","478","80","15.3","9.6","31.4","12.0","38.7","15.0","10.3","7.4","4.4","6.5","0.0","5.6","2276","314","97.1","2.3","1.0","1.2","0.0","1.2","0.4","0.5","0.0","1.2","0.4","0.6","1.2","1.1","3.6","3.1","93.9","3.8","83228","20725","86988","17174","85309","16786","88579","32678","83603","113205","18772","2385","12067","4639","(X)","(X)","1047","1226","25017","15943","5008","2260","94699","16154","N","N","N","N","N","N","N","N","N","N","N","N","44147","9725","44625","9873","N","N","-","**","-","**","-","**","N","N","N","N","56043","18225","44189","10126",
"1400000US26163594100","Census Tract 5941, Wayne County, Michigan","1896","257","1270","220","1247","219","148","56","502","88","888","147","45","38","23","20","6","9","753","233","288","200","1106","114","217","48","263","96","376","73","94","51","126","51","30","36","4154","337","4038","347","3","5","0","11","73","76","0","11","0","11","40","56","166","115","3872","370","1896","257","67.0","7.0","65.8","7.0","7.8","3.0","26.5","5.7","46.8","7.0","2.4","2.0","1.2","1.0","0.3","0.5","39.7","9.4","15.2","9.3","1106","114","19.6","4.2","23.8","7.1","34.0","6.3","8.5","4.7","11.4","4.5","2.7","3.2","4154","337","97.2","2.3","0.1","0.1","0.0","0.7","1.8","1.8","0.0","0.7","0.0","0.7","1.0","1.4","4.0","2.8","93.2","3.4","93821","11472","100358","17448","97998","16765","35482","24252","22947","12575","20897","2534","13016","4527","(X)","(X)","N","N","20746","5357","14268","5776","130312","13203","N","N","N","N","N","N","N","N","N","N","N","N","43223","3516","43657","3582","11767","1085","-","**","33707","8543","-","**","-","**","N","N","30358","16052","44227","3607",
"1400000US26163594200","Census Tract 5942, Wayne County, Michigan","1062","144","784","162","757","156","93","47","248","62","428","58","17","21","33","31","23","27","378","73","55","39","914","141","210","73","194","66","248","71","173","161","78","41","11","16","2623","394","2588","412","0","11","0","11","0","11","0","11","0","11","35","43","42","41","2552","412","1062","144","73.8","7.9","71.3","8.0","8.8","4.7","23.4","5.8","40.3","7.9","1.6","2.0","3.1","3.1","2.2","2.7","35.6","8.7","5.2","3.8","914","141","23.0","8.7","21.2","7.7","27.1","9.3","18.9","15.4","8.5","4.8","1.2","1.8","2623","394","98.7","1.8","0.0","1.0","0.0","1.0","0.0","1.0","0.0","1.0","0.0","1.0","1.3","1.8","1.6","1.6","97.3","2.4","107709","28876","116697","36873","116893","38369","32278","17774","14941","6703","24240","2508","N","N","(X)","(X)","N","N","20701","5198","10115","3135","117277","33821","N","N","N","N","N","N","N","N","N","N","N","N","45326","14388","45334","14604","-","**","-","**","-","**","-","**","-","**","44686","19930","37748","20425","45361","14801",
"1400000US26163594300","Census Tract 5943, Wayne County, Michigan","1271","103","956","115","956","115","64","43","254","75","531","109","16","18","45","47","5","8","483","86","122","66","917","98","152","61","238","67","297","92","65","48","142","65","23","23","3118","258","2976","236","8","10","0","11","45","70","0","11","8","14","81","64","196","111","2802","249","1271","103","75.2","6.7","75.2","6.7","5.0","3.4","20.0","5.5","41.8","7.1","1.3","1.4","3.5","3.6","0.4","0.7","38.0","6.2","9.6","5.3","917","98","16.6","6.6","26.0","6.9","32.4","8.7","7.1","5.2","15.5","7.1","2.5","2.5","3118","258","95.4","3.0","0.3","0.3","0.0","0.9","1.4","2.2","0.0","0.9","0.3","0.4","2.6","2.0","6.3","3.6","89.9","3.6","86969","9162","83529","10655","82276","10505","18713","14881","25932","18830","22381","2243","N","N","(X)","(X)","N","N","23464","4612","5848","3233","99092","12331","N","N","N","N","N","N","N","N","N","N","N","N","35488","3430","35300","3276","N","N","-","**","49842","10648","-","**","N","N","39712","33027","22911","6289","36118","3506",
"1400000US26163594401","Census Tract 5944.01, Wayne County, Michigan","1190","126","758","125","748","126","43","30","138","68","576","128","93","61","168","54","6","9","374","92","161","67","735","115","187","92","263","102","113","51","56","48","116","48","0","11","2751","309","2434","252","41","35","9","15","7","12","0","11","5","9","255","246","180","119","2259","278","1190","126","63.7","8.6","62.9","8.6","3.6","2.5","11.6","5.8","48.4","8.2","7.8","5.0","14.1","4.6","0.5","0.8","31.4","7.2","13.5","5.7","735","115","25.4","11.3","35.8","12.1","15.4","6.4","7.6","6.4","15.8","7.2","0.0","3.7","2751","309","88.5","8.2","1.5","1.3","0.3","0.5","0.3","0.4","0.0","1.0","0.2","0.3","9.3","8.4","6.5","4.4","82.1","8.9","68582","12342","78723","15241","78958","15248","14233","12632","1934","2588","18339","3893","9592","1966","(X)","(X)","N","N","20001","8024","16700","8629","80630","11891","45244","15438","61673","16184","122621","26167","123696","87644","118954","19067","-","**","32305","5511","31505","5622","17559","7432","N","N","-","**","-","**","N","N","40599","18997","9183","6390","33305","6061",
"1400000US26163594500","Census Tract 5945, Wayne County, Michigan","1309","124","948","112","939","115","59","54","212","75","626","119","80","52","85","55","29","44","560","108","128","53","875","114","162","63","218","75","280","86","106","56","80","58","29","44","3292","315","2992","304","208","123","0","11","19","25","0","11","16","27","57","60","60","48","2952","298","1309","124","72.4","5.8","71.7","6.1","4.5","4.2","16.2","5.8","47.8","7.6","6.1","3.9","6.5","4.1","2.2","3.3","42.8","7.0","9.8","4.1","875","114","18.5","6.6","24.9","8.3","32.0","9.1","12.1","6.2","9.1","6.6","3.3","5.0","3292","315","90.9","4.3","6.3","3.6","0.0","0.8","0.6","0.7","0.0","0.8","0.5","0.8","1.7","1.8","1.8","1.5","89.7","4.2","90038","12935","83147","10922","83088","10933","13627","7476","15958","8180","21424","2637","12420","3047","(X)","(X)","N","N","36373","22906","6598","3552","99412","9842","N","N","N","N","N","N","N","N","N","N","N","N","36715","5245","37617","5497","27395","12546","-","**","N","N","-","**","N","N","21909","11387","35182","15892","37735","5642",
"1400000US26163595000","Census Tract 5950, Wayne County, Michigan","1673","213","1113","189","1113","189","18","22","326","104","613","122","124","95","231","132","60","66","483","116","200","92","1008","173","170","88","251","90","241","108","234","98","79","48","33","49","3895","516","3624","515","18","20","0","11","0","11","0","11","58","79","195","123","244","230","3465","525","1673","213","66.5","7.1","66.5","7.1","1.1","1.3","19.5","6.0","36.6","6.7","7.4","5.6","13.8","7.6","3.6","4.0","28.9","6.2","12.0","5.4","1008","173","16.9","8.0","24.9","7.9","23.9","9.3","23.2","9.5","7.8","4.7","3.3","4.7","3895","516","93.0","3.6","0.5","0.5","0.0","0.7","0.0","0.7","0.0","0.7","1.5","2.1","5.0","3.1","6.3","5.8","89.0","6.2","68399","8452","77818","11712","77752","11725","N","N","5875","3892","22216","2640","6794","859","(X)","(X)","468","609","18666","5436","12001","6350","87896","10176","N","N","N","N","N","N","N","N","N","N","N","N","29913","3207","30664","3308","33622","46874","-","**","-","**","-","**","N","N","17677","10432","19409","5548","31287","3416",
"1400000US26163595100","Census Tract 5951, Wayne County, Michigan","2160","300","1580","358","1513","355","87","71","474","129","725","136","128","77","202","128","0","15","561","150","210","96","1467","315","310","155","388","147","264","100","333","348","158","114","14","22","5387","646","4536","403","807","744","0","15","0","15","0","15","16","23","28","37","254","160","4357","386","2160","300","73.1","9.2","70.0","9.4","4.0","3.3","21.9","6.7","33.6","8.0","5.9","3.8","9.4","6.0","0.0","1.3","26.0","8.0","9.7","4.7","1467","315","21.1","11.9","26.4","11.3","18.0","7.3","22.7","20.0","10.8","8.1","1.0","1.6","5387","646","84.2","12.3","15.0","12.5","0.0","0.5","0.0","0.5","0.0","0.5","0.3","0.4","0.5","0.7","4.7","3.0","80.9","12.1","89165","21364","99138","26938","102349","28343","20505","8848","6443","6650","18225","3432","11130","5045","(X)","(X)","-","**","29706","24719","7624","5885","105430","30609","N","N","N","N","N","N","N","N","N","N","N","N","37674","8808","39818","10182","26413","4123","-","**","-","**","-","**","N","N","N","N","60828","54771","38326","9951",
"1400000US26163595201","Census Tract 5952.01, Wayne County, Michigan","1372","136","837","109","829","107","40","32","349","85","640","129","15","17","40","36","8","13","420","103","98","46","752","104","220","69","188","82","204","101","70","53","53","37","17","16","2803","350","2622","352","81","55","8","14","15","24","0","11","52","55","25","30","97","68","2599","353","1372","136","61.0","6.6","60.4","6.6","2.9","2.3","25.4","6.5","46.6","7.4","1.1","1.3","2.9","2.8","0.6","1.0","30.6","7.4","7.1","3.2","752","104","29.3","8.6","25.0","10.4","27.1","12.6","9.3","6.9","7.0","4.9","2.3","2.1","2803","350","93.5","3.2","2.9","2.0","0.3","0.5","0.5","0.8","0.0","1.0","1.9","1.9","0.9","1.1","3.5","2.4","92.7","3.5","77893","10625","89551","15440","88252","15626","44853","31884","8779","4393","24998","3188","N","N","(X)","(X)","N","N","26833","6944","14621","10143","105945","16985","N","N","N","N","N","N","N","N","N","N","N","N","37999","3519","38398","3788","21438","8344","N","N","N","N","-","**","39121","18628","N","N","43169","12478","38193","3828",
"1400000US26163596100","Census Tract 5961, Wayne County, Michigan","1464","135","1002","117","977","114","102","46","488","91","673","98","47","32","46","33","27","29","538","94","178","80","1077","113","274","61","254","85","372","123","93","48","66","46","18","22","3525","369","3445","368","7","10","0","11","41","38","0","11","0","11","32","28","42","28","3413","359","1464","135","68.4","5.4","66.7","5.8","7.0","3.2","33.3","6.0","46.0","5.0","3.2","2.1","3.1","2.3","1.8","2.0","36.7","5.4","12.2","5.1","1077","113","25.4","5.5","23.6","7.8","34.5","9.6","8.6","4.7","6.1","4.3","1.7","2.1","3525","369","97.7","1.6","0.2","0.3","0.0","0.8","1.2","1.1","0.0","0.8","0.0","0.8","0.9","0.8","1.2","0.8","96.8","1.7","117925","16219","119638","16489","112448","11984","98185","76998","29316","17356","26293","3288","8600","3347","(X)","(X)","1085","772","33817","6999","11999","5295","136627","21700","N","N","N","N","N","N","N","N","N","N","N","N","49391","7262","48968","7384","N","N","-","**","80624","56292","-","**","-","**","61516","44241","57833","27901","48754","7466",
"1400000US26163596200","Census Tract 5962, Wayne County, Michigan","1656","147","1015","124","987","122","199","59","626","127","824","158","66","49","114","87","25","28","668","149","190","77","1204","134","346","132","331","100","275","82","124","55","97","61","31","47","3984","360","3862","361","10","11","10","16","80","65","0","11","0","11","22","26","91","73","3781","353","1656","147","61.3","7.7","59.6","7.6","12.0","3.7","37.8","7.2","49.8","7.8","4.0","2.9","6.9","5.1","1.5","1.7","40.3","7.2","11.5","4.5","1204","134","28.7","9.6","27.5","7.7","22.8","6.2","10.3","4.7","8.1","5.3","2.6","3.9","3984","360","96.9","2.0","0.3","0.3","0.3","0.4","2.0","1.6","0.0","0.7","0.0","0.7","0.6","0.7","2.3","1.8","94.9","2.5","136321","17005","140104","22160","132707","17268","56397","39291","37999","18549","29249","3514","9171","2722","(X)","(X)","N","N","47660","11221","16322","7652","153806","20427","N","N","N","N","N","N","N","N","N","N","N","N","56988","6701","58056","6815","45420","22106","N","N","27049","16816","-","**","-","**","-","**","17268","15789","58940","6880",
"1400000US26163596300","Census Tract 5963, Wayne County, Michigan","983","105","725","102","725","102","83","54","538","116","410","101","14","19","9","14","9","14","302","94","52","34","899","99","194","56","218","90","370","80","17","20","97","62","3","7","2644","312","2453","296","38","57","0","11","77","68","0","11","2","12","74","91","29","34","2428","292","983","105","73.8","6.2","73.8","6.2","8.4","5.6","54.7","10.0","41.7","8.2","1.4","1.9","0.9","1.4","0.9","1.4","30.7","8.4","5.3","3.5","899","99","21.6","5.9","24.2","8.5","41.2","8.9","1.9","2.2","10.8","6.9","0.3","0.8","2644","312","92.8","4.7","1.4","2.2","0.0","1.0","2.9","2.6","0.0","1.0","0.1","0.5","2.8","3.3","1.1","1.3","91.8","4.8","197367","23559","204251","25365","203066","25648","10352","4751","30701","10537","32659","5086","10514","5489","(X)","(X)","N","N","50950","15198","8752","5252","199369","26991","N","N","N","N","N","N","N","N","N","N","N","N","74268","9543","72821","10694","38547","18800","-","**","176234","141809","-","**","N","N","36185","13285","8621","8911","73512","10820",
"1400000US26163597000","Census Tract 5970, Wayne County, Michigan","1836","150","1421","121","1363","158","101","63","324","102","732","131","77","44","174","90","6","10","505","121","201","71","1284","109","230","75","432","101","374","122","104","51","125","44","19","29","4546","39","4284","176","83","112","0","11","25","37","0","11","0","11","154","153","361","281","3924","334","1836","150","77.4","4.5","74.2","5.1","5.5","3.6","17.6","5.2","39.9","5.6","4.2","2.4","9.5","5.0","0.3","0.5","27.5","6.0","10.9","3.7","1284","109","17.9","5.3","33.6","8.1","29.1","8.4","8.1","4.1","9.7","3.5","1.5","2.3","4546","39","94.2","3.8","1.8","2.5","0.0","0.6","0.5","0.8","0.0","0.6","0.0","0.6","3.4","3.4","7.9","6.2","86.3","7.3","82235","6091","82574","7205","83158","7261","39542","25386","10109","4260","23870","1990","10751","3932","(X)","(X)","N","N","17674","3339","15517","7579","91887","8364","N","N","N","N","N","N","N","N","N","N","N","N","33375","3231","34140","3294","19252","6762","-","**","24972","4135","-","**","-","**","21045","19055","9101","4167","36466","2853",
"1400000US26163598000","Census Tract 5980, Wayne County, Michigan","1364","137","1082","116","1043","123","77","49","443","155","508","130","39","35","117","83","0","11","466","130","176","100","833","90","79","47","340","113","273","81","119","64","22","22","0","11","3177","14","2927","230","5","6","0","11","40","60","0","11","3","5","202","215","151","168","2887","232","1364","137","79.3","8.3","76.5","8.2","5.6","3.6","32.5","10.3","37.2","7.2","2.9","2.6","8.6","5.9","0.0","2.0","34.2","7.8","12.9","6.8","833","90","9.5","5.6","40.8","12.1","32.8","10.3","14.3","7.3","2.6","2.7","0.0","3.2","3177","14","92.1","7.2","0.2","0.2","0.0","0.9","1.3","1.9","0.0","0.9","0.1","0.1","6.4","6.8","4.8","5.3","90.9","7.3","86502","9500","86140","8803","87179","9170","29564","17774","6719","5055","22671","3898","8738","5652","(X)","(X)","-","**","16642","4416","12474","6613","100451","11777","69278","37812","68696","10268","150194","19451","90488","25071","139777","22204","-","**","37139","4870","37971","4679","10100","2542","-","**","N","N","-","**","N","N","8212","14413","11272","17558","37954","4722",
"1400000US26163599001","Census Tract 5990.01, Wayne County, Michigan","1870","176","1298","185","1280","188","148","108","273","109","661","161","116","70","404","150","59","48","506","167","245","106","1333","135","250","124","472","154","322","107","79","48","155","102","55","87","5212","480","4438","486","540","484","13","22","0","15","0","15","122","132","99","84","430","310","4160","523","1870","176","69.4","8.1","68.4","8.3","7.9","5.7","14.6","5.5","35.3","7.8","6.2","3.8","21.6","8.3","3.2","2.6","27.1","8.2","13.1","5.7","1333","135","18.8","9.4","35.4","10.2","24.2","7.6","5.9","3.5","11.6","7.8","4.1","6.5","5212","480","85.1","8.6","10.4","8.8","0.2","0.4","0.0","0.5","0.0","0.5","2.3","2.5","1.9","1.6","8.3","5.8","79.8","9.8","74356","10085","86851","14087","86617","14376","12585","23753","3452","3395","16665","2274","7956","2755","(X)","(X)","1983","1928","20531","4455","11947","4393","88947","14096","N","N","N","N","N","N","N","N","N","N","N","N","26853","3864","29113","3929","9664","3834","N","N","-","**","-","**","N","N","35344","25445","15480","13397","30284","3642",
"1400000US26163599100","Census Tract 5991, Wayne County, Michigan","1732","134","1346","146","1336","148","84","45","244","79","620","133","140","69","202","75","30","21","521","123","142","61","1320","143","189","86","526","124","244","81","150","75","146","63","65","97","4762","480","4302","546","378","252","3","7","6","9","0","11","36","44","37","37","400","288","3938","555","1732","134","77.7","5.5","77.1","5.6","4.8","2.6","14.1","4.5","35.8","7.0","8.1","3.9","11.7","4.3","1.7","1.2","30.1","6.4","8.2","3.6","1320","143","14.3","6.1","39.8","8.5","18.5","5.8","11.4","5.9","11.1","4.7","4.9","7.2","4762","480","90.3","5.7","7.9","5.4","0.1","0.2","0.1","0.2","0.0","0.6","0.8","0.9","0.8","0.8","8.4","6.0","82.7","7.3","81797","10806","84437","13308","83548","12880","24190","9995","9664","13641","21190","2847","8045","2209","(X)","(X)","887","935","19050","3193","10183","5448","89709","12427","N","N","N","N","N","N","N","N","N","N","N","N","29286","2786","30607","2926","11603","7162","N","N","N","N","-","**","66700","28066","10168","11582","19291","8399","32087","2969",
"1400000US26163981700","Census Tract 9817, Wayne County, Michigan","0","11","0","11","0","11","0","11","0","11","0","11","0","11","0","11","0","11","0","11","0","11","0","11","0","11","0","11","0","11","0","11","0","11","0","11","0","11","0","11","0","11","0","11","0","11","0","11","0","11","0","11","0","11","0","11","0","11","-","**","-","**","-","**","-","**","-","**","-","**","-","**","-","**","-","**","-","**","0","11","-","**","-","**","-","**","-","**","-","**","-","**","0","11","-","**","-","**","-","**","-","**","-","**","-","**","-","**","-","**","-","**","-","**","-","**","-","**","-","**","-","**","-","**","-","**","(X)","(X)","-","**","-","**","-","**","-","**","-","**","-","**","-","**","-","**","-","**","-","**","-","**","-","**","-","**","-","**","-","**","-","**","-","**","-","**","-","**","-","**",
"1400000US26163981800","Census Tract 9818, Wayne County, Michigan","0","11","0","11","0","11","0","11","0","11","0","11","0","11","0","11","0","11","0","11","0","11","0","11","0","11","0","11","0","11","0","11","0","11","0","11","0","11","0","11","0","11","0","11","0","11","0","11","0","11","0","11","0","11","0","11","0","11","-","**","-","**","-","**","-","**","-","**","-","**","-","**","-","**","-","**","-","**","0","11","-","**","-","**","-","**","-","**","-","**","-","**","0","11","-","**","-","**","-","**","-","**","-","**","-","**","-","**","-","**","-","**","-","**","-","**","-","**","-","**","-","**","-","**","-","**","(X)","(X)","-","**","-","**","-","**","-","**","-","**","-","**","-","**","-","**","-","**","-","**","-","**","-","**","-","**","-","**","-","**","-","**","-","**","-","**","-","**","-","**",
"1400000US26163981901","Census Tract 9819.01, Wayne County, Michigan","0","11","0","11","0","11","0","11","0","11","0","11","0","11","0","11","0","11","0","11","0","11","0","11","0","11","0","11","0","11","0","11","0","11","0","11","0","11","0","11","0","11","0","11","0","11","0","11","0","11","0","11","0","11","0","11","0","11","-","**","-","**","-","**","-","**","-","**","-","**","-","**","-","**","-","**","-","**","0","11","-","**","-","**","-","**","-","**","-","**","-","**","0","11","-","**","-","**","-","**","-","**","-","**","-","**","-","**","-","**","-","**","-","**","-","**","-","**","-","**","-","**","-","**","-","**","(X)","(X)","-","**","-","**","-","**","-","**","-","**","-","**","-","**","-","**","-","**","-","**","-","**","-","**","-","**","-","**","-","**","-","**","-","**","-","**","-","**","-","**",
"1400000US26163981902","Census Tract 9819.02, Wayne County, Michigan","0","11","0","11","0","11","0","11","0","11","0","11","0","11","0","11","0","11","0","11","0","11","0","11","0","11","0","11","0","11","0","11","0","11","0","11","0","11","0","11","0","11","0","11","0","11","0","11","0","11","0","11","0","11","0","11","0","11","-","**","-","**","-","**","-","**","-","**","-","**","-","**","-","**","-","**","-","**","0","11","-","**","-","**","-","**","-","**","-","**","-","**","0","11","-","**","-","**","-","**","-","**","-","**","-","**","-","**","-","**","-","**","-","**","-","**","-","**","-","**","-","**","-","**","-","**","(X)","(X)","-","**","-","**","-","**","-","**","-","**","-","**","-","**","-","**","-","**","-","**","-","**","-","**","-","**","-","**","-","**","-","**","-","**","-","**","-","**","-","**",
"1400000US26163982000","Census Tract 9820, Wayne County, Michigan","0","11","0","11","0","11","0","11","0","11","0","11","0","11","0","11","0","11","0","11","0","11","0","11","0","11","0","11","0","11","0","11","0","11","0","11","0","11","0","11","0","11","0","11","0","11","0","11","0","11","0","11","0","11","0","11","0","11","-","**","-","**","-","**","-","**","-","**","-","**","-","**","-","**","-","**","-","**","0","11","-","**","-","**","-","**","-","**","-","**","-","**","0","11","-","**","-","**","-","**","-","**","-","**","-","**","-","**","-","**","-","**","-","**","-","**","-","**","-","**","-","**","-","**","-","**","(X)","(X)","-","**","-","**","-","**","-","**","-","**","-","**","-","**","-","**","-","**","-","**","-","**","-","**","-","**","-","**","-","**","-","**","-","**","-","**","-","**","-","**",
"1400000US26163982101","Census Tract 9821.01, Wayne County, Michigan","0","11","0","11","0","11","0","11","0","11","0","11","0","11","0","11","0","11","0","11","0","11","0","11","0","11","0","11","0","11","0","11","0","11","0","11","0","11","0","11","0","11","0","11","0","11","0","11","0","11","0","11","0","11","0","11","0","11","-","**","-","**","-","**","-","**","-","**","-","**","-","**","-","**","-","**","-","**","0","11","-","**","-","**","-","**","-","**","-","**","-","**","0","11","-","**","-","**","-","**","-","**","-","**","-","**","-","**","-","**","-","**","-","**","-","**","-","**","-","**","-","**","-","**","-","**","(X)","(X)","-","**","-","**","-","**","-","**","-","**","-","**","-","**","-","**","-","**","-","**","-","**","-","**","-","**","-","**","-","**","-","**","-","**","-","**","-","**","-","**",
"1400000US26163982102","Census Tract 9821.02, Wayne County, Michigan","0","11","0","11","0","11","0","11","0","11","0","11","0","11","0","11","0","11","0","11","0","11","0","11","0","11","0","11","0","11","0","11","0","11","0","11","0","11","0","11","0","11","0","11","0","11","0","11","0","11","0","11","0","11","0","11","0","11","-","**","-","**","-","**","-","**","-","**","-","**","-","**","-","**","-","**","-","**","0","11","-","**","-","**","-","**","-","**","-","**","-","**","0","11","-","**","-","**","-","**","-","**","-","**","-","**","-","**","-","**","-","**","-","**","-","**","-","**","-","**","-","**","-","**","-","**","(X)","(X)","-","**","-","**","-","**","-","**","-","**","-","**","-","**","-","**","-","**","-","**","-","**","-","**","-","**","-","**","-","**","-","**","-","**","-","**","-","**","-","**",
"1400000US26163982200","Census Tract 9822, Wayne County, Michigan","0","11","0","11","0","11","0","11","0","11","0","11","0","11","0","11","0","11","0","11","0","11","0","11","0","11","0","11","0","11","0","11","0","11","0","11","0","11","0","11","0","11","0","11","0","11","0","11","0","11","0","11","0","11","0","11","0","11","-","**","-","**","-","**","-","**","-","**","-","**","-","**","-","**","-","**","-","**","0","11","-","**","-","**","-","**","-","**","-","**","-","**","0","11","-","**","-","**","-","**","-","**","-","**","-","**","-","**","-","**","-","**","-","**","-","**","-","**","-","**","-","**","-","**","-","**","(X)","(X)","-","**","-","**","-","**","-","**","-","**","-","**","-","**","-","**","-","**","-","**","-","**","-","**","-","**","-","**","-","**","-","**","-","**","-","**","-","**","-","**",
"1400000US26163982301","Census Tract 9823.01, Wayne County, Michigan","0","11","0","11","0","11","0","11","0","11","0","11","0","11","0","11","0","11","0","11","0","11","0","11","0","11","0","11","0","11","0","11","0","11","0","11","0","11","0","11","0","11","0","11","0","11","0","11","0","11","0","11","0","11","0","11","0","11","-","**","-","**","-","**","-","**","-","**","-","**","-","**","-","**","-","**","-","**","0","11","-","**","-","**","-","**","-","**","-","**","-","**","0","11","-","**","-","**","-","**","-","**","-","**","-","**","-","**","-","**","-","**","-","**","-","**","-","**","-","**","-","**","-","**","-","**","(X)","(X)","-","**","-","**","-","**","-","**","-","**","-","**","-","**","-","**","-","**","-","**","-","**","-","**","-","**","-","**","-","**","-","**","-","**","-","**","-","**","-","**",
"1400000US26163982302","Census Tract 9823.02, Wayne County, Michigan","0","11","0","11","0","11","0","11","0","11","0","11","0","11","0","11","0","11","0","11","0","11","0","11","0","11","0","11","0","11","0","11","0","11","0","11","0","11","0","11","0","11","0","11","0","11","0","11","0","11","0","11","0","11","0","11","0","11","-","**","-","**","-","**","-","**","-","**","-","**","-","**","-","**","-","**","-","**","0","11","-","**","-","**","-","**","-","**","-","**","-","**","0","11","-","**","-","**","-","**","-","**","-","**","-","**","-","**","-","**","-","**","-","**","-","**","-","**","-","**","-","**","-","**","-","**","(X)","(X)","-","**","-","**","-","**","-","**","-","**","-","**","-","**","-","**","-","**","-","**","-","**","-","**","-","**","-","**","-","**","-","**","-","**","-","**","-","**","-","**",
"1400000US26163982400","Census Tract 9824, Wayne County, Michigan","59","27","0","11","0","11","0","11","18","28","49","30","0","11","24","21","0","11","24","21","0","11","0","11","0","11","0","11","0","11","0","11","0","11","0","11","59","27","43","31","15","16","0","11","0","11","0","11","1","3","0","11","1","3","43","31","59","27","0.0","35.2","0.0","35.2","0.0","35.2","30.5","43.7","83.1","26.0","0.0","35.2","40.7","35.2","0.0","35.2","40.7","40.4","0.0","35.2","0","11","-","**","-","**","-","**","-","**","-","**","-","**","59","27","72.9","29.8","25.4","29.4","0.0","35.2","0.0","35.2","0.0","35.2","1.7","5.1","0.0","35.2","1.7","5.1","72.9","29.8","24205","6435","-","**","-","**","-","**","N","N","13992","2141","-","**","(X)","(X)","-","**","15875","13299","-","**","-","**","-","**","-","**","-","**","-","**","-","**","-","**","24205","6435","26665","7369","N","N","-","**","-","**","-","**","-","**","-","**","-","**","26665","7369",
"1400000US26163982500","Census Tract 9825, Wayne County, Michigan","0","11","0","11","0","11","0","11","0","11","0","11","0","11","0","11","0","11","0","11","0","11","0","11","0","11","0","11","0","11","0","11","0","11","0","11","0","11","0","11","0","11","0","11","0","11","0","11","0","11","0","11","0","11","0","11","0","11","-","**","-","**","-","**","-","**","-","**","-","**","-","**","-","**","-","**","-","**","0","11","-","**","-","**","-","**","-","**","-","**","-","**","0","11","-","**","-","**","-","**","-","**","-","**","-","**","-","**","-","**","-","**","-","**","-","**","-","**","-","**","-","**","-","**","-","**","(X)","(X)","-","**","-","**","-","**","-","**","-","**","-","**","-","**","-","**","-","**","-","**","-","**","-","**","-","**","-","**","-","**","-","**","-","**","-","**","-","**","-","**",
"1400000US26163982600","Census Tract 9826, Wayne County, Michigan","0","11","0","11","0","11","0","11","0","11","0","11","0","11","0","11","0","11","0","11","0","11","0","11","0","11","0","11","0","11","0","11","0","11","0","11","0","11","0","11","0","11","0","11","0","11","0","11","0","11","0","11","0","11","0","11","0","11","-","**","-","**","-","**","-","**","-","**","-","**","-","**","-","**","-","**","-","**","0","11","-","**","-","**","-","**","-","**","-","**","-","**","0","11","-","**","-","**","-","**","-","**","-","**","-","**","-","**","-","**","-","**","-","**","-","**","-","**","-","**","-","**","-","**","-","**","(X)","(X)","-","**","-","**","-","**","-","**","-","**","-","**","-","**","-","**","-","**","-","**","-","**","-","**","-","**","-","**","-","**","-","**","-","**","-","**","-","**","-","**",
"1400000US26163982700","Census Tract 9827, Wayne County, Michigan","0","11","0","11","0","11","0","11","0","11","0","11","0","11","0","11","0","11","0","11","0","11","0","11","0","11","0","11","0","11","0","11","0","11","0","11","0","11","0","11","0","11","0","11","0","11","0","11","0","11","0","11","0","11","0","11","0","11","-","**","-","**","-","**","-","**","-","**","-","**","-","**","-","**","-","**","-","**","0","11","-","**","-","**","-","**","-","**","-","**","-","**","0","11","-","**","-","**","-","**","-","**","-","**","-","**","-","**","-","**","-","**","-","**","-","**","-","**","-","**","-","**","-","**","-","**","(X)","(X)","-","**","-","**","-","**","-","**","-","**","-","**","-","**","-","**","-","**","-","**","-","**","-","**","-","**","-","**","-","**","-","**","-","**","-","**","-","**","-","**",
"1400000US26163982900","Census Tract 9829, Wayne County, Michigan","0","11","0","11","0","11","0","11","0","11","0","11","0","11","0","11","0","11","0","11","0","11","0","11","0","11","0","11","0","11","0","11","0","11","0","11","0","11","0","11","0","11","0","11","0","11","0","11","0","11","0","11","0","11","0","11","0","11","-","**","-","**","-","**","-","**","-","**","-","**","-","**","-","**","-","**","-","**","0","11","-","**","-","**","-","**","-","**","-","**","-","**","0","11","-","**","-","**","-","**","-","**","-","**","-","**","-","**","-","**","-","**","-","**","-","**","-","**","-","**","-","**","-","**","-","**","(X)","(X)","-","**","-","**","-","**","-","**","-","**","-","**","-","**","-","**","-","**","-","**","-","**","-","**","-","**","-","**","-","**","-","**","-","**","-","**","-","**","-","**",
"1400000US26163983100","Census Tract 9831, Wayne County, Michigan","0","11","0","11","0","11","0","11","0","11","0","11","0","11","0","11","0","11","0","11","0","11","0","11","0","11","0","11","0","11","0","11","0","11","0","11","0","11","0","11","0","11","0","11","0","11","0","11","0","11","0","11","0","11","0","11","0","11","-","**","-","**","-","**","-","**","-","**","-","**","-","**","-","**","-","**","-","**","0","11","-","**","-","**","-","**","-","**","-","**","-","**","0","11","-","**","-","**","-","**","-","**","-","**","-","**","-","**","-","**","-","**","-","**","-","**","-","**","-","**","-","**","-","**","-","**","(X)","(X)","-","**","-","**","-","**","-","**","-","**","-","**","-","**","-","**","-","**","-","**","-","**","-","**","-","**","-","**","-","**","-","**","-","**","-","**","-","**","-","**",
"1400000US26163983200","Census Tract 9832, Wayne County, Michigan","0","11","0","11","0","11","0","11","0","11","0","11","0","11","0","11","0","11","0","11","0","11","0","11","0","11","0","11","0","11","0","11","0","11","0","11","0","11","0","11","0","11","0","11","0","11","0","11","0","11","0","11","0","11","0","11","0","11","-","**","-","**","-","**","-","**","-","**","-","**","-","**","-","**","-","**","-","**","0","11","-","**","-","**","-","**","-","**","-","**","-","**","0","11","-","**","-","**","-","**","-","**","-","**","-","**","-","**","-","**","-","**","-","**","-","**","-","**","-","**","-","**","-","**","-","**","(X)","(X)","-","**","-","**","-","**","-","**","-","**","-","**","-","**","-","**","-","**","-","**","-","**","-","**","-","**","-","**","-","**","-","**","-","**","-","**","-","**","-","**",
"1400000US26163983301","Census Tract 9833.01, Wayne County, Michigan","0","11","0","11","0","11","0","11","0","11","0","11","0","11","0","11","0","11","0","11","0","11","0","11","0","11","0","11","0","11","0","11","0","11","0","11","0","11","0","11","0","11","0","11","0","11","0","11","0","11","0","11","0","11","0","11","0","11","-","**","-","**","-","**","-","**","-","**","-","**","-","**","-","**","-","**","-","**","0","11","-","**","-","**","-","**","-","**","-","**","-","**","0","11","-","**","-","**","-","**","-","**","-","**","-","**","-","**","-","**","-","**","-","**","-","**","-","**","-","**","-","**","-","**","-","**","(X)","(X)","-","**","-","**","-","**","-","**","-","**","-","**","-","**","-","**","-","**","-","**","-","**","-","**","-","**","-","**","-","**","-","**","-","**","-","**","-","**","-","**",
"1400000US26163983302","Census Tract 9833.02, Wayne County, Michigan","0","11","0","11","0","11","0","11","0","11","0","11","0","11","0","11","0","11","0","11","0","11","0","11","0","11","0","11","0","11","0","11","0","11","0","11","0","11","0","11","0","11","0","11","0","11","0","11","0","11","0","11","0","11","0","11","0","11","-","**","-","**","-","**","-","**","-","**","-","**","-","**","-","**","-","**","-","**","0","11","-","**","-","**","-","**","-","**","-","**","-","**","0","11","-","**","-","**","-","**","-","**","-","**","-","**","-","**","-","**","-","**","-","**","-","**","-","**","-","**","-","**","-","**","-","**","(X)","(X)","-","**","-","**","-","**","-","**","-","**","-","**","-","**","-","**","-","**","-","**","-","**","-","**","-","**","-","**","-","**","-","**","-","**","-","**","-","**","-","**",
"1400000US26163983400","Census Tract 9834, Wayne County, Michigan","8","13","0","11","0","11","0","11","8","13","8","13","0","11","0","11","0","11","8","13","0","11","0","11","0","11","0","11","0","11","0","11","0","11","0","11","473","125","255","85","157","85","0","11","13","19","0","11","0","11","48","40","14","14","248","89","8","13","0.0","96.4","0.0","96.4","0.0","96.4","100.0","96.4","100.0","96.4","0.0","96.4","0.0","96.4","0.0","96.4","100.0","96.4","0.0","96.4","0","11","-","**","-","**","-","**","-","**","-","**","-","**","473","125","53.9","13.5","33.2","13.8","0.0","5.6","2.7","3.8","0.0","5.6","0.0","5.6","10.1","7.9","3.0","2.7","52.4","15.3","N","N","-","**","-","**","-","**","N","N","N","N","-","**","(X)","(X)","-","**","N","N","-","**","-","**","-","**","-","**","-","**","-","**","-","**","-","**","8887","4984","11909","9352","4588","2528","-","**","N","N","-","**","-","**","9060","5991","N","N","12185","9560",
"1400000US26163983600","Census Tract 9836, Wayne County, Michigan","0","11","0","11","0","11","0","11","0","11","0","11","0","11","0","11","0","11","0","11","0","11","0","11","0","11","0","11","0","11","0","11","0","11","0","11","0","11","0","11","0","11","0","11","0","11","0","11","0","11","0","11","0","11","0","11","0","11","-","**","-","**","-","**","-","**","-","**","-","**","-","**","-","**","-","**","-","**","0","11","-","**","-","**","-","**","-","**","-","**","-","**","0","11","-","**","-","**","-","**","-","**","-","**","-","**","-","**","-","**","-","**","-","**","-","**","-","**","-","**","-","**","-","**","-","**","(X)","(X)","-","**","-","**","-","**","-","**","-","**","-","**","-","**","-","**","-","**","-","**","-","**","-","**","-","**","-","**","-","**","-","**","-","**","-","**","-","**","-","**",
"1400000US26163983700","Census Tract 9837, Wayne County, Michigan","0","11","0","11","0","11","0","11","0","11","0","11","0","11","0","11","0","11","0","11","0","11","0","11","0","11","0","11","0","11","0","11","0","11","0","11","0","11","0","11","0","11","0","11","0","11","0","11","0","11","0","11","0","11","0","11","0","11","-","**","-","**","-","**","-","**","-","**","-","**","-","**","-","**","-","**","-","**","0","11","-","**","-","**","-","**","-","**","-","**","-","**","0","11","-","**","-","**","-","**","-","**","-","**","-","**","-","**","-","**","-","**","-","**","-","**","-","**","-","**","-","**","-","**","-","**","(X)","(X)","-","**","-","**","-","**","-","**","-","**","-","**","-","**","-","**","-","**","-","**","-","**","-","**","-","**","-","**","-","**","-","**","-","**","-","**","-","**","-","**",
"1400000US26163983800","Census Tract 9838, Wayne County, Michigan","0","11","0","11","0","11","0","11","0","11","0","11","0","11","0","11","0","11","0","11","0","11","0","11","0","11","0","11","0","11","0","11","0","11","0","11","0","11","0","11","0","11","0","11","0","11","0","11","0","11","0","11","0","11","0","11","0","11","-","**","-","**","-","**","-","**","-","**","-","**","-","**","-","**","-","**","-","**","0","11","-","**","-","**","-","**","-","**","-","**","-","**","0","11","-","**","-","**","-","**","-","**","-","**","-","**","-","**","-","**","-","**","-","**","-","**","-","**","-","**","-","**","-","**","-","**","(X)","(X)","-","**","-","**","-","**","-","**","-","**","-","**","-","**","-","**","-","**","-","**","-","**","-","**","-","**","-","**","-","**","-","**","-","**","-","**","-","**","-","**",
"1400000US26163983901","Census Tract 9839.01, Wayne County, Michigan","0","11","0","11","0","11","0","11","0","11","0","11","0","11","0","11","0","11","0","11","0","11","0","11","0","11","0","11","0","11","0","11","0","11","0","11","23","11","5","12","18","13","0","11","0","11","0","11","0","11","0","11","0","11","5","12","0","11","-","**","-","**","-","**","-","**","-","**","-","**","-","**","-","**","-","**","-","**","0","11","-","**","-","**","-","**","-","**","-","**","-","**","23","11","21.7","49.5","78.3","49.5","0.0","56.9","0.0","56.9","0.0","56.9","0.0","56.9","0.0","56.9","0.0","56.9","21.7","49.5","-","**","-","**","-","**","-","**","-","**","-","**","-","**","(X)","(X)","-","**","-","**","-","**","-","**","-","**","-","**","-","**","-","**","-","**","-","**","3891","4656","N","N","N","N","-","**","-","**","-","**","-","**","-","**","-","**","N","N",
"1400000US26163983902","Census Tract 9839.02, Wayne County, Michigan","0","11","0","11","0","11","0","11","0","11","0","11","0","11","0","11","0","11","0","11","0","11","0","11","0","11","0","11","0","11","0","11","0","11","0","11","0","11","0","11","0","11","0","11","0","11","0","11","0","11","0","11","0","11","0","11","0","11","-","**","-","**","-","**","-","**","-","**","-","**","-","**","-","**","-","**","-","**","0","11","-","**","-","**","-","**","-","**","-","**","-","**","0","11","-","**","-","**","-","**","-","**","-","**","-","**","-","**","-","**","-","**","-","**","-","**","-","**","-","**","-","**","-","**","-","**","(X)","(X)","-","**","-","**","-","**","-","**","-","**","-","**","-","**","-","**","-","**","-","**","-","**","-","**","-","**","-","**","-","**","-","**","-","**","-","**","-","**","-","**",
"1400000US26163983903","Census Tract 9839.03, Wayne County, Michigan","0","11","0","11","0","11","0","11","0","11","0","11","0","11","0","11","0","11","0","11","0","11","0","11","0","11","0","11","0","11","0","11","0","11","0","11","0","11","0","11","0","11","0","11","0","11","0","11","0","11","0","11","0","11","0","11","0","11","-","**","-","**","-","**","-","**","-","**","-","**","-","**","-","**","-","**","-","**","0","11","-","**","-","**","-","**","-","**","-","**","-","**","0","11","-","**","-","**","-","**","-","**","-","**","-","**","-","**","-","**","-","**","-","**","-","**","-","**","-","**","-","**","-","**","-","**","(X)","(X)","-","**","-","**","-","**","-","**","-","**","-","**","-","**","-","**","-","**","-","**","-","**","-","**","-","**","-","**","-","**","-","**","-","**","-","**","-","**","-","**",
"1400000US26163984100","Census Tract 9841, Wayne County, Michigan","0","11","0","11","0","11","0","11","0","11","0","11","0","11","0","11","0","11","0","11","0","11","0","11","0","11","0","11","0","11","0","11","0","11","0","11","0","11","0","11","0","11","0","11","0","11","0","11","0","11","0","11","0","11","0","11","0","11","-","**","-","**","-","**","-","**","-","**","-","**","-","**","-","**","-","**","-","**","0","11","-","**","-","**","-","**","-","**","-","**","-","**","0","11","-","**","-","**","-","**","-","**","-","**","-","**","-","**","-","**","-","**","-","**","-","**","-","**","-","**","-","**","-","**","-","**","(X)","(X)","-","**","-","**","-","**","-","**","-","**","-","**","-","**","-","**","-","**","-","**","-","**","-","**","-","**","-","**","-","**","-","**","-","**","-","**","-","**","-","**",
"1400000US26163984200","Census Tract 9842, Wayne County, Michigan","0","11","0","11","0","11","0","11","0","11","0","11","0","11","0","11","0","11","0","11","0","11","0","11","0","11","0","11","0","11","0","11","0","11","0","11","0","11","0","11","0","11","0","11","0","11","0","11","0","11","0","11","0","11","0","11","0","11","-","**","-","**","-","**","-","**","-","**","-","**","-","**","-","**","-","**","-","**","0","11","-","**","-","**","-","**","-","**","-","**","-","**","0","11","-","**","-","**","-","**","-","**","-","**","-","**","-","**","-","**","-","**","-","**","-","**","-","**","-","**","-","**","-","**","-","**","(X)","(X)","-","**","-","**","-","**","-","**","-","**","-","**","-","**","-","**","-","**","-","**","-","**","-","**","-","**","-","**","-","**","-","**","-","**","-","**","-","**","-","**",
"1400000US26163985000","Census Tract 9850, Wayne County, Michigan","0","11","0","11","0","11","0","11","0","11","0","11","0","11","0","11","0","11","0","11","0","11","0","11","0","11","0","11","0","11","0","11","0","11","0","11","0","11","0","11","0","11","0","11","0","11","0","11","0","11","0","11","0","11","0","11","0","11","-","**","-","**","-","**","-","**","-","**","-","**","-","**","-","**","-","**","-","**","0","11","-","**","-","**","-","**","-","**","-","**","-","**","0","11","-","**","-","**","-","**","-","**","-","**","-","**","-","**","-","**","-","**","-","**","-","**","-","**","-","**","-","**","-","**","-","**","(X)","(X)","-","**","-","**","-","**","-","**","-","**","-","**","-","**","-","**","-","**","-","**","-","**","-","**","-","**","-","**","-","**","-","**","-","**","-","**","-","**","-","**",
"1400000US26163985100","Census Tract 9851, Wayne County, Michigan","124","60","124","60","124","60","0","11","0","11","5","7","4","6","4","7","0","11","5","7","11","18","14","18","0","11","4","6","10","16","0","11","0","11","0","11","688","134","273","84","392","111","7","13","0","11","0","11","0","11","16","20","28","25","253","89","124","60","100.0","19.7","100.0","19.7","0.0","19.7","0.0","19.7","4.0","5.8","3.2","5.1","3.2","5.8","0.0","19.7","4.0","5.8","8.9","14.1","14","18","0.0","72.9","28.6","55.2","71.4","55.2","0.0","72.9","0.0","72.9","0.0","72.9","688","134","39.7","9.9","57.0","10.6","1.0","1.9","0.0","3.9","0.0","3.9","0.0","3.9","2.3","2.9","4.1","3.7","36.8","10.6","44231","13362","43136","13284","43136","13284","-","**","-","**","N","N","N","N","(X)","(X)","-","**","N","N","N","N","N","N","N","N","N","N","N","N","N","N","N","N","N","N","27044","14749","19681","6768","32479","24784","N","N","-","**","-","**","-","**","N","N","23629","13254","20037","7209",
"1400000US26163985200","Census Tract 9852, Wayne County, Michigan","0","11","0","11","0","11","0","11","0","11","0","11","0","11","0","11","0","11","0","11","0","11","0","11","0","11","0","11","0","11","0","11","0","11","0","11","0","11","0","11","0","11","0","11","0","11","0","11","0","11","0","11","0","11","0","11","0","11","-","**","-","**","-","**","-","**","-","**","-","**","-","**","-","**","-","**","-","**","0","11","-","**","-","**","-","**","-","**","-","**","-","**","0","11","-","**","-","**","-","**","-","**","-","**","-","**","-","**","-","**","-","**","-","**","-","**","-","**","-","**","-","**","-","**","-","**","(X)","(X)","-","**","-","**","-","**","-","**","-","**","-","**","-","**","-","**","-","**","-","**","-","**","-","**","-","**","-","**","-","**","-","**","-","**","-","**","-","**","-","**",
"1400000US26163985300","Census Tract 9853, Wayne County, Michigan","196","64","196","64","196","64","18","29","0","11","8","12","0","11","8","12","0","11","48","47","8","12","23","21","0","11","8","12","15","25","0","11","0","11","0","11","259","93","163","83","70","50","0","11","0","11","0","11","0","11","26","40","29","48","134","78","196","64","100.0","13.1","100.0","13.1","9.2","14.7","0.0","13.1","4.1","6.3","0.0","13.1","4.1","6.3","0.0","13.1","24.5","20.4","4.1","6.3","23","21","0.0","56.9","34.8","65.2","65.2","65.2","0.0","56.9","0.0","56.9","0.0","56.9","259","93","62.9","21.4","27.0","18.5","0.0","10.1","0.0","10.1","0.0","10.1","0.0","10.1","10.0","14.4","11.2","17.6","51.7","23.9","60045","11980","55794","11101","54995","11629","N","N","-","**","N","N","-","**","(X)","(X)","-","**","17050","3512","N","N","N","N","N","N","N","N","N","N","N","N","N","N","N","N","45728","15673","35912","17248","55730","22896","-","**","-","**","-","**","-","**","N","N","N","N","39275","22724",
"1400000US26163985400","Census Tract 9854, Wayne County, Michigan","8","5","4","5","4","5","0","11","8","5","0","11","0","11","0","11","0","11","4","5","4","4","4","5","0","11","0","11","0","11","0","11","4","5","0","11","21","18","12","8","0","11","0","11","9","11","0","11","0","11","0","11","0","11","12","8","8","5","50.0","50.0","50.0","50.0","0.0","96.4","100.0","96.4","0.0","96.4","0.0","96.4","0.0","96.4","0.0","96.4","50.0","50.0","50.0","50.0","4","5","0.0","100.0","0.0","100.0","0.0","100.0","0.0","100.0","100.0","100.0","0.0","100.0","21","18","57.1","22.1","0.0","59.5","0.0","59.5","42.9","22.1","0.0","59.5","0.0","59.5","0.0","59.5","0.0","59.5","57.1","22.1","N","N","N","N","N","N","-","**","N","N","-","**","-","**","(X)","(X)","-","**","N","N","N","N","N","N","N","N","N","N","N","N","N","N","N","N","N","N","27619","9294","36700","20821","-","**","-","**","N","N","-","**","-","**","-","**","-","**","36700","20821",
"1400000US26163985500","Census Tract 9855, Wayne County, Michigan","0","11","0","11","0","11","0","11","0","11","0","11","0","11","0","11","0","11","0","11","0","11","0","11","0","11","0","11","0","11","0","11","0","11","0","11","0","11","0","11","0","11","0","11","0","11","0","11","0","11","0","11","0","11","0","11","0","11","-","**","-","**","-","**","-","**","-","**","-","**","-","**","-","**","-","**","-","**","0","11","-","**","-","**","-","**","-","**","-","**","-","**","0","11","-","**","-","**","-","**","-","**","-","**","-","**","-","**","-","**","-","**","-","**","-","**","-","**","-","**","-","**","-","**","-","**","(X)","(X)","-","**","-","**","-","**","-","**","-","**","-","**","-","**","-","**","-","**","-","**","-","**","-","**","-","**","-","**","-","**","-","**","-","**","-","**","-","**","-","**",
"1400000US26163985600","Census Tract 9856, Wayne County, Michigan","0","11","0","11","0","11","0","11","0","11","0","11","0","11","0","11","0","11","0","11","0","11","0","11","0","11","0","11","0","11","0","11","0","11","0","11","0","11","0","11","0","11","0","11","0","11","0","11","0","11","0","11","0","11","0","11","0","11","-","**","-","**","-","**","-","**","-","**","-","**","-","**","-","**","-","**","-","**","0","11","-","**","-","**","-","**","-","**","-","**","-","**","0","11","-","**","-","**","-","**","-","**","-","**","-","**","-","**","-","**","-","**","-","**","-","**","-","**","-","**","-","**","-","**","-","**","(X)","(X)","-","**","-","**","-","**","-","**","-","**","-","**","-","**","-","**","-","**","-","**","-","**","-","**","-","**","-","**","-","**","-","**","-","**","-","**","-","**","-","**",
"1400000US26163985700","Census Tract 9857, Wayne County, Michigan","0","11","0","11","0","11","0","11","0","11","0","11","0","11","0","11","0","11","0","11","0","11","0","11","0","11","0","11","0","11","0","11","0","11","0","11","0","11","0","11","0","11","0","11","0","11","0","11","0","11","0","11","0","11","0","11","0","11","-","**","-","**","-","**","-","**","-","**","-","**","-","**","-","**","-","**","-","**","0","11","-","**","-","**","-","**","-","**","-","**","-","**","0","11","-","**","-","**","-","**","-","**","-","**","-","**","-","**","-","**","-","**","-","**","-","**","-","**","-","**","-","**","-","**","-","**","(X)","(X)","-","**","-","**","-","**","-","**","-","**","-","**","-","**","-","**","-","**","-","**","-","**","-","**","-","**","-","**","-","**","-","**","-","**","-","**","-","**","-","**",
"1400000US26163985800","Census Tract 9858, Wayne County, Michigan","0","11","0","11","0","11","0","11","0","11","0","11","0","11","0","11","0","11","0","11","0","11","0","11","0","11","0","11","0","11","0","11","0","11","0","11","0","11","0","11","0","11","0","11","0","11","0","11","0","11","0","11","0","11","0","11","0","11","-","**","-","**","-","**","-","**","-","**","-","**","-","**","-","**","-","**","-","**","0","11","-","**","-","**","-","**","-","**","-","**","-","**","0","11","-","**","-","**","-","**","-","**","-","**","-","**","-","**","-","**","-","**","-","**","-","**","-","**","-","**","-","**","-","**","-","**","(X)","(X)","-","**","-","**","-","**","-","**","-","**","-","**","-","**","-","**","-","**","-","**","-","**","-","**","-","**","-","**","-","**","-","**","-","**","-","**","-","**","-","**",
"1400000US26163985900","Census Tract 9859, Wayne County, Michigan","0","11","0","11","0","11","0","11","0","11","0","11","0","11","0","11","0","11","0","11","0","11","0","11","0","11","0","11","0","11","0","11","0","11","0","11","0","11","0","11","0","11","0","11","0","11","0","11","0","11","0","11","0","11","0","11","0","11","-","**","-","**","-","**","-","**","-","**","-","**","-","**","-","**","-","**","-","**","0","11","-","**","-","**","-","**","-","**","-","**","-","**","0","11","-","**","-","**","-","**","-","**","-","**","-","**","-","**","-","**","-","**","-","**","-","**","-","**","-","**","-","**","-","**","-","**","(X)","(X)","-","**","-","**","-","**","-","**","-","**","-","**","-","**","-","**","-","**","-","**","-","**","-","**","-","**","-","**","-","**","-","**","-","**","-","**","-","**","-","**",
"1400000US26163986100","Census Tract 9861, Wayne County, Michigan","0","11","0","11","0","11","0","11","0","11","0","11","0","11","0","11","0","11","0","11","0","11","0","11","0","11","0","11","0","11","0","11","0","11","0","11","0","11","0","11","0","11","0","11","0","11","0","11","0","11","0","11","0","11","0","11","0","11","-","**","-","**","-","**","-","**","-","**","-","**","-","**","-","**","-","**","-","**","0","11","-","**","-","**","-","**","-","**","-","**","-","**","0","11","-","**","-","**","-","**","-","**","-","**","-","**","-","**","-","**","-","**","-","**","-","**","-","**","-","**","-","**","-","**","-","**","(X)","(X)","-","**","-","**","-","**","-","**","-","**","-","**","-","**","-","**","-","**","-","**","-","**","-","**","-","**","-","**","-","**","-","**","-","**","-","**","-","**","-","**",
"1400000US26163986200","Census Tract 9862, Wayne County, Michigan","0","11","0","11","0","11","0","11","0","11","0","11","0","11","0","11","0","11","0","11","0","11","0","11","0","11","0","11","0","11","0","11","0","11","0","11","0","11","0","11","0","11","0","11","0","11","0","11","0","11","0","11","0","11","0","11","0","11","-","**","-","**","-","**","-","**","-","**","-","**","-","**","-","**","-","**","-","**","0","11","-","**","-","**","-","**","-","**","-","**","-","**","0","11","-","**","-","**","-","**","-","**","-","**","-","**","-","**","-","**","-","**","-","**","-","**","-","**","-","**","-","**","-","**","-","**","(X)","(X)","-","**","-","**","-","**","-","**","-","**","-","**","-","**","-","**","-","**","-","**","-","**","-","**","-","**","-","**","-","**","-","**","-","**","-","**","-","**","-","**",
"1400000US26163986300","Census Tract 9863, Wayne County, Michigan","0","11","0","11","0","11","0","11","0","11","0","11","0","11","0","11","0","11","0","11","0","11","0","11","0","11","0","11","0","11","0","11","0","11","0","11","0","11","0","11","0","11","0","11","0","11","0","11","0","11","0","11","0","11","0","11","0","11","-","**","-","**","-","**","-","**","-","**","-","**","-","**","-","**","-","**","-","**","0","11","-","**","-","**","-","**","-","**","-","**","-","**","0","11","-","**","-","**","-","**","-","**","-","**","-","**","-","**","-","**","-","**","-","**","-","**","-","**","-","**","-","**","-","**","-","**","(X)","(X)","-","**","-","**","-","**","-","**","-","**","-","**","-","**","-","**","-","**","-","**","-","**","-","**","-","**","-","**","-","**","-","**","-","**","-","**","-","**","-","**",
"1400000US26163986400","Census Tract 9864, Wayne County, Michigan","15","26","15","26","15","26","0","11","0","11","0","11","0","11","0","11","0","11","0","11","0","11","15","26","0","11","0","11","15","26","0","11","0","11","0","11","45","73","30","50","15","24","0","11","0","11","0","11","0","11","0","11","0","11","30","50","15","26","100.0","70.4","100.0","70.4","0.0","70.4","0.0","70.4","0.0","70.4","0.0","70.4","0.0","70.4","0.0","70.4","0.0","70.4","0.0","70.4","15","26","0.0","70.4","0.0","70.4","100.0","70.4","0.0","70.4","0.0","70.4","0.0","70.4","45","73","66.7","5.3","33.3","5.3","0.0","40.7","0.0","40.7","0.0","40.7","0.0","40.7","0.0","40.7","0.0","40.7","66.7","5.3","N","N","N","N","N","N","-","**","-","**","-","**","-","**","(X)","(X)","-","**","-","**","-","**","N","N","N","N","N","N","N","N","N","N","N","N","N","N","36742","2341","N","N","N","N","-","**","-","**","-","**","-","**","-","**","-","**","N","N",
"1400000US26163986501","Census Tract 9865.01, Wayne County, Michigan","0","11","0","11","0","11","0","11","0","11","0","11","0","11","0","11","0","11","0","11","0","11","0","11","0","11","0","11","0","11","0","11","0","11","0","11","0","11","0","11","0","11","0","11","0","11","0","11","0","11","0","11","0","11","0","11","0","11","-","**","-","**","-","**","-","**","-","**","-","**","-","**","-","**","-","**","-","**","0","11","-","**","-","**","-","**","-","**","-","**","-","**","0","11","-","**","-","**","-","**","-","**","-","**","-","**","-","**","-","**","-","**","-","**","-","**","-","**","-","**","-","**","-","**","-","**","(X)","(X)","-","**","-","**","-","**","-","**","-","**","-","**","-","**","-","**","-","**","-","**","-","**","-","**","-","**","-","**","-","**","-","**","-","**","-","**","-","**","-","**",
"1400000US26163986502","Census Tract 9865.02, Wayne County, Michigan","0","11","0","11","0","11","0","11","0","11","0","11","0","11","0","11","0","11","0","11","0","11","0","11","0","11","0","11","0","11","0","11","0","11","0","11","0","11","0","11","0","11","0","11","0","11","0","11","0","11","0","11","0","11","0","11","0","11","-","**","-","**","-","**","-","**","-","**","-","**","-","**","-","**","-","**","-","**","0","11","-","**","-","**","-","**","-","**","-","**","-","**","0","11","-","**","-","**","-","**","-","**","-","**","-","**","-","**","-","**","-","**","-","**","-","**","-","**","-","**","-","**","-","**","-","**","(X)","(X)","-","**","-","**","-","**","-","**","-","**","-","**","-","**","-","**","-","**","-","**","-","**","-","**","-","**","-","**","-","**","-","**","-","**","-","**","-","**","-","**",
"1400000US26163986600","Census Tract 9866, Wayne County, Michigan","0","11","0","11","0","11","0","11","0","11","0","11","0","11","0","11","0","11","0","11","0","11","0","11","0","11","0","11","0","11","0","11","0","11","0","11","0","11","0","11","0","11","0","11","0","11","0","11","0","11","0","11","0","11","0","11","0","11","-","**","-","**","-","**","-","**","-","**","-","**","-","**","-","**","-","**","-","**","0","11","-","**","-","**","-","**","-","**","-","**","-","**","0","11","-","**","-","**","-","**","-","**","-","**","-","**","-","**","-","**","-","**","-","**","-","**","-","**","-","**","-","**","-","**","-","**","(X)","(X)","-","**","-","**","-","**","-","**","-","**","-","**","-","**","-","**","-","**","-","**","-","**","-","**","-","**","-","**","-","**","-","**","-","**","-","**","-","**","-","**",
"1400000US26163987000","Census Tract 9870, Wayne County, Michigan","0","11","0","11","0","11","0","11","0","11","0","11","0","11","0","11","0","11","0","11","0","11","0","11","0","11","0","11","0","11","0","11","0","11","0","11","0","11","0","11","0","11","0","11","0","11","0","11","0","11","0","11","0","11","0","11","0","11","-","**","-","**","-","**","-","**","-","**","-","**","-","**","-","**","-","**","-","**","0","11","-","**","-","**","-","**","-","**","-","**","-","**","0","11","-","**","-","**","-","**","-","**","-","**","-","**","-","**","-","**","-","**","-","**","-","**","-","**","-","**","-","**","-","**","-","**","(X)","(X)","-","**","-","**","-","**","-","**","-","**","-","**","-","**","-","**","-","**","-","**","-","**","-","**","-","**","-","**","-","**","-","**","-","**","-","**","-","**","-","**",
"1400000US26163990100","Census Tract 9901, Wayne County, Michigan","0","11","0","11","0","11","0","11","0","11","0","11","0","11","0","11","0","11","0","11","0","11","0","11","0","11","0","11","0","11","0","11","0","11","0","11","0","11","0","11","0","11","0","11","0","11","0","11","0","11","0","11","0","11","0","11","0","11","-","**","-","**","-","**","-","**","-","**","-","**","-","**","-","**","-","**","-","**","0","11","-","**","-","**","-","**","-","**","-","**","-","**","0","11","-","**","-","**","-","**","-","**","-","**","-","**","-","**","-","**","-","**","-","**","-","**","-","**","-","**","-","**","-","**","-","**","(X)","(X)","-","**","-","**","-","**","-","**","-","**","-","**","-","**","-","**","-","**","-","**","-","**","-","**","-","**","-","**","-","**","-","**","-","**","-","**","-","**","-","**",
"1400000US26163990200","Census Tract 9902, Wayne County, Michigan","0","11","0","11","0","11","0","11","0","11","0","11","0","11","0","11","0","11","0","11","0","11","0","11","0","11","0","11","0","11","0","11","0","11","0","11","0","11","0","11","0","11","0","11","0","11","0","11","0","11","0","11","0","11","0","11","0","11","-","**","-","**","-","**","-","**","-","**","-","**","-","**","-","**","-","**","-","**","0","11","-","**","-","**","-","**","-","**","-","**","-","**","0","11","-","**","-","**","-","**","-","**","-","**","-","**","-","**","-","**","-","**","-","**","-","**","-","**","-","**","-","**","-","**","-","**","(X)","(X)","-","**","-","**","-","**","-","**","-","**","-","**","-","**","-","**","-","**","-","**","-","**","-","**","-","**","-","**","-","**","-","**","-","**","-","**","-","**","-","**",
